no,reviewId,reviewForm,rating,body,reviewDate,visitDate,createdRaw,visitedRaw,visitCount,reviewer,originType,votedKeywords,reply,replyCreated
1,6a965ef739fd11e80e405af9,텍스트·콘텐츠형,5,"ì¬ê¸°ë ì¬íë§ì§ë§ë  ì ëìê³  ì¤ì¸ì.
ì°íê³  ë¬µì§íê³  ë§µì¹í ë°ì§ë½ì¡ìê°
ì¼ì£¼ì¼ì¹ ìì·¨ë¥¼ ë ë ¤ì¤ëë¤.
ë´ì¥íì íë£¨ 30ê·¸ë¦ íì ì´ë¼ ì¼ì° ë°©ë¬¸íìê¸° ë°ë¼ë©°
ë°ì§ë½ê³ ê¸°ìì ë§ìì¼ë ê¼­ ì¶ê°íì¸ì.",2026-09-01,2026-09-01,9.1.í,9.1.í,1,,ììì¦,ììì´ ë§ìì´ì | ì¬ë£ê° ì ì í´ì | ìì´ ë§ìì | í¹ë³í ë©ë´ê° ìì´ì | ê°ì±ë¹ê° ì¢ìì,,
2,6a963dedbed439e3d35948e8,텍스트·콘텐츠형,5,"ê³¨íì¥ ê·¼ì²ê³  ë§ì§ì´ë¤ì.
ì¬ë°©ë¬¸ê° ìëë¤",2026-09-01,2026-09-01,9.1.í,9.1.í,1,,ììì¦,ììì´ ë§ìì´ì | ì¬ë£ê° ì ì í´ì | ìì´ ë§ìì | í¼ë°¥íê¸° ì¢ìì | ë§¤ì¥ì´ ëì´ì,,
3,6a94f76a49025f37ecec611d,텍스트·콘텐츠형,5,ëë¬´ë§ììì´ì í¼ììëë° ì¹ì íê² ì ìëí´ì£¼ìê· ìì£¼ì¤ê² ìµëë¤ ãã,2026-08-31,2026-08-31,8.31.ì,8.31.ì,1,,ììì¦,ììì´ ë§ìì´ì | ë¨ì²´ëª¨ì íê¸° ì¢ìì | ì¸íë¦¬ì´ê° ë©ì ¸ì | ì¹ì í´ì | ë§¤ì¥ì´ ì²­ê²°í´ì,,
4,6a94e91eb1914f53de044aa9,텍스트·콘텐츠형,5,"ì½ë¬¸ì ì´ì©í´ ìë¹ë°©ë¬¸íì´ì^^
íìí´ì¥êµ­ì¢ìíëë° ì´ê³³ ë°ì§ë½í´ì¥êµ­ì ììê¼½ìì ëë¡ë§ìë¤ì  ì  ë°ì§ë½ ë´ì¥íìë¨¹ìëë° ìì§ì²ìëë¤
ë§ëí¥ì´ì¢ê³  ë°ì°¬ì´ ì ê°íê³  ì´ê³³ììë§ë¨¹ìììëë°ì°¬ì´ìì íìì¤ìë©´ ë¤ë¤ ë¤ë¬ì ë§ë³´ìê¸¸~~",2026-08-31,2026-08-31,8.31.ì,8.31.ì,1,,ììì¦,ììì´ ë§ìì´ì | ì¬ë£ê° ì ì í´ì | ì£¼ì°¨íê¸° í¸í´ì | ì¹ì í´ì | ì¢ìì´ í¸í´ì,,
5,6a93ba3c4e3d16b7af3c52e2,텍스트·콘텐츠형,5,ì£¼ë§ì´ë¼ ì¨ì´íì ì¤ëíê¸´íì§ë§ ì ë¨¹ì ë¤ìë  í´ì¥íê¸° ë±ì¢ìì. ì¹¼ì¹¼í´ì í´ì¥ì ìµê³ !!,2026-08-30,2026-08-30,8.30.ì¼,8.30.ì¼,1,,ììì¦,ììì´ ë§ìì´ì | í¹ë³í ë©ë´ê° ìì´ì | ì»¤í¼ê° ë§ìì´ì,,
6,6a93b3520b8fde31776d3859,텍스트·콘텐츠형,5,ê¸°ë¤ë¦°ë³´ëì´ ëê»´ì§ë ë§ì´ë¤ì~! ì ë§ ë§ìê² ì ë¨¹ììµëë¤~ë¤ìì ë ì¬ê²ì~,2026-08-30,2026-08-30,8.30.ì¼,8.30.ì¼,1,,ììì¦,ììì´ ë§ìì´ì | ì¬ë£ê° ì ì í´ì | ìì´ ë§ìì | ì¹ì í´ì,,
7,6a93b1cdeb885880973db86e,텍스트·콘텐츠형,5,"ë°ì§ë½í´ì¥êµ­ì ì²ì ë¨¹ì´ë´¤ëë°
ëë¬´ ììíê³  ë§ììì´ì
ë ì¬ê²ì:)",2026-08-30,2026-08-30,8.30.ì¼,8.30.ì¼,1,,ììì¦,ììì´ ë§ìì´ì | ì¬ë£ê° ì ì í´ì | ìì´ ë§ìì | í¹ë³í ë©ë´ê° ìì´ì,,
8,6a93ae379e2c51089d6dcc13,텍스트·콘텐츠형,5,"ë§ìì´ì, ì ë¨¹ììµëë¤.",2026-08-30,2026-08-30,8.30.ì¼,8.30.ì¼,1,,ê²°ì ë´ì­,ììì´ ë§ìì´ì,,
9,6a93a15149025f37ec3a713c,텍스트·콘텐츠형,5,íììì ë§ì§ ì°¾ê¸° ì½ì§ ììë° ì¬ê¸°ê° ì° ë§ì§,2026-08-30,2026-08-30,8.30.ì¼,8.30.ì¼,1,,ììì¦,ììì´ ë§ìì´ì | ì¬ë£ê° ì ì í´ì | ìì´ ë§ìì | í¹ë³í ë©ë´ê° ìì´ì | ë§¤ì¥ì´ ëì´ì,,
10,6a93ae1902b093cfa82703ff,텍스트·콘텐츠형,5,ë°ì§ë½ì¥ì´ ë§ììì´ì í´ì¥êµ­ë ììíê³  ì£¼ë§ íìê° íë¤ìì§ë§ ê·¸ëë ë§ìë¤ì! ë¤ìì ë ì¬ê²ì ð,2026-08-30,2026-08-30,8.30.ì¼,8.30.ì¼,1,,ììì¦,ììì´ ë§ìì´ì | ì¬ë£ê° ì ì í´ì | ìì´ ë§ìì | í¹ë³í ë©ë´ê° ìì´ì,,
11,6a93972a5f2d562ec354e827,텍스트·콘텐츠형,5,바지락장도맛있고 해장국도 맛있어서 다음에 놀러오면 꼭올거에요,2026-08-30,2026-08-30,8.30.일,8.30.일,1,goo****,영수증,음식이 맛있어요 | 재료가 신선해요 | 양이 많아요 | 특별한 메뉴가 있어요,,
12,6a938b4e865eebd6281ad239,텍스트·콘텐츠형,5,"검색으로만 와서 먹었는데 사람도 많고 맛집 인정입니다
다음에 재방문 할래욧",2026-08-30,2026-08-30,8.30.일,8.30.일,1,가지푸사랑,영수증,음식이 맛있어요 | 재료가 신선해요 | 양이 많아요 | 매장이 넓어요 | 주차하기 편해요,,
13,6a9378396896abe1529b9ced,텍스트·콘텐츠형,5,유명하다고 해서 와봤는데 맛있어요 반찬이 정갈하고 깔끔하게 잘 나와요 약간 매콥하긴 하지만 매워서 못먹을정도는 아니에요 뜩히 완자 맛있습니다!!,2026-08-30,2026-08-30,8.30.일,8.30.일,1,김도이56,영수증,음식이 맛있어요 | 재료가 신선해요 | 양이 많아요 | 매장이 청결해요,,
14,6a926a6c183308e411ac4269,텍스트·콘텐츠형,5,"태안쪽 오면 맨날 먹을게 비슷비슷한데 여기 너무 색다른 메뉴인데 얼큰하고 너무 좋네요 맛있어요 엄청 깔끔하고~! 바지락 고기완자 후추맛 안나도 돈까스 소스 주셔서 아이가 너무 잘먹었어요~
반찬도 다 맛있고 강추입니다~",2026-08-29,2026-08-29,8.29.토,8.29.토,1,콩님58,영수증,음식이 맛있어요 | 특별한 메뉴가 있어요 | 주차하기 편해요 | 매장이 청결해요 | 친절해요,,
15,6a924d3dfe8aac848297fc54,텍스트·콘텐츠형,5,태안 오면 필수 코스입니다!! 시원하고 뜨끈하고 해장으로 최고에요!! 시래기밥도 맛있어서 완뚝했어요!!,2026-08-29,2026-08-29,8.29.토,8.29.토,1,팽쥬,영수증,음식이 맛있어요 | 양이 많아요 | 특별한 메뉴가 있어요,,
16,6a924c97a2353e2288f15f39,텍스트·콘텐츠형,3.5,깔끔하고 맛있어요 굳 입니다~~~,2026-08-29,2026-08-29,8.29.토,8.29.토,1,정우맘4176,영수증,음식이 맛있어요 | 재료가 신선해요 | 인테리어가 멋져요 | 매장이 넓어요 | 친절해요,,
17,6a9247e19c6334572252fe10,텍스트·콘텐츠형,5,"태안 해장의성지 # 태안바지락해장국 
태안의 필수코스 맛있게 잘 먹었습니다~~^^",2026-08-29,2026-08-29,8.29.토,8.29.토,1,미련곰탱67,영수증,음식이 맛있어요 | 재료가 신선해요 | 양이 많아요 | 특별한 메뉴가 있어요 | 건강한 맛이에요,,
18,6a9244c0571fd456122514b9,텍스트·콘텐츠형,5,,2026-08-29,2026-08-29,8.29.토,8.29.토,1,쿵다람,영수증,음식이 맛있어요 | 인테리어가 멋져요,,
19,6a9239f4a9a0019c20858be5,텍스트·콘텐츠형,5,"오늘 처음 왔는데 너무 맛있었어요
다음에 다시 올게요😊",2026-08-29,2026-08-29,8.29.토,8.29.토,1,감자동동동동,영수증,음식이 맛있어요 | 재료가 신선해요 | 양이 많아요 | 특별한 메뉴가 있어요,,
20,6a922717f8e1c6abba0f4ef1,텍스트·콘텐츠형,5,"멱어본 내장탕 탑 안에 들어요!!!
곱창이랑 바지락 가득하구 맛집 이유 딱 알겠는💓",2026-08-29,2026-08-29,8.29.토,8.29.토,1,jlo****,영수증,음식이 맛있어요 | 인테리어가 멋져요,,
21,6a9225d7a74f2c92da44ec7f,텍스트·콘텐츠형,5,"유명맛집이라고 방문했어요
바지락해장국 처음이지만 맛나서 담기회가 된다면 다시 방문하고파요",2026-08-29,2026-08-29,8.29.토,8.29.토,1,샤샤3764,영수증,음식이 맛있어요 | 양이 많아요 | 특별한 메뉴가 있어요 | 매장이 넓어요 | 친절해요,,
22,6a921ffd20e2a1ba88200a91,텍스트·콘텐츠형,5,"평이 좋아 와봤는데 역시나 맛있어요
얼큰하니 진한게 넘 별미에요
아가는 완자 먹기 좋습니당
아침인데도 손님들로 가득하네요
담에 또 올게요!",2026-08-29,2026-08-29,8.29.토,8.29.토,1,추무추무,영수증,음식이 맛있어요 | 재료가 신선해요 | 양이 많아요 | 특별한 메뉴가 있어요 | 인테리어가 멋져요,,
23,6a921ad4cf54b5fa1aaeeaba,텍스트·콘텐츠형,4,이른 아침에 여는 곳이라 큰기대없이갔는데 아이들 먹기좋게 배려해주시고  맛있게  잘 먹고 갑니다 ~~,2026-08-29,2026-08-29,8.29.토,8.29.토,1,숙명 더 피아노,영수증,음식이 맛있어요 | 재료가 신선해요 | 양이 많아요,,
24,6a910785c9d65c5f990dc7f2,텍스트·콘텐츠형,5,음식이 색다르고 맛있어요,2026-08-28,2026-08-28,8.28.금,8.28.금,1,쿠야ㅡ미르,영수증,음식이 맛있어요,,
25,6a9103a879377404b4e1b784,텍스트·콘텐츠형,5,바지락은 칼국수만 먹어봤지 해장국은 처음먹어봐요. 태안 유명 맛집이더라고!! 바지락해장국에 바지락이 진짜 엄청 많습니다!! 그리고 굳물이 진짜 진해요!! 한 입 먹고 친구랑 저랑 둘다 와.. 감탄햤급니다!! 그리고 바지락장에 비벼먹는 시레기밥 진짜 맛있습니더! 태안 맛집 맞어요~~!!,2026-08-28,2026-08-28,8.28.금,8.28.금,1,lil****,영수증,음식이 맛있어요 | 재료가 신선해요 | 양이 많아요 | 친절해요 | 매장이 청결해요,,
26,6a96ea4ab945a42cf760a218,텍스트·콘텐츠형,5,매일 한정 메뉴 바지락내장탕 잘먹었습니다,2026-09-02,2026-08-28,9.2.수,8.28.금,1,김까다로이,영수증,특별한 메뉴가 있어요 | 사진이 잘 나와요 | 주차하기 편해요 | 음식이 빨리 나와요,,
27,6a8e6653c4522e3dd5dbe778,텍스트·콘텐츠형,5,"바지락해장국, 내장해장국 모두 정말 맛있어요 가까운데 있으면 자주 와서 먹고싶을 정도예요
태안 오시면 꼭 한번 드셔보시길요",2026-08-26,2026-08-26,8.26.수,8.26.수,1,녹차라떼47,영수증,음식이 맛있어요,,
28,6a8e36e3a5080d9c487b8de8,텍스트·콘텐츠형,5,"아침에 우연히 방문한 맛집
정말 정말 맛있어요",2026-08-26,2026-08-26,8.26.수,8.26.수,1,사자머리12,영수증,음식이 맛있어요 | 인테리어가 멋져요 | 매장이 청결해요,,
29,6a8e3b9cf9a7e710355bf0c8,텍스트·콘텐츠형,5,,2026-08-26,2026-08-26,8.26.수,8.26.수,1,hanaro35,영수증,음식이 맛있어요 | 재료가 신선해요 | 양이 많아요 | 매장이 넓어요 | 단체모임 하기 좋아요,,
30,6a8d0e0a79e9f9099cf34502,텍스트·콘텐츠형,5,어제 방문 했다가 재료 소진으로 못 먹어서 다음날 다시 와서 먹었어요 얼큰 하니 바지락도 많이 들어가고 맛있어요 음식도 빨리 나와요 굳,2026-08-25,2026-08-25,8.25.화,8.25.화,1,da****,영수증,음식이 맛있어요 | 특별한 메뉴가 있어요,,
31,6a8ceccd09a37209bc54b1f4,텍스트·콘텐츠형,5,"여행온겸 해서 왔습니다
정말 맛있어요 바지락도 실하게 양많이 들어있구용?! 
엄청 맛있어요 수도권살아서 근처 지나갈때나 태안에 오면 꼭 올 것 같아요",2026-08-25,2026-08-25,8.25.화,8.25.화,1,원숭222,영수증,음식이 맛있어요 | 재료가 신선해요 | 친절해요 | 매장이 청결해요,,
32,6a8bc4fec5501aac7ffbd4b8,텍스트·콘텐츠형,3.5,태안 여행 초입시 충전 후 시작하기 좋당! 바지락 양 많고 굿!!,2026-08-24,2026-08-24,8.24.월,8.24.월,1,파워콩콩,영수증,가성비가 좋아요 | 특별한 메뉴가 있어요 | 혼밥하기 좋아요 | 매장이 넓어요 | 주차하기 편해요,,
33,6a8baac0b6bd85f737f064b3,텍스트·콘텐츠형,5,"유명하다고 해서와봤는데 너무맛있어요!
시래기밥 나오는거도 너무좋네요!",2026-08-24,2026-08-24,8.24.월,8.24.월,1,aitchu,영수증,음식이 맛있어요 | 양이 많아요 | 특별한 메뉴가 있어요,,
34,6a8ba950a5cd6d27847342ad,텍스트·콘텐츠형,5,"너무 맛있어요~~ 부모님 아이
모두 완밥했습니다~~",2026-08-24,2026-08-24,8.24.월,8.24.월,1,기다림757,영수증,음식이 맛있어요 | 양이 많아요 | 특별한 메뉴가 있어요 | 매장이 넓어요,,
35,6a8a80666a0ba22b1f36c3d2,텍스트·콘텐츠형,5,"태안 여행 갔다가 바지락해장국 먹으러 방문했어요 😊
바지락이 정말 푸짐하게 들어있고 국물도 얼큰하고 시원해서 속이 확 풀리는 맛이었어요!
특히 시래기밥에 바지락장 넣어서 같이 먹으니까 너무 맛있더라고요 👍🏻
반찬도 깔끔하게 나오고 전체적으로 든든하게 한 끼 먹기 좋았어요.
태안에서 아침이나 점심으로 뜨끈한 국물 찾으시는 분들께 추천해요!
다음에 태안 오면 또 먹으러 올 것 같아요 😊",2026-08-23,2026-08-23,8.23.일,8.23.일,1,빛이나는 유,영수증,음식이 맛있어요 | 양이 많아요 | 특별한 메뉴가 있어요 | 재료가 신선해요,,
36,6a8a7b552c9d1e5e2d3e6f85,텍스트·콘텐츠형,5,태안여행 첫날 맛난거 먹어서 기분이 좋아짐요,2026-08-23,2026-08-23,8.23.일,8.23.일,1,VlasT,영수증,음식이 맛있어요 | 양이 많아요 | 재료가 신선해요 | 화장실이 깨끗해요 | 주차하기 편해요,,
37,6a8a6dc9c7f965c6e6976394,텍스트·콘텐츠형,5,가족이랑 함께 방문했어요~ 너무 맛있게 먹고갑니다!,2026-08-23,2026-08-23,8.23.일,8.23.일,1,선봄,영수증,음식이 맛있어요 | 특별한 메뉴가 있어요 | 매장이 넓어요 | 매장이 청결해요,,
38,6a8a656fade31d514cf3500a,텍스트·콘텐츠형,5,"강원도 양양의 황태해장국을 통해 알게되었어요. 너무 맛있어서 태안점도 꼭 와보고싶어 여행길에 들럿습니다.
바지락도 푸짐하고 모래하나 안씹히고 너무 좋네요~
잘 먹고갑니다!",2026-08-23,2026-08-23,8.23.일,8.23.일,1,yhj****,영수증,음식이 맛있어요 | 재료가 신선해요 | 친절해요 | 매장이 청결해요,,
39,6a8a5f1acaea3313f1248744,텍스트·콘텐츠형,5,"태안쪽놀러오면 죄다 게국지나 칼국수뿐이였는데..  처음먹어봐요 바지락해장국 진짜 맛있습니다
뭔가 해물 짬뽕같으면서도 깔끔한데 가벼운맛이아니예요 고기해장국 같은맛도 남!!!
바지락장도 맛있고 시래기장도 맛있네요 ㅠㅠ 또올거예요!!!!",2026-08-23,2026-08-23,8.23.일,8.23.일,1,mo****,영수증,음식이 맛있어요 | 재료가 신선해요 | 양이 많아요 | 특별한 메뉴가 있어요,,
40,6a8a5e823dd6c04163b4221b,텍스트·콘텐츠형,5,"맛있게 잘 먹구갑니당~
다음에 또 놀러오면 재방문 의사 있습니당
감사합니당",2026-08-23,2026-08-23,8.23.일,8.23.일,1,koer1278,영수증,음식이 맛있어요 | 재료가 신선해요 | 양이 많아요 | 매장이 넓어요 | 친절해요,,
41,6a8a5c30037e1ebe1512169c,텍스트·콘텐츠형,4.5,해장국 너무너무 맛있어요!! 웨이팅흐고 먹어도 될맛!,2026-08-23,2026-08-23,8.23.일,8.23.일,1,dnd****,영수증,음식이 맛있어요 | 재료가 신선해요 | 양이 많아요,,
42,6a8a4f9534f96ebe690e13db,텍스트·콘텐츠형,5,친구들이랑 태안여행와서 아주 맛있게 잘 먹고갑니다!,2026-08-23,2026-08-23,8.23.일,8.23.일,1,ppk****,영수증,음식이 맛있어요 | 양이 많아요 | 매장이 넓어요 | 친절해요 | 매장이 청결해요,,
43,6a8a4f332fe2a055ae859a64,텍스트·콘텐츠형,5,태안 여행하면서 들렀는데 기대 이상으로 맛있었어요! 바지락이 푸짐하게 들어있고 국물이 칼칼하면서도 시원해서 속이 확 풀리는 느낌이었습니다. 특히 시래기밥에 바지락장 넣어서 같이 먹으니까 정말 잘 어울렸어요. 주차장도 넓어서 편했고 매장도 깔끔해서 가족끼리 방문하기 좋았습니다. 태안에서 아침이나 해장할 곳 찾으신다면 추천하고 싶어요! 다음에 태안 오면 또 방문할 것 같습니다 😊,2026-08-23,2026-08-23,8.23.일,8.23.일,1,addfggfx,영수증,음식이 맛있어요 | 재료가 신선해요 | 양이 많아요 | 특별한 메뉴가 있어요 | 매장이 넓어요,,
44,6a8a48b8d8cd38966f437b8a,텍스트·콘텐츠형,5,두번째 방문입니다. 태안올때마다 들려야겠어요 너무 맛있어여,2026-08-23,2026-08-23,8.23.일,8.23.일,1,웁스3122,영수증,음식이 맛있어요 | 재료가 신선해요 | 양이 많아요,,
45,6a8a40edd1f2919d72d72ccd,텍스트·콘텐츠형,5,"진짜맛있어서 리뷰써요
또올래요 태안여행성공  남자사장님친절해요
바지락신선 마늘도 막 ~",2026-08-23,2026-08-23,8.23.일,8.23.일,1,피아노65,영수증,음식이 맛있어요 | 재료가 신선해요 | 매장이 넓어요 | 친절해요,,
46,6a8a3dbd8586571126cb02b6,텍스트·콘텐츠형,5,"역시 맛집답게  맛있게 먹방하고 갑니다!! 
아침 일찍 열어서 일찍부터 먹을 수 있었어요~
강추입니다👏👏👏",2026-08-23,2026-08-23,8.23.일,8.23.일,1,냐아오오오오웅,영수증,음식이 맛있어요 | 친절해요 | 매장이 청결해요,,
47,6a8a2ed0dd7ca9c12c672425,텍스트·콘텐츠형,5,국물이 칼칼하고 시원해서 해장하기 좋았어요! 바지락도 양 괜찮게 들어있고 아침에 든든하게 잘 먹었습니다 😊,2026-08-23,2026-08-23,8.23.일,8.23.일,1,Nana12o2,영수증,음식이 맛있어요 | 재료가 신선해요 | 양이 많아요 | 매장이 넓어요 | 매장이 청결해요,,
48,6a892d49bd07fa93fdd757d5,텍스트·콘텐츠형,5,"해장의 성지라는 말에 걸맞게 진짜..너무 칼칼하고 시원했어요! 해장국 뿐아니라 반찬, 밥 하나하나 정성이 들어간 맛이었습니다 :) 태안 들리신다면 꼭 들려야하는곳 !! 추천합니당 ㅎㅎ",2026-08-22,2026-08-22,8.22.토,8.22.토,1,CZ STELA,영수증,음식이 맛있어요 | 재료가 신선해요 | 특별한 메뉴가 있어요 | 매장이 넓어요,,
49,6a89171b14352849dddd2453,텍스트·콘텐츠형,5,가족여행으로 태안 와서 맛있게 먹었어요!,2026-08-22,2026-08-22,8.22.토,8.22.토,1,ansdudchl93,영수증,음식이 맛있어요 | 재료가 신선해요 | 양이 많아요,,
50,6a88fc3bdc8197a5d364f6e2,텍스트·콘텐츠형,5,"태안여행 올 때마다 먹어요
위치가 태안 초입이라 여행 시작하면서 먹기 좋아요
칼칼하고 1인1식 주문 시 시래기밥 추가도 가능해요
매장도 청결하고 시원하고 넓찍해서 가족들 오기도 괜찮아요 일단 맛있으니 추천^^",2026-08-22,2026-08-22,8.22.토,8.22.토,1,204612,영수증,음식이 맛있어요 | 양이 많아요 | 특별한 메뉴가 있어요 | 인테리어가 멋져요 | 매장이 넓어요,,
51,6a88e37958f0d121e88da6c0,텍스트·콘텐츠형,5,"해장국 너무 맛있습니다
담에  또 올 확률 100프로 입니다",2026-08-22,2026-08-22,8.22.토,8.22.토,1,dae****,결제내역,음식이 맛있어요 | 인테리어가 멋져요 | 매장이 넓어요 | 화장실이 깨끗해요 | 주차하기 편해요,,
52,6a88e0dd40a1c58f628b23e5,텍스트·콘텐츠형,5,"웨이팅이 길어도 꼭 먹어야하는 맛집.
완뚝했습니다.",2026-08-22,2026-08-22,8.22.토,8.22.토,1,밥뚱땡이,영수증,음식이 맛있어요 | 재료가 신선해요 | 인테리어가 멋져요 | 매장이 넓어요 | 혼밥하기 좋아요,,
53,6a87d24647a29ea9f47cd6d7,텍스트·콘텐츠형,5,"깔끔하고  국물이 진하고 맛있어요
다시 생각날집입니다",2026-08-21,2026-08-21,8.21.금,8.21.금,1,rab****,영수증,음식이 맛있어요 | 재료가 신선해요 | 양이 많아요,,
54,6a87c86deb6d0bcb89edcef4,텍스트·콘텐츠형,5,"목요일 방문 했다가 휴무라 다음날 다시 방문했는데, 대디가 쫌 있었네요~ 맛집이라 그런거~ 개별로 나오는데 깔끔하고 맛있네요~*^^* 다음에 또 방문 각!!",2026-08-21,2026-08-21,8.21.금,8.21.금,1,고소미14,영수증,음식이 맛있어요 | 특별한 메뉴가 있어요 | 매장이 넓어요 | 친절해요 | 주차하기 편해요,,
55,6a87bd8a40a1c58f620fbb84,텍스트·콘텐츠형,5,국물이 진하고 얼큰하며 정말 또 오고 싶은 곳이예요!!,2026-08-21,2026-08-21,8.21.금,8.21.금,1,dhk****,영수증,음식이 맛있어요 | 양이 많아요,,
56,6a83e844ed951b146b725e60,텍스트·콘텐츠형,4.5,태안여행중에 찐맛집 정말 맛있게 먹었어요,2026-08-18,2026-08-18,8.18.화,8.18.화,1,뽀롱꾀롱,영수증,음식이 맛있어요 | 재료가 신선해요,,
57,6a83e2cd6adbaf335d4350e0,텍스트·콘텐츠형,5,시래기 부드럽고 바지락 뻘 없이 맛있게 먹었습니다~~^^,2026-08-18,2026-08-18,8.18.화,8.18.화,1,line6455,영수증,음식이 맛있어요 | 인테리어가 멋져요 | 매장이 넓어요 | 친절해요,,
58,6a83e1dec242d47dacd0a676,텍스트·콘텐츠형,4.5,"태안 나들이 와서 들린곳!!!
사장님이  너무 친절하고 음식도 이색적이고 너무 맛있어요~~
시래기밥에 바지락장간장넣어서 비벼먹으면 진짜 맛있어요!!!!강추",2026-08-18,2026-08-18,8.18.화,8.18.화,1,enz****,영수증,음식이 맛있어요 | 양이 많아요 | 특별한 메뉴가 있어요 | 친절해요 | 매장이 청결해요,,
59,6a83d89519a3dc348c05de9b,텍스트·콘텐츠형,5,맛있게 먹었어요! 태안 여행오시면 추천합니다!!,2026-08-18,2026-08-18,8.18.화,8.18.화,1,skd****,영수증,음식이 맛있어요 | 양이 많아요 | 가성비가 좋아요 | 메뉴 구성이 알차요,,
60,6a83e24c31a70ba874056e8d,텍스트·콘텐츠형,5,바지락해장국 처음 먹어봤는데 넘 맛있고 진한 맛이에요~ 다음에 또 먹으러 오고 싶어요^^!,2026-08-18,2026-08-18,8.18.화,8.18.화,1,007rnjs72,영수증,음식이 맛있어요 | 특별한 메뉴가 있어요,,
61,6a83be35eb0dedc949ce196c,텍스트·콘텐츠형,5,"얼큰~하고 감칠맛이 좋아서 너무 맛있었어요
해장국안에 시레기도 너무 부드럽고
시레기밥도 맛있있었고 밑반찬도 전부 맛있었습니다",2026-08-18,2026-08-18,8.18.화,8.18.화,1,난고닝,영수증,음식이 맛있어요 | 재료가 신선해요 | 건강한 맛이에요 | 특별한 메뉴가 있어요 | 매장이 넓어요,"안녕하세요, 태안바지락해장국입니다. 
저희 매장을 믿고 찾아주시고 세심함이 묻어나는 감동의 후기로 응원해 주셔서 진심으로 깊은 감사의 말씀을 올려드립니다. 
정직한 재료로 오랫동안 고아낸 얼큰한 육수와 푹 삶아 부드러운 시래기, 그리고 마음을 담아 준비한 정갈한 반찬들이 손님께 완벽한 만족으로 전달된 것 같아 참 큰 보람과 자부심을 느낍니다.
보내주신 귀한 성원에 보답하여, 언제 방문하시더라도 늘 기분 좋고 안심할 수 있는 한 상을 준비하는 믿음직한 태안 해장국 맛집으로 자리를 지키겠습니다.",8.19.수
62,6a829473ebebaada0009faec,텍스트·콘텐츠형,4.5,"바지락해장국이란 메뉴에 홀려서 방문했는데요
너무 시원하고 맛있어요
다음에도 또 방문해서 먹을맛",2026-08-17,2026-08-17,8.17.월,8.17.월,1,으아닛왜,영수증,음식이 맛있어요 | 양이 많아요 | 특별한 메뉴가 있어요,,
63,6a829e0911922803944cf890,텍스트·콘텐츠형,5,최고예요,2026-08-17,2026-08-17,8.17.월,8.17.월,1,k3****,영수증,음식이 맛있어요 | 재료가 신선해요 | 양이 많아요 | 고기 질이 좋아요 | 매장이 넓어요,,
64,6a82907d43f5f789aaedaee3,텍스트·콘텐츠형,3.5,"여자친구가 너무 맛있다고
태안으로 이사오재요
그래서 혼자가라고했어요",2026-08-17,2026-08-17,8.17.월,8.17.월,1,28****,영수증,음식이 맛있어요 | 재료가 신선해요,,
65,6a82809d88b60dbbd3e47761,텍스트·콘텐츠형,4.5,색다른 메뉴라 좋았어요!특히 시래기밥 강추합니다💛,2026-08-17,2026-08-17,8.17.월,8.17.월,1,삐약삐약s2,영수증,음식이 맛있어요 | 재료가 신선해요 | 인테리어가 멋져요 | 혼밥하기 좋아요 | 단체모임 하기 좋아요,,
66,6a828b6ace8a9559a68a8b7b,텍스트·콘텐츠형,5,,2026-08-17,2026-08-17,8.17.월,8.17.월,1,rev****,영수증,음식이 맛있어요 | 음악이 좋아요,,
67,6a8277f6e9386dfe128660cd,텍스트·콘텐츠형,5,"태안오면 꼭 먹는 맛집이예요.
애들먹기 좋은 완자도 있오서 언제나 잘먹어요.
조식이나 점심으로 강추!!!",2026-08-17,2026-08-17,8.17.월,8.17.월,1,LUCY6223,영수증,음식이 맛있어요 | 재료가 신선해요 | 특별한 메뉴가 있어요,,
68,6a82714085d572159cdd43df,텍스트·콘텐츠형,5,어제 대기가 너무길어 패스하고 오늘 너무 아쉬워 아침 일찍 왔어요. 바지락 해장국 먹었는데 담백하고 조개 신선해서 완전 만족합니다. 다음에 부모님 모시고 다시 오고 싶은 맛이에요.,2026-08-17,2026-08-17,8.17.월,8.17.월,1,pas****,영수증,음식이 맛있어요 | 재료가 신선해요 | 양이 많아요 | 특별한 메뉴가 있어요 | 매장이 넓어요,,
69,6a826f8d5997a98d28fe3098,텍스트·콘텐츠형,5,진짜 맛집이고 담에 또 오고싶어요~,2026-08-17,2026-08-17,8.17.월,8.17.월,1,미니트29,영수증,음식이 맛있어요 | 재료가 신선해요 | 양이 많아요 | 특별한 메뉴가 있어요 | 매장이 넓어요,,
70,6a826f961ed926ec683c0d26,텍스트·콘텐츠형,4.5,태안 여행 오면서 꼭 와야한다길래 들렸습니다. 어제 술을 많이 마셨는데 해장이 되는 기분입니다. 기본 반찬들도 정말 맛있어서 사서 가고싶어요! 정말 맛있어서 밥도 추가해서 먹었습니다.! 다음에 여행오면 또 들릴게요!!,2026-08-17,2026-08-17,8.17.월,8.17.월,1,yul****,영수증,음식이 맛있어요 | 특별한 메뉴가 있어요 | 양이 많아요 | 잡내가 적어요,"안녕하세요, 태안바지락해장국입니다. 
저희 매장을 믿고 방문해 주시고 정성 가득한 따뜻한 응원의 후기를 남겨주셔서 진심으로 깊은 감사의 말씀을 올려드립니다. 
신선한 바지락으로 정직하게 고아낸 깊은 국물과 정갈하게 준비한 밑반찬들이 손님의 속을 시원하게 풀어드리고 깊은 만족으로 이어진 것 같아 참 큰 보람과 자부심을 느낍니다. 
보내주신 귀한 성원에 보답하여, 언제 찾아주시는 발걸음이더라도 변함없이 정직하고 완벽한 한 상을 대접하는 믿음직한 태안 해장국 맛집으로 자리를 지키겠습니다. 
항상 평안이 가득하시길 바랍니다.",8.19.수
71,6a8270818258edae377d864a,텍스트·콘텐츠형,5,지인 추천으로 들린 곳. 태안 바지락해장국~ 국물이 시원하고 맛있네요. 내장탕도 맛있고요.든든하게 잘 먹고 갑니다. 태안오면 또 오고 싶은 식당입니다!,2026-08-17,2026-08-17,8.17.월,8.17.월,1,ygskiki,영수증,음식이 맛있어요 | 재료가 신선해요 | 양이 많아요 | 특별한 메뉴가 있어요 | 단체모임 하기 좋아요,,
72,6a826effb4a46f9689ad4fe0,텍스트·콘텐츠형,4.5,"부모님이랑 같이 왔는데 굉장히 맛있게 잘 먹고 갑니당ㅎㅎ
식당 잘찾았다고 칭찬도 들었어요.
가족 여행 오신다면 여기추천!!!!!!!!!",2026-08-17,2026-08-17,8.17.월,8.17.월,1,강세리,영수증,음식이 맛있어요 | 재료가 신선해요 | 양이 많아요 | 매장이 넓어요 | 매장이 청결해요,,
73,6a8258b5a238d589cded6218,텍스트·콘텐츠형,4.5,"맛있어요 진짜 시원합니다‼️ 웨이팅이 진짜 긴 편이라 아침 일찍 오는 걸 추천합니다
 내장탕 같은 빨간 시래기 국물 베이스에 바지락이 더해져서 정말 시원해요~ 해장에 진짜 좋을 것 같아요!! 오길 잘했습니다! 바지락 잡내 안 나고 바닥에 서걱서걱한 느낌도 없이 세척도 깨끗이 해주시는 것 같아욥 
아침 일찍 오면 대기 없이 먹을 수 있습니다 어제 13시쯤에 왔을 땐 마감되었었어요ㅠ 
 서비스도 좋고 밑반찬도 맛있어요 태안 오시면 한번쯤 방문 추천합니다~! 부모님도 정말 만족하셨어요 지금도 유명하지만 더 유명해질 것 같아용 맛있게 잘 먹었습니다",2026-08-17,2026-08-17,8.17.월,8.17.월,1,조선왕조실룩샐룩 트월킹,영수증,음식이 맛있어요 | 양이 많아요 | 재료가 신선해요 | 잡내가 적어요 | 매장이 넓어요,"안녕하세요, 태안바지락해장국입니다. 
어제 재료 마감으로 아쉽게 돌아서셨음에도 오늘 아침 일찍 다시 찾아주시고, 오길 잘했다는 감동적인 후기를 남겨주셔서 정말 뿌듯합니다! 
바지락 세척과 해감에 정말 공을 많이 들이고 있는데 그 정성을 딱 알아보시고, 부모님과 함께 시원하게 해장하고 가셨다니 아침 일찍부터 준비한 보람을 느꼈습니다! 
앞으로도 태안 여행 오시거나 속 풀리는 시원한 국물이 생각나실 때 가장 먼저 떠오르는 태안 해장국 맛집이 되도록 변함없는 정성과 맛으로 기다리고 있겠습니다. 
부모님과 손님 모두 늘 건강하시고 행복하세요!",8.19.수
74,6a814b15605765ba4d8aafcb,텍스트·콘텐츠형,4.5,"바지락해장국이란 메뉴에 의아했는데 너무너무 맛있게 잘먹었어요!!
국물도 얼큰하고 가게도 쾌적해서 정말 배부르게 한끼 잘먹고갑니다",2026-08-16,2026-08-16,8.16.일,8.16.일,1,aung,영수증,음식이 맛있어요 | 재료가 신선해요 | 양이 많아요 | 인테리어가 멋져요 | 매장이 넓어요,,
75,6a812f5e61461d6a981775ac,텍스트·콘텐츠형,5,해장국 강추합니다 !!!!!!!!,2026-08-16,2026-08-16,8.16.일,8.16.일,1,nanyy99,영수증,음식이 맛있어요 | 양이 많아요,,
76,6a8123327cebce64641b3f21,텍스트·콘텐츠형,4,,2026-08-16,2026-08-16,8.16.일,8.16.일,1,무제13,영수증,음식이 맛있어요 | 매장이 넓어요 | 매장이 청결해요,,
77,6a8132ba7ee397cb565e4aca,텍스트·콘텐츠형,5,"지인의소개로왔는데 너무맛있어요^^
웨이팅이 있었지만 기다린 보람이 있는 맛집입니다. 
정말 맛있어요",2026-08-16,2026-08-16,8.16.일,8.16.일,1,ran****,영수증,음식이 맛있어요 | 양이 많아요 | 매장이 넓어요 | 친절해요 | 매장이 청결해요,,
78,6a811ffc9db213d5245ae84b,텍스트·콘텐츠형,5,"태안 꼭 먹어야되는 맛집! 인정합니다
바지락해장국은 첨인데 너무 맛있고 고기바지락완자는 선택 아닌 필수!!",2026-08-16,2026-08-16,8.16.일,8.16.일,1,hk1394,영수증,음식이 맛있어요 | 재료가 신선해요 | 양이 많아요 | 특별한 메뉴가 있어요 | 매장이 넓어요,,
79,6a811c6dfa704a1195b5a2ac,텍스트·콘텐츠형,5,너무 맛있었습니다,2026-08-16,2026-08-16,8.16.일,8.16.일,1,준비태세전문,영수증,음식이 맛있어요 | 재료가 신선해요 | 양이 많아요,,
80,6a7ff73e0140d2000e5e3554,텍스트·콘텐츠형,5,아이와 온 맛집이에요~ 아이도 잘먹고 모두 만족한 특별한 해장국이네요~ 우리가족모두 10점만점에 10점입니다♥,2026-08-15,2026-08-15,8.15.토,8.15.토,1,aquamarine77,영수증,음식이 맛있어요 | 양이 많아요 | 특별한 메뉴가 있어요 | 가성비가 좋아요,,
81,6a7fea6fcdaebd6b3baf9909,텍스트·콘텐츠형,5,태안여행하고 찾아온 바지락해장국집 너무맛있어요 30분정도대기했는데 맛집인정 기다리길잘했어요 아이밥과 김도 챙겨주시고 완자에 잘먹었습니다😀👍,2026-08-15,2026-08-15,8.15.토,8.15.토,1,bun****,영수증,음식이 맛있어요 | 재료가 신선해요 | 양이 많아요 | 특별한 메뉴가 있어요,,
82,6a7fe2afca0459120ae6836e,텍스트·콘텐츠형,4.5,맛있어요,2026-08-15,2026-08-15,8.15.토,8.15.토,1,dai****,영수증,음식이 맛있어요 | 재료가 신선해요 | 매장이 넓어요 | 친절해요,,
83,6a7fdb42da93da9446cbf914,텍스트·콘텐츠형,5,바지락 해장국은 처음인데 맛있었어요!,2026-08-15,2026-08-15,8.15.토,8.15.토,1,하2니,영수증,음식이 맛있어요 | 매장이 넓어요 | 친절해요,,
84,6a7fdac9d691561a67f8e7be,텍스트·콘텐츠형,5,"맛있고 특이하고
직원분들 좋으세요",2026-08-15,2026-08-15,8.15.토,8.15.토,1,쿠쿠봉,영수증,음식이 맛있어요 | 재료가 신선해요 | 매장이 넓어요 | 친절해요,,
85,6a7fdac70140d2000e381744,텍스트·콘텐츠형,4.5,푸짐하게 너무 맛있게 잘 먹었어요!! 또 올게요%^,2026-08-15,2026-08-15,8.15.토,8.15.토,1,수늬52,영수증,음식이 맛있어요 | 재료가 신선해요 | 양이 많아요 | 특별한 메뉴가 있어요 | 가성비가 좋아요,,
86,6a7fe85dbfebd181b96b77fb,텍스트·콘텐츠형,5,"가족여행으로 태안 방문했는데 특별한 음식으로 아이들과 함께 맛있게 잘 먹었어요
음식이 깔끔하고 양도 많고 맛있네요",2026-08-15,2026-08-15,8.15.토,8.15.토,1,ququlove,영수증,음식이 맛있어요 | 재료가 신선해요 | 양이 많아요 | 특별한 메뉴가 있어요 | 매장이 넓어요,,
87,6a7fd7e1a009e2e481b3b2a9,텍스트·콘텐츠형,5,바지락이 싱싱해요~  놀러왔다가 잘먹고가요~,2026-08-15,2026-08-15,8.15.토,8.15.토,1,카트87,영수증,음식이 맛있어요 | 재료가 신선해요 | 양이 많아요 | 매장이 넓어요 | 인테리어가 멋져요,,
88,6a7fcd61d74703392b8813f0,텍스트·콘텐츠형,4.5,"맛집 추천합니다
매장 깨끗하고 음식도 깔끔하고 맛있어요
꼭 한번 와보셔서 맛보세요",2026-08-15,2026-08-15,8.15.토,8.15.토,1,짱아4043,영수증,음식이 맛있어요,,
89,6a7fccab50d5921946f8549e,텍스트·콘텐츠형,5,가족과  왔는데 너무맛있어요,2026-08-15,2026-08-15,8.15.토,8.15.토,1,시후맘21,영수증,음식이 맛있어요 | 인테리어가 멋져요 | 친절해요 | 매장이 청결해요,,
90,6a7fc469c1665367f48578a9,텍스트·콘텐츠형,5,"바지락국, 내장탕 하나씩 먹었는데 국물이 진하고 양도 많은데 반찬도 깔끔해서 맛있었어요",2026-08-15,2026-08-15,8.15.토,8.15.토,1,류월16,영수증,음식이 맛있어요 | 양이 많아요 | 반찬이 잘 나와요 | 친절해요,,
91,6a7fbba26f1b0e54be64ab35,텍스트·콘텐츠형,5,양도 많고 바지락도 해감이 잘되어있고 ㅇ아이들 음식도 챙겨주시고 아기의자도 있어서 아이와 와도 좋을거같아요!!해장으로도 굿굿 맛있었습니다,2026-08-15,2026-08-15,8.15.토,8.15.토,1,lee****,영수증,음식이 맛있어요 | 양이 많아요 | 인테리어가 멋져요 | 친절해요 | 매장이 청결해요,,
92,6a7fac5bb28bb8781fd0bdc9,텍스트·콘텐츠형,4.5,"태안 조개체험 왔어요.
아침식사 장소가 마땅치 않았는데
뜻밖에 맛집을 발견했네요.
대한민국 최초로 개발한 바지락해장국 브랜드라는데,  명성에 걸맞게 맛있고 푸짐해요.
바지락과 해장국의 조합과 함께 나온 시래기밥이 잘 어울렸어요.
해장국이 칼칼하니,  매운 거 못드시는 분은 덜 맵게 요청하시면 좋아요
태안 여행 첫 시작,  만족스러운 아침식사였습니다.",2026-08-15,2026-08-15,8.15.토,8.15.토,1,파랑동규,영수증,음식이 맛있어요 | 재료가 신선해요 | 특별한 메뉴가 있어요 | 양이 많아요 | 화장실이 깨끗해요,"안녕하세요, 태안바지락해장국입니다. 
저희 매장을 믿고 방문해 주시고 정성 어린 따뜻한 응원의 후기를 올려주셔서 진심으로 깊은 감사의 말씀을 드립니다. 
대한민국 최초로 개발한 바지락해장국 브랜드로서, 정직하고 신선한 재료로 준비한 푸짐한 해장국과 시래기밥이 손님의 태안 여행 첫 아침식사에 깊은 만족을 드린 것 같아 참 큰 보람과 자부심을 느낍니다. 
보내주신 소중한 성원과 따뜻한 안내에 보답하여, 언제 방문하시더라도 늘 정갈하고 완벽한 한 상을 대접하는 믿음직한 태안 해장국 맛집으로 자리를 지키겠습니다.",8.19.수
93,6a7e9e2f8b6a8f8434fa921e,텍스트·콘텐츠형,5,"해장엔 최고에요...
자주오고 싶어요",2026-08-14,2026-08-14,8.14.금,8.14.금,1,초록초록21,영수증,음식이 맛있어요 | 재료가 신선해요 | 특별한 메뉴가 있어요 | 가성비가 좋아요,,
94,6a7e9470f5b4a3719cdef41d,텍스트·콘텐츠형,5,"양이 많고, 칼칼하니 맛있었어요! 시래기밥도 맛있었습니다:)",2026-08-14,2026-08-14,8.14.금,8.14.금,1,enfnr,영수증,음식이 맛있어요 | 양이 많아요,,
95,6a7e7a145652bc22fd1f1bc3,텍스트·콘텐츠형,5,아점 으로 아주  맛있게 먹어요 ^^,2026-08-14,2026-08-14,8.14.금,8.14.금,1,컴퓨터AS,영수증,음식이 맛있어요 | 양이 많아요 | 재료가 신선해요,,
96,6a7e651d10bc6839d7230859,텍스트·콘텐츠형,5,아이들과 방문해서 맛있게 잘 먹었습니다♡♡♡♡,2026-08-14,2026-08-14,8.14.금,8.14.금,1,ehd****,영수증,음식이 맛있어요 | 재료가 신선해요 | 양이 많아요 | 특별한 메뉴가 있어요 | 매장이 넓어요,,
97,6a7e5595c6205a9a9aed3e17,텍스트·콘텐츠형,5,태안놀러와서 가족들이랑 먹었는데 다들 너무맛잇게 드셨어요~!!국물이 시원해요~!,2026-08-14,2026-08-14,8.14.금,8.14.금,1,nadajingyu,영수증,음식이 맛있어요 | 양이 많아요,,
98,6a7e97a8340d861678959d8b,텍스트·콘텐츠형,5,"양도많고 바지락 너무 맛있어요
저는 내장이 더 맛있는거같아요 강추합니다",2026-08-14,2026-08-14,8.14.금,8.14.금,1,jhj5043,영수증,음식이 맛있어요 | 재료가 신선해요 | 양이 많아요 | 특별한 메뉴가 있어요,,
99,6a7bebbe247082291cdc7e09,텍스트·콘텐츠형,4,"처음 와봤는데 음식 깔끔하고 바지락해장국 시원하고 맛있어요 내장탕이  찐 맛있어요^^
고기완자도 도톰하고 담백하니 맛있어요
태안 맛집 발견~^^",2026-08-12,2026-08-12,8.12.수,8.12.수,1,everyday everymoment,영수증,음식이 맛있어요 | 재료가 신선해요,,
100,6a7a9f0b408c9fee4458b826,텍스트·콘텐츠형,5,"태안 여행 오면 꼭 먹어야 하는 바지락해장국! 통통하고 쫄깃한 바지락이 정말 듬뿍 들어있어요.뚝배기 가득 들어있는 바지락 양에 먼저 놀랐어요. 껍데기를 골라내도 끝이 없을 정도로 푸짐합니다해감도 잘 되어 있고,국물 한 입 먹자마자 속이 확 풀리는 느낌입니다. 엄청시원합니다. 아침 식사나 전날 먹은 술 해장용으로 완전 딱이네요. 함께 나온 젓갈이랑 바지락장 조합도 예술이에요!반은 밥비벼먹고 반은 해장국에 말아먹었어요.재방문 의사 100%입니다!",2026-08-11,2026-08-11,8.11.화,8.11.화,1,은하7499,영수증,음식이 맛있어요 | 특별한 메뉴가 있어요 | 인테리어가 멋져요 | 매장이 청결해요,"안녕하세요, 태안바지락해장국입니다. 
태안 여행 필수 코스로 추천받아 찾아주셨는데, 전날 드신 술이 싹 풀리는 해장과 함께 밥까지 추가해서 맛있게 비워주셨다는 말씀에 가슴이 벅차오르고 날아갈 듯 뿌듯합니다! 
정성껏 차려낸 반찬들까지 따로 사 가고 싶으실 만큼 맛있게 드셨다니 아침 일찍부터 부지런히 준비한 보람을 팍팍 느꼈습니다! 
약속해주신 다음 여행길을 기다리며, 앞으로도 속 든든하고 시원한 해장이 필요하실 때 가장 먼저 생각나는 대표 태안 해장국 맛집으로 변함없는 맛과 정성으로 기다리고 있겠습니다. 남은 여행도 즐겁고 행복하게 보내세요!",8.19.수
101,6a7a8fe03cb0433e9625488b,텍스트·콘텐츠형,4.5,"바지락 양도 많고 국물도 많아서 가격대비 양 만족합니다
국물도 맛있어서 계속 후루룩 먹었어요
반찬도 밥이랑 잘 어울려서 다 먹고 갑니다
태안 여행 오셨을때 드시고 가세요!!",2026-08-11,2026-08-11,8.11.화,8.11.화,1,psy****,영수증,음식이 맛있어요 | 양이 많아요 | 잡내가 적어요 | 건강한 맛이에요 | 반찬이 잘 나와요,,
102,6a7aeb3eacb6fe994907fd7b,텍스트·콘텐츠형,3,"휴가철에 여행차 방문함.
휴가철이라 그런지 평일 오전에도 사람이 많아서 놀람.
리뷰에 짜다고 하는 리뷰가 있었는데 정말 좀 짜긴 했음.
바지락이 비교적 많이 들어있었는데 해장국이 짜서 재방문은 안할 예정.
밥은 시레기밥으로 나와서 좋았으나 성인 남성에게는 양이 좀 적은 편인 것 같음.",2026-08-11,2026-08-11,8.11.화,8.11.화,1,Wanbokj,영수증,단체모임 하기 좋아요,,
103,6a79602ddc1748d799ce98a8,텍스트·콘텐츠형,5,"바지락 내장탕 먹었는데, 바지락도 많고 내장도 많고 시레기도 많이 들어가서 맛있었어요! 다시마 식초 넣어서 먹어도 맛있고, 밥이랑 바지락 장이랑 비벼먹어도 맛있습니다. ◡̎ 부모님도 맛있게 다 드셨어요!",2026-08-10,2026-08-10,8.10.월,8.10.월,1,2024sssss,영수증,음식이 맛있어요 | 재료가 신선해요 | 양이 많아요 | 가성비가 좋아요 | 매장이 넓어요,,
104,6a795926b71d84ef356ff502,텍스트·콘텐츠형,3,"음식은 맛있었으나
매장이 에어컨을 틀어도 더운건지 온도를 높게 설정 한건지 앞쪽만 시원하고 뒷쪽은 냉기가 하나도 오지않아서 폭염에 음식도 뜨거운데 더워서 입으로 들어가는지 코로들어가는지 모를정도
가족들이 다 땀에 절여졌고 의자까지 땀으로 젖을정도면 말 다했죠
개선하셔야될듯",2026-08-10,2026-08-10,8.10.월,8.10.월,1,치츠누나,결제내역,단체모임 하기 좋아요 | 매장이 청결해요 | 음식이 맛있어요,,
105,6a794ee031df0d48c5d43628,텍스트·콘텐츠형,5,"안 먹은 술도 해장되는 느낌이네요 ㅋㅋ
싹싹 잘 먹었습니다.",2026-08-10,2026-08-10,8.10.월,8.10.월,1,값진인생89,영수증,음식이 맛있어요 | 양이 많아요 | 특별한 메뉴가 있어요 | 매장이 넓어요 | 친절해요,,
106,6a79483dd52413e9bcdc29ea,텍스트·콘텐츠형,4.5,여행하면서 찾아왔는데 기대한 이상으로 너무 맛있었어요!,2026-08-10,2026-08-10,8.10.월,8.10.월,1,수원멋쨍이,영수증,음식이 맛있어요 | 재료가 신선해요 | 매장이 넓어요 | 주차하기 편해요,,
107,6a79385e9541084a2ec54d39,텍스트·콘텐츠형,5,"만리포해수욕장 가는길에 있는 음식점인데 오늘 처음 가보네요
가게 넓은데 손님은 거의 만석, 사장님 친절하고 음식 맛있습니다
재방문 의사 무조건 있습니다",2026-08-10,2026-08-10,8.10.월,8.10.월,1,유지아빠,영수증,음식이 맛있어요 | 매장이 넓어요 | 친절해요,,
108,6a792e960d37729060825427,텍스트·콘텐츠형,5,"태안 놀러 와서 해장하려고 온 곳인데
생각보다 훵씬 더 맛있었어요.
바지락해장국과 
바지락내장탕(하루 30그릇 한정)이 있는데
바지락내장탕 시켰는데
바지락도 많고 내장도 듬뿍이네요.
시래기밥과 바지락장, 무말랭이오정이젓갈도 다 맛났어요.
바락고기완자는 아이들이 좋아할 것 같어요.
잘 먹었습니다.",2026-08-10,2026-08-10,8.10.월,8.10.월,1,쏘가리96,영수증,음식이 맛있어요 | 재료가 신선해요 | 특별한 메뉴가 있어요 | 양이 많아요 | 건강한 맛이에요,"안녕하세요, 태안바지락해장국입니다. 
즐거운 태안 여행길에 저희 매장을 찾아주시고, 기대 이상으로 훨씬 더 맛있었다는 감동적인 후기를 남겨주셔서 정말 뿌듯합니다!
하루 30그릇 한정인 바지락내장탕을 맛있게 즐겨주시고, 듬뿍 넣은 바지락과 내장, 정성스레 준비한 시래기밥과 바지락장, 오징어젓갈에 바지락고기완자까지 알아봐 주셔서 준비한 보람을 팍팍 느낍니다! 
앞으로도 태안에 여행 오시거나 속 풀리는 시원한 해장이 생각나실 때 1등으로 떠오르는 대표 태안 해장국 맛집이 되도록 변함없는 맛으로 기다리고 있겠습니다. 행복하고 안전한 여행 되세요!",8.19.수
109,6a780a16b6208a06e6f5945c,텍스트·콘텐츠형,4.5,"태안 바지락 해장국.

오랫동안 바닷가 가까운 곳에 살았던 나에게,

바지락 칼국수는 흔한 메뉴였는데,

바지락 해장국은 낯선 메뉴였다.

같이 나오는 시래기밥과 해장국에 있는 시래기. 명함을 보면 그 이유를 짐작할수 있을거 같다.

이번 여행의 목적지가 아닌 중간에 들렀다 가는 곳이었는데,

이렇게 맛있는 한끼를 먹고나면, 기분이 더 좋아진다.

반찬으로 나오는 바지락장, 젓갈.

짜거나 하지 않아서 나처럼 젓갈류 안 좋아하는 사람도

맛있게 먹을수 있다 👍 👍 👍 

또 오고 싶은 식당",2026-08-09,2026-08-09,8.9.일,8.9.일,1,지네발 지단,결제내역,음식이 맛있어요 | 특별한 메뉴가 있어요 | 친절해요 | 주차하기 편해요,"안녕하세요, 태안바지락해장국입니다. 
바닷가 가까이 오랫동안 살아오신 고객님께 바지락 해장국이라는 낯선 첫 만남이 기분 좋은 선물로 기억되었다니 정말 가슴이 벅차오르고 날아갈 듯 뿌듯합니다!
저희가 정성스레 준비한 시래기의 가치와 짠맛 없이 정갈하게 담아낸 바지락장, 젓갈의 디테일함까지 완벽하게 알아보시고 또 오고 싶은 식당이라 적어주셔서 깊은 보람을 느꼈습니다. 
앞으로도 여행길이나 속 든든하고 시원한 국물이 생각나실 때 가장 먼저 찾아오시는 대표 태안 해장국 맛집이 되도록 변함없는 맛과 정성으로 기다리고 있겠습니다. 늘 여행길에 행복만 가득하세요!",8.19.수
110,6a77ed123f2a9f19c6f7b934,텍스트·콘텐츠형,5,"인생 바지락 해장국 찾았어요!👍
태안 놀러왔다가 2일 연속으로 방문했습니다.
올때마다 기본 20~30분은 대기 있었어요. 회전이 빨라 대기가 10팀이 넘어도 15분 전후 대기하면 되는건 같아요. 대기하더라고 꼭 드셔보시라 추천합니다.
바지락 크기는 작지만 모래 하나 없이 정말 신선하고, 국물이 어쩜 이렇게 깔끔하고 시원한지 너무 맛있었어요. 같이 나오는 시래기밥도 별미고 저는 밥을 안좋아해서 원래는 1/3공기 먹거나 아예 안먹는데 여기 시래기밥은 한공기 다 먹게되네요. 반찬도 정갈하고 맛있습니다.
바지락 해장국과 내장 해장국 둘 다 주문했는데, 저는 깔끔하고 시원한 바지락 해장국에 한 표! 남편과 아이들은 내장맛이 진하고 고소한 내장 해장국이 더 맛있다고 하네요.
가족 모두 만족한 한 끼였어요.",2026-08-09,2026-08-09,8.9.일,8.9.일,1,themagicbox,영수증,음식이 맛있어요 | 재료가 신선해요 | 양이 많아요 | 특별한 메뉴가 있어요 | 음식이 빨리 나와요,"안녕하세요, 태안바지락해장국입니다. 
태안 여행길에 2일 연속으로 저희를 찾아주시고, 인생 바지락 해장국이라는 대박 칭찬을 남겨주셔서 사장으로서 정말 가슴이 벅차오르고 날아갈 듯 뿌듯합니다! 
평소 밥을 잘 안 드시는데 저희 시래기밥을 한 공기 다 비워내셨다는 말씀과, 깔끔한 바지락부터 진한 내장 해장국까지 온 가족의 입맛을 완벽하게 사로잡았다는 소식에 새벽부터 정성껏 준비한 보람을 팍팍 느꼈습니다! 
앞으로도 태안 여행 오시거나 속 풀리는 시원한 국물이 생각나실 때 고민 없이 달려오시는 대표 태안 해장국 맛집으로 변함없는 맛과 친절로 기다리고 있겠습니다. 
늘 온 가족이 건강하시고 행복하세요!",8.19.수
111,6a77c8628b26b0dd5491f2c1,텍스트·콘텐츠형,5,"메뉴가 정갈하고 깔끔하게 잘 나와요 ㅎㅎ
아침해장으로 얼큰하니 좋아요!",2026-08-09,2026-08-09,8.9.일,8.9.일,1,군자동먹보오,영수증,음식이 맛있어요,,
112,6a76ad7e65aee3c542c49235,텍스트·콘텐츠형,5,"바지락해장국 처음먹어보는데 너무 맛있어요
추천합니다~",2026-08-08,2026-08-08,8.8.토,8.8.토,1,최준호89,영수증,음식이 맛있어요 | 특별한 메뉴가 있어요 | 친절해요 | 매장이 청결해요,,
113,6a76ac7fd38baab4ec60b920,텍스트·콘텐츠형,5,이제 태안하면 게국지 대신에 여길 떠올릴 것 같아요!! 맛있게 잘 먹었습니다^^,2026-08-08,2026-08-08,8.8.토,8.8.토,1,hicho1004,영수증,음식이 맛있어요 | 재료가 신선해요 | 양이 많아요 | 특별한 메뉴가 있어요,,
114,6a769c1ca57687a389d133ae,텍스트·콘텐츠형,5,사장님이 친절해요. 맛은 설명할 필요없이 맛있어요. 바지락도 신선하고 매운 것 못 먹은 아이를 위해 김과 밥도 챙겨 주셨어요. 또 올께요.,2026-08-08,2026-08-08,8.8.토,8.8.토,1,Hello tokyo39,영수증,화장실이 깨끗해요 | 매장이 청결해요 | 인테리어가 멋져요 | 음식이 맛있어요,,
115,6a766c6160df1dee55a01291,텍스트·콘텐츠형,5,"두번째에요. 웨이팅 기본인 집
이번에는 오픈런했어요.

역시 맛집. 버터향나는 시래기에 바지락장 먼저 비벼먹고
바지락해장국먹다가 다시마식초를 넣으면
감칠맛이 싹 오른답니다.

아이들도 배부르게 맛있게먹고 갑니다.
번창하세요^^",2026-08-08,2026-08-08,8.8.토,8.8.토,2,min****,영수증,음식이 맛있어요 | 재료가 신선해요 | 양이 많아요 | 특별한 메뉴가 있어요,,
116,6a75611824c09994e6a4297f,텍스트·콘텐츠형,5,너무 맛있어요 재방문할게요!,2026-08-07,2026-08-07,8.7.금,8.7.금,1,부산괄매긔25,영수증,음식이 맛있어요 | 양이 많아요 | 반찬이 잘 나와요 | 친절해요 | 매장이 청결해요,,
117,6a75516cd74703392b4616c3,텍스트·콘텐츠형,4.5,"음식도 너무 맛있고 잘 먹었습니다^^
아기 의자도 고급지고 너무 편하게 잘 먹었습니다!
또 올게용😁",2026-08-07,2026-08-07,8.7.금,8.7.금,1,j_h****,영수증,음식이 맛있어요 | 비싼 만큼 가치있어요 | 매장이 넓어요 | 단체모임 하기 좋아요 | 친절해요,,
118,6a7544829e2c111cdc4674df,텍스트·콘텐츠형,4.5,"태안바지락의 특산품으로 우러난 해장국 가족과함게 시원하게 먹고갑니다 
너무 맛나니  꼭 태안오실때 들러주세요
꼭~~^^",2026-08-07,2026-08-07,8.7.금,8.7.금,1,카페조아,영수증,음식이 맛있어요 | 재료가 신선해요 | 양이 많아요 | 인테리어가 멋져요,,
119,6a753e6917d51a71126d05f3,텍스트·콘텐츠형,3.5,맛이좋와요,2026-08-07,2026-08-07,8.7.금,8.7.금,1,쭌738,영수증,음식이 맛있어요,,
120,6a7423639c50a2a880d0dfa9,텍스트·콘텐츠형,5,"태안 여행에 첫 식사였던 바지락해장국 !
늦은 점심이였는데도 사람들이 많았어요 !
점심 피크때는 웨이팅 충분히 할것같았어요
양도 푸짐하고 해장국 하나 내장탕 하나 시켜서 넘 맛나게 먹었습니다 !
조개양도 상당하고 얼큰 칼칼 조개육수의 담백함까지 !",2026-08-06,2026-08-05,8.6.목,8.5.수,1,몰랑꽁,영수증,재료가 신선해요 | 양이 많아요 | 음식이 맛있어요 | 친절해요 | 주차하기 편해요,"안녕하세요, 태안바지락해장국입니다. 
태안 여행의 첫 식사로 저희 매장을 선택해 주시고, 푸짐한 조개 양과 얼큰 칼칼한 국물 맛에 대만족하셨다는 후기를 남겨주셔서 정말 감사드립니다.
늦은 점심이었음에도 찾아주신 귀한 걸음에 든든하고 기분 좋은 여행의 시작을 선물해 드린 것 같아 아낌없이 정성을 쏟은 보람을 느꼈습니다! 
앞으로도 태안 여행 오시거나 시원하고 깊은 국물이 생각나실 때 가장 먼저 떠오르는 대표 태안 해장국 맛집이 되도록 변함없는 맛과 친절로 기다리고 있겠습니다. 즐겁고 행복한 여행 보내세요!",8.19.수
121,6a72cdf8300a0b775cb61cc1,텍스트·콘텐츠형,5,"부산에서 여행 왔다가 바지락해장국 먹었는데 국물이 정말 시원하고 바지락도 푸짐해서 만족했습니다.
여행 중 든든하게 한 끼 먹기 딱 좋았고 맛도 깔끔했어요.
태안 오시면 꼭 한번 드셔보시길 추천합니다!",2026-08-05,2026-08-05,8.5.수,8.5.수,1,스폰G밥,영수증,음식이 맛있어요 | 양이 많아요 | 매장이 넓어요 | 매장이 청결해요 | 주차하기 편해요,,
122,6a72a6d134050ca86600b50e,텍스트·콘텐츠형,4,,2026-08-05,2026-08-05,8.5.수,8.5.수,1,악이공뇽둘째10,영수증,음식이 맛있어요 | 재료가 신선해요 | 양이 많아요 | 특별한 메뉴가 있어요 | 가성비가 좋아요,,
123,6a728b42a009e2e481d116d7,텍스트·콘텐츠형,5,"국물이 깔끔하고 완자도 바지락의 쫄깃한 식감이 더해져 좋아요
엇그제 다녀온 지인이 맛있다며 오늘 델꼬왔어요ㅎ",2026-08-05,2026-08-05,8.5.수,8.5.수,1,이진아265,영수증,음식이 맛있어요 | 인테리어가 멋져요 | 주차하기 편해요,,
124,6a70204f1fd9613040c8897c,텍스트·콘텐츠형,4.5,"바지락의 고향 태안에서
진정한 바지락의 맛을
느끼고 갑니다.",2026-08-03,2026-08-03,8.3.월,8.3.월,1,kwj****,영수증,음식이 맛있어요 | 재료가 신선해요 | 양이 많아요 | 가성비가 좋아요 | 매장이 넓어요,,
125,6a70257abec8bef9aaf413cd,텍스트·콘텐츠형,4.5,진짜 맛있어요!! 내장도 안질기고 부드럽고 바지락도 해감 잘 되어있어요~ 국물도 짜지않고 칼칼시원하게 맛있습니다. 같이 나오는 바지락장도 맛있고 시래기밥도 맛있습니당 :) 꼭 제주 은희네해장국 바지락버전을 먹는것 같았어요! 태안여행와서 가장 맛있게 먹었던 음식이었습니다,2026-08-03,2026-08-03,8.3.월,8.3.월,1,혜선이ㅎ,영수증,음식이 맛있어요 | 양이 많아요 | 매장이 넓어요 | 매장이 청결해요 | 주차하기 편해요,"안녕하세요, 태안바지락해장국입니다. 
저희 음식을 맛있게 드신 것도 감사한데 명품 비유와 함께 태안 여행 중 가장 맛있었던 음식이라는 감동적인 극찬을 남겨주셔서 정말 뿌듯합니다! 
정성스레 신경 쓰는 내장의 부드러움과 바지락 해감, 그리고 바지락장과 시래기밥의 조합까지 세심하게 알아봐 주셔서 준비한 보람을 팍팍 느낍니다! 
앞으로도 태안 여행 오실 때마다 1등으로 찾아오시는 대표 태안 해장국 맛집으로 변함없이 정성을 다하겠습니다. 
늘 행복한 일만 가득하세요!",8.4.화
126,6a701adfca317d581a92b2df,텍스트·콘텐츠형,5,"다시 찾아온 태안 맛집…!
태안 가는사람들이게 꼭 추천하는집입니당
너무 맛있고 가게도 청결해요❣️
완전 추천 별다섯개⭐️⭐️⭐️⭐️⭐️",2026-08-03,2026-08-03,8.3.월,8.3.월,1,rach98,영수증,음식이 맛있어요 | 재료가 신선해요 | 양이 많아요 | 메뉴 구성이 알차요,"안녕하세요, 태안바지락해장국입니다. 
저희 매장을 잊지 않고 다시 찾아주시고 따뜻한 애정이 담긴 소중한 후기까지 남겨주셔서 진심으로 깊은 감사의 말씀을 올려드립니다. 
정성껏 준비한 음식의 맛은 물론, 매장의 위생과 청결까지 변함없이 만족을 드릴 수 있어 큰 보람과 자부심을 느낍니다. 
보내주신 깊은 신뢰와 별 다섯 개의 성원에 보답하여, 언제 방문하시더라도 늘 청결하고 정직한 한 상으로 대접하는 믿음직한 태안 해장국 맛집으로 자리를 지키겠습니다. 
항상 평안이 가득하시길 바랍니다.",8.4.화
127,6a7013dd644b71a9d0df567a,텍스트·콘텐츠형,5,양이 많고 맛있어요! 바지락 많고 바지락 국물 맛이 잘 나요. 매장이 넓고 깔끔해요,2026-08-03,2026-08-03,8.3.월,8.3.월,1,딸기조아123,영수증,음식이 맛있어요 | 양이 많아요 | 매장이 넓어요 | 매장이 청결해요,,
128,6a7000af10a557ffb48c35ef,텍스트·콘텐츠형,5,"음식이 맛있어요
밥도 맛있네요
재방문 의사있어요",2026-08-03,2026-08-03,8.3.월,8.3.월,1,bso****,영수증,음식이 맛있어요 | 재료가 신선해요 | 양이 많아요 | 특별한 메뉴가 있어요 | 가성비가 좋아요,,
129,6a6fd620881236b950d836b6,텍스트·콘텐츠형,4,,2026-08-03,2026-08-03,8.3.월,8.3.월,1,yur****,영수증,음식이 맛있어요 | 매장이 청결해요,,
130,6a6fd9833f650ee62e58bf42,텍스트·콘텐츠형,5,태안 맛집이 여깄었네,2026-08-03,2026-08-03,8.3.월,8.3.월,1,구루병,영수증,음식이 맛있어요 | 재료가 신선해요 | 매장이 넓어요 | 친절해요 | 매장이 청결해요,,
131,6a70200a200eb1eb7eb16664,텍스트·콘텐츠형,5,"게국지랑 게장쪽은 안땡겨서 머먹을지 여기저기 찾아보다 리뷰도 괜찮고 바지락들어간 해장국은 안먹어봐서 한번 먹어보자싶어서 와봤는데 생각보다 양도 많고 맛도 엄청 깔끔하고 찐한맛이라 맛있게 잘 먹었어요! 
바지락 양도 푸짐하고 시래기밥이랑 해장국 국물 조합이 너무 잘 어울렸네요 😊",2026-08-03,2026-08-03,8.3.월,8.3.월,1,반 은,영수증,음식이 맛있어요 | 양이 많아요 | 잡내가 적어요 | 차분한 분위기예요 | 매장이 청결해요,"안녕하세요, 태안바지락해장국입니다. 
게국지나 게장 대신 저희 바지락해장국을 선택해 주시고, 깔끔하고 진한 국물 맛에 반하셨다니 정말 뿌듯합니다!
바지락 특유의 시원함과 듬뿍 넣은 양, 그리고 구수한 시래기밥과의 완벽한 꿀조합까지 맛있게 즐겨주셔서 준비한 보람을 느낍니다! 
탁월했던 이번 첫 경험처럼, 앞으로도 태안 오실 때마다 항상 1등으로 생각나는 태안 해장국 맛집이 되도록 변함없는 정성과 맛으로 기다리고 있겠습니다. 
늘 행복한 하루 보내세요!",8.4.화
132,6a6eca6fefce3fe552605163,텍스트·콘텐츠형,4.5,"와 여기 진짜 해장제대로네요 ㅎㅎ 술땀과 해장을
제대로 하고갑니다 사장님더 엄청 친절하셔서 굿굿굿!!! 또올개영",2026-08-02,2026-08-02,8.2.일,8.2.일,1,Yoni12,영수증,음식이 맛있어요 | 재료가 신선해요,"안녕하세요, 태안바지락해장국입니다. 
개운하게 속 시원~하게 해장하고 가셨다니 정말 뿌듯합니다!
저의 소소한 친절까지 기분 좋게 느껴주시고 재방문 약속까지 남겨주셔서 큰 힘을 얻었어요!
앞으로도 속 풀 일 있으실 때나 태안 오실 때마다 1등으로 생각나는 태안 해장국 맛집이 되도록 변함없는 정성과 맛으로 기다리고 있겠습니다. 
숙취 싹 날려버리시고 오늘도 기분 좋은 하루 보내세요!",8.4.화
133,6a6eb83c4217d831ee3005b8,텍스트·콘텐츠형,5,"바지락 해장국은 처음 먹어 보는데, 예상보다 더 맛있습니다~👍",2026-08-02,2026-08-02,8.2.일,8.2.일,1,김동은29,영수증,음식이 맛있어요,,
134,6a6ebf23f941a10a69e1a516,텍스트·콘텐츠형,5,"둘 다 잡내 안 나고 맛있네요 
밑반찬도 깔끔하고 맛있게 잘 먹었습니다ㅎㅎ",2026-08-02,2026-08-02,8.2.일,8.2.일,1,000밍밍00,영수증,음식이 맛있어요 | 양이 많아요 | 특별한 메뉴가 있어요 | 화장실이 깨끗해요,,
135,6a6ebf06034f41581be2f40a,텍스트·콘텐츠형,5,진짜 너무 맛있어용 ⁼̴̤̆◡̶͂⁼̴̤̆ 잘 먹었습니다 태안 또 놀러오면 먹을거같아용,2026-08-02,2026-08-02,8.2.일,8.2.일,1,지존천사,영수증,음식이 맛있어요 | 매장이 넓어요,,
136,6a6f524a1d154f68f18812eb,텍스트·콘텐츠형,5,"주말 11:50분에 가서 20분 정도 웨이팅 했습니다
바지락은 작았는데 젓가락이 두꺼워서 바지락 까는게 너무 어려웠어요.",2026-08-02,2026-08-02,8.2.일,8.2.일,1,룰루랄라 치토,영수증,음식이 맛있어요,,
137,6a6eade2758f728b22735760,텍스트·콘텐츠형,5,,2026-08-02,2026-08-02,8.2.일,8.2.일,1,허만똥,영수증,음식이 맛있어요 | 특별한 메뉴가 있어요 | 양이 많아요 | 현지 맛에 가까워요 | 단체모임 하기 좋아요,,
138,6a6e9b356b5106d2c5b4fa03,텍스트·콘텐츠형,5,"바지락 내장탕 ,해장국 둘다 맛있고 고기완자도 맛있어요~~",2026-08-02,2026-08-02,8.2.일,8.2.일,1,gkr4188,영수증,음식이 맛있어요 | 재료가 신선해요 | 양이 많아요 | 특별한 메뉴가 있어요,"안녕하세요, 태안바지락해장국입니다. 
저희 대표 메뉴인 바지락 내장탕과 해장국, 그리고 사이드 고기완자까지 빠짐없이 맛있게 즐겨주셨다니 정말 뿌듯합니다!
정성껏 우려낸 깊은 국물과 조합 좋은 고기완자의 맛을 알아봐 주셔서 준비한 보람을 팍팍 느꼈어요! 
앞으로도 태안 오실 때마다 1등으로 생각나는 대표 태안 해장국 맛집으로 변함없는 정성과 맛으로 기다리고 있겠습니다. 감사합니다.",8.4.화
139,6a6ea31d246301dab48ed5b9,텍스트·콘텐츠형,5,"10시에왔는데도 웨이팅이 살짝있어요 ㅎㅎ 다들
어떻게 알고오시는지^^ 맛있고 밥도 부족하면 더 주셔서 배 두드리고 나갑니다~~ㅎㅎ",2026-08-02,2026-08-02,8.2.일,8.2.일,1,햄찡2,영수증,음식이 맛있어요 | 재료가 신선해요 | 양이 많아요 | 주차하기 편해요,"안녕하세요, 태안바지락해장국입니다. 
이른 아침 10시부터 저희 매장을 찾아주시고, 살짝의 웨이팅에도 너그럽게 기다려 주셔서 정말 감사합니다!
칭찬과 함께 밥까지 든든하게 드시고 배 두드리며 나가셨다니 가슴이 벅차오르고 뿌듯하네요! 
찾아주시는 모든 분들께 넉넉한 인심과 시원한 한 그릇을 선물해 드리는 1등 태안 해장국 맛집이 되도록 변함없이 정성을 다하겠습니다. 
늘 기분 좋은 일만 가득하세요!",8.4.화
140,6a6e81f81c0ef2df8add7c13,텍스트·콘텐츠형,5,여기 너무 맛있어여 자주 오는데 이번엔 부모님 모시고 왔는데 맛있다고 칭찬하시네요 강추합니다,2026-08-02,2026-08-02,8.2.일,8.2.일,2,청년이81,영수증,음식이 맛있어요 | 재료가 신선해요 | 양이 많아요 | 인테리어가 멋져요 | 매장이 넓어요,"안녕하세요, 태안바지락해장국입니다. 
평소에도 자주 찾아주시는 소중한 단골 고객님께서 이번엔 부모님까지 모시고 방문해 주셨다니 정말 감사드립니다! 
귀한 부모님 입맛에도 딱 맞아 칭찬받으셨다는 말씀에 사장으로서 가슴이 정말 벅차오르고 뿌듯하네요! 
소중한 가족과의 식사 자리를 저희 매장에서 기분 좋게 마무리하셨다니 큰 보람을 느낍니다.
앞으로도 부모님 모시고, 또 사랑하는 사람들과 언제든 안심하고 찾아오실 수 있는 1등 태안 해장국 맛집이 되도록 변함없이 정성을 다하겠습니다. 
온 가족 모두 늘 건강하시고 행복하세요!",8.4.화
141,6a6d7d5db4a8bb0579510619,텍스트·콘텐츠형,5,태안 가족여행 와서 먹으러왔는데 진짜 맛있었어요!! 태안에서만 먹을 수 있는 특별한 메뉴고 진짜 해장에 최고인 메뉴입니다 여행오시면 꼭 와보시길 추천드려요,2026-08-01,2026-08-01,8.1.토,8.1.토,1,par****,영수증,음식이 맛있어요 | 재료가 신선해요 | 양이 많아요 | 특별한 메뉴가 있어요,"안녕하세요, 태안바지락해장국입니다. 
가족들과 함께하는 귀한 여행길에 저희 매장을 믿고 방문해 주시고 정성 어린 후기까지 남겨주셔서 진심으로 깊은 감사의 말씀을 올려드립니다. 
저희 매장만의 독창적이고 특별한 해장국이 고객님과 가족분들의 입맛에 큰 만족을 드리고 편안한 해장을 도와드린 것 같아 참 큰 보람을 느낍니다. 
보내주신 성원에 보답하여, 계절이 바뀌고 언제 찾아주셔도 소중한 가족과 함께 안심하고 방문하실 수 있는 믿음직한 태안 해장국 맛집으로 자리를 지키겠습니다. 
항상 가정에 평안이 가득하시길 바랍니다.",8.4.화
142,6a6d7172bb6019f6f8700655,텍스트·콘텐츠형,5,,2026-08-01,2026-08-01,8.1.토,8.1.토,1,kim****,영수증,음식이 맛있어요 | 매장이 넓어요 | 매장이 청결해요,,
143,6a6d9668aa03163866c3c425,텍스트·콘텐츠형,5,밥 해장국 반찬 모두 완벽해요! 태안 방문하면 또 오고 싶네요ㅜㅜ,2026-08-01,2026-08-01,8.1.토,8.1.토,1,Arya,결제내역,음식이 맛있어요 | 양이 많아요 | 특별한 메뉴가 있어요 | 주차하기 편해요,"안녕하세요, 태안바지락해장국입니다. 
저희 매장을 믿고 찾아주시고 세심함이 묻어나는 소중한 후기까지 남겨주셔서 진심으로 깊은 감사의 말씀을 올려드립니다. 
정성껏 지은 밥과 깊게 우려낸 해장국, 그리고 정갈하게 차려낸 밑반찬까지 손님의 입맛에 완벽한 만족을 드린 것 같아 큰 보람을 느낍니다.
보내주신 성원과 귀한 재방문 다짐에 보답하여, 언제 다시 찾아주셔도 늘 한결같이 정직하고 품격 있는 한 상을 대접하는 태안 해장국 맛집으로 자리를 지키겠습니다.",8.4.화
144,6a6d6a107b3ed931825bced5,텍스트·콘텐츠형,4.5,"태안으로 1박2일 여행와서 마지막음식으로 어떤것을 먹을까 고민끝에 찾은 태안 바지락 해장국! 바지락 해장국은 처음보는거라 궁금했는데 식당 도착하니 사람도 많고 매장도 청결해서 맛이 궁금했어요
웨이팅이 앞에 10팀정도 있었지만 금방 제 순서가 왔고 여자친구는 해장국, 저는 내장탕을 먹었습니다
(내장탕은 하루30그릇 제한) 결론적으로 너무 맛있었고 다음에 또 태안에 온다면 방문할 맛 입니다!",2026-08-01,2026-08-01,8.1.토,8.1.토,1,ho****,영수증,음식이 맛있어요 | 특별한 메뉴가 있어요 | 친절해요 | 매장이 청결해요 | 매장이 넓어요,"안녕하세요, 태안바지락해장국입니다. 
소중한 1박 2일 태안 여행의 마지막 식사로 저희 매장을 찾아주시고 감동적인 극찬을 남겨주셔서 정말 감사합니다! 
10팀이라는 웨이팅에도 기다려 주시고, 하루 30그릇 한정인 내장탕 맛보기까지 성공하셔서 여자친구분과 함께 대만족 식사를 하셨다니 정말 뿌듯합니다!
깔끔한 매장 환경과 시원한 국물 맛의 가치를 알아봐 주셔서 준비한 보람을 느낍니다. 
다음 태안 여행길에도 1등으로 생각나는 태안 해장국 맛집으로 변함없는 정성과 맛으로 기다리고 있겠습니다. 항상 행복하세요!",8.4.화
145,6a6d57b8c1d3ded478d6b464,텍스트·콘텐츠형,5,"태안 바지락해장국 처음 먹어봤는데 맛있었습니다
시래기 특유의 향이 느껴집니다
해장이 잘되는 맛이에요",2026-08-01,2026-08-01,8.1.토,8.1.토,1,jmi****,영수증,음식이 맛있어요 | 양이 많아요,,
146,6a6d54ee48057c015dbdba60,텍스트·콘텐츠형,4,,2026-08-01,2026-08-01,8.1.토,8.1.토,1,두기31,영수증,음식이 맛있어요 | 특별한 메뉴가 있어요 | 친절해요,,
147,6a6d506e1c5342b6c35be66c,텍스트·콘텐츠형,5,"바지락이 들어간 해장국이 이렇게 맛있을지 몰랐습니다.
매장 깔끔하고 주차좋고 음식 맛있습니다",2026-08-01,2026-08-01,8.1.토,8.1.토,1,mac****,영수증,음식이 맛있어요 | 양이 많아요 | 특별한 메뉴가 있어요 | 매장이 넓어요 | 단체모임 하기 좋아요,,
148,6a6d4ac6c83597f25106736b,텍스트·콘텐츠형,4.5,바지락내장탕은 국물이 시원하고 바지락이 신선해서 해장하기 정말 좋았습니다. 고기완자는 육즙이 풍부하고 담백해서 함께 먹기 좋았어요. 음식도 깔끔하게 나오고 직원분들도 친절해서 만족스러운 식사였습니다. 태안에서 바지락 맛집으로 추천합니다!,2026-08-01,2026-08-01,8.1.토,8.1.토,1,김밥에 해미읍성,영수증,음식이 맛있어요 | 인테리어가 멋져요 | 매장이 청결해요,"안녕하세요, 태안바지락해장국입니다. 
정성 어린 소중한 후기를 남겨주셔서 정말 감사합니다. 
신선함이 생명인 바지락의 시원한 국물로 제대로 해장하시고, 육즙 가득한 고기완자까지 맛있게 즐겨주셨다니 정말 뿌듯합니다!
정갈하게 차려낸 한 상과 저희 직원들의 친절함까지 따뜻하게 알아봐 주셔서 전 직원이 큰 보람을 느꼈어요. 
'태안 바지락 맛집'으로 추천해 주신 마음 잊지 않고, 앞으로도 태안에 오실 때마다 항상 최고로 만족스러운 한 끼를 선물하는 1등 태안 해장국 맛집이 되도록 늘 정성을 다하겠습니다. 
늘 건강하시고 행복하세요!",8.4.화
149,6a6d423c5dd2595aee3045e2,텍스트·콘텐츠형,2.5,맛있었어요,2026-08-01,2026-08-01,8.1.토,8.1.토,1,0123456742,영수증,양이 많아요 | 매장이 넓어요,,
150,6a6c31fb06a933ec15b1549b,텍스트·콘텐츠형,5,자리도 넓고 맛있었습니다,2026-07-31,2026-07-31,7.31.금,7.31.금,1,jyr****,영수증,음식이 맛있어요 | 매장이 넓어요,,
151,6a6c2d75d5ed0959d0110831,텍스트·콘텐츠형,5,가족들이랑 먹으러왔는데 음식도깔끔하게 나오고 해장국도 시원하고 맛있었습니다!  여기에서 나오는 바지락장은 사가고싶은만큼 맛있었는데 금방 다팔려서 아쉬웠어요 ㅠㅠ 이곳 완전 추천드립니다!!,2026-07-31,2026-07-31,7.31.금,7.31.금,1,기쁜소리54,영수증,음식이 맛있어요 | 재료가 신선해요 | 양이 많아요 | 특별한 메뉴가 있어요,,
152,6a6c0e0d9e082ffe74bffb88,텍스트·콘텐츠형,5,바지락해장국 칼칼하니 너무 맛있네요 바지락 해감도 잘되있고 반찬도 정갈하니 맛나네요 다시마식초 다섯방울 완전 킥이네요 너무 맛있게 잘 먹었어요,2026-07-31,2026-07-31,7.31.금,7.31.금,1,지니야지니야,결제내역,음식이 맛있어요 | 양이 많아요 | 특별한 메뉴가 있어요 | 재료가 신선해요,,
153,6a6c16732083987dfc844eb8,텍스트·콘텐츠형,0.5,"매장안이 더워서 음식이 코로들어가는지
입으로 들어가는지 기억도안남
내 입이그런건지 음식은 짜고 남자 사장분 불친절함
다신안올듯.",2026-07-31,2026-07-31,7.31.금,7.31.금,1,rla****,영수증,음료가 맛있어요,,
154,6a6bf5edb18d2b266a82ac86,텍스트·콘텐츠형,5,칼칼한 바지락 해장국!,2026-07-31,2026-07-31,7.31.금,7.31.금,1,SteveYoung,영수증,인테리어가 멋져요 | 매장이 넓어요 | 매장이 청결해요,,
155,6a713346b14c42a464884bea,텍스트·콘텐츠형,5,후회 없는 맛,2026-08-04,2026-07-29,8.4.화,7.29.수,1,n4****,영수증,양이 많아요 | 음식이 맛있어요 | 메뉴 구성이 알차요,,
156,6a6827744abff822a4c22b22,텍스트·콘텐츠형,5,너무나무 맛있었어요! 양도 푸짐하고 넉넉해요. 그리고 식후 아아 먹을수 있는것에 백점이에요! 넘 좋아요.,2026-07-28,2026-07-28,7.28.화,7.28.화,1,Lumos96,영수증,음식이 맛있어요 | 재료가 신선해요 | 양이 많아요 | 인테리어가 멋져요 | 매장이 넓어요,,
157,6a66e730413805166d9af63c,텍스트·콘텐츠형,4.5,바지락해장국 생소한데 일인분씩 깔끔하게 나오는것도 좋고 반찬도 다 맛있어요,2026-07-27,2026-07-27,7.27.월,7.27.월,1,사랑스런 아이들,영수증,음식이 맛있어요 | 특별한 메뉴가 있어요 | 단체모임 하기 좋아요 | 주차하기 편해요 | 매장이 청결해요,,
158,6a66dbb0dd7788d836ff73b5,텍스트·콘텐츠형,5,태안여행온겸 들렷는데 진짜 해장되네요 ㅎㅎ특히 시래기밥 진짜 바지락장에 넣고서는 비벼먹으니 꿀맛 ㅎㅎㅎ 맛있게먹구갑니다,2026-07-27,2026-07-27,7.27.월,7.27.월,1,핑크피그79,영수증,음식이 맛있어요 | 재료가 신선해요 | 양이 많아요 | 특별한 메뉴가 있어요 | 친절해요,,
159,6a66d44fe1fdde121b5820ac,텍스트·콘텐츠형,5,바지락 해장국이라는 것이 생소한데 얼큰하고 정말 맛있어요~! 바지락 내장탕 하루에 30그릇만 판매하니 얼른 달려오시길,2026-07-27,2026-07-27,7.27.월,7.27.월,1,가으닝89,영수증,음식이 맛있어요 | 재료가 신선해요 | 양이 많아요,,
160,6a66c54951315cddd7c339c6,텍스트·콘텐츠형,5,"바지락 해장국과 바지락 고기완자 반접시 시켰는데 진짜 남는게 있을까? 하는 느낌이 들정도로 잘나옵니다!
태안 여행에서 만족도 높은 식사로 출발할 수 있어서  넘 좋습니다!ㅎ 얼큰한 국물이라 아기들은 완자와 함꺼 곤드레밥이랑 먹으면 좋겠습니다!
완전추천!",2026-07-27,2026-07-27,7.27.월,7.27.월,1,칸토르22,영수증,음식이 맛있어요 | 양이 많아요 | 가성비가 좋아요 | 재료가 신선해요 | 주차하기 편해요,"안녕하세요, 태안바지락해장국입니다. 
즐거운 태안 여행의 첫 출발을 저희 매장에서 기분 좋게 시작하셨다니 사장으로서 정말 가슴이 벅차오르고 감사합니다!
""남는 게 있을까?"" 싶으실 정도로 푸짐하게 드셨다니 아낌없이 올려드리는 보람을 팍팍 느낍니다! 
얼큰한 바지락 해장국 완뚝은 물론, 아이들을 위해 고기완자와 곤드레밥 조합 추천까지 세심하게 남겨주셔서 정말 감동이에요. 
소중한 가족분들과 만든 기분 좋은 에너지로 남은 태안 여행도 더욱 즐겁고 행복한 추억만 가득 만드시길 바랍니다. 
다음에 태안 오실 때도 든든하게 맞아드리는 1등 태안 맛집이 되겠습니다. 늘 행복하세요!",7.30.목
161,6a66ab84284f14de09610b93,텍스트·콘텐츠형,5,"태안에 출장 왔다가 방문했는데
후회없는 식사.. 🥰

바지락도 잔뜩!
해장에 이만한게 없을거 같네요
넘맛!",2026-07-27,2026-07-27,7.27.월,7.27.월,1,수유동꿀주먹,영수증,음식이 맛있어요 | 특별한 메뉴가 있어요 | 매장이 넓어요 | 매장이 청결해요,"안녕하세요, 태안바지락해장국입니다. 
바쁜 출장길에 저희 매장을 찾아주시고, 
감동적인 후기까지 남겨주셔서 정말 가슴이 벅차오릅니다! 
피곤하셨을 텐데 잔뜩 넣은 신선한 바지락과 시원한 국물로 속이 싹 풀어지셨다니 아낌없이 올려드린 보람을 팍팍 느낍니다! 
든든하게 드신 한 끼 에너지가 이번 태안 출장 일정에도 큰 힘이 되었길 바라요. 
다음에 또 태안 오실 일 있으시면 잊지 말고 속 풀러 1등 태안 맛집으로 들러주세요! 
늘 건강하시고 안전운전하세요!",7.30.목
162,6a658c6a17b6e80933f86bcc,텍스트·콘텐츠형,5,"부모님 모시고 점심 먹을겸 왔는데
바지락이 들어가서 
국물이 아주 시원하고 얼큰해요
부모님도 너무 만족해 하시면서 드셨어요!👍👍
(소주 안주로 최고임😆)",2026-07-26,2026-07-26,7.26.일,7.26.일,1,0쏘블리0,영수증,음식이 맛있어요 | 양이 많아요 | 특별한 메뉴가 있어요 | 매장이 넓어요 | 매장이 청결해요,"안녕하세요, 태안바지락해장국입니다. 
소중한 부모님을 모시고 드시는 점심 식사 자리에 저희 매장을 믿고 찾아주셔서 정말 감사합니다! 
바지락 특유의 시원하고 얼큰한 국물 맛에 부모님께서도 크게 만족하며 드셨다는 말씀을 들으니 사장으로서 가슴이 정말 따뜻해지고 보람을 느낍니다! 
부모님께 맛있는 한 끼를 대접하고자 하신 그 마음이 더욱 빛날 수 있었던 것 같아 진심으로 기쁘네요. 
앞으로도 부모님 모시고 언제든 안심하고 찾아오실 수 있는 1등 태안 맛집이 되도록 변함없이 정성스럽고 깔끔한 음식으로 기다리고 있겠습니다. 
항상 온 가족 모두 건강하시고 행복하세요!",7.30.목
163,6a6588287c2e7d44bc468bc2,텍스트·콘텐츠형,5,"골프 치기전 들러서 아주 맛있게 먹고 갑니다!
이름대로 해장 직빵입니다... 얼큰하고 시원하고!
바지락이 진짜커요... 숟가락만해요 최고!",2026-07-26,2026-07-26,7.26.일,7.26.일,1,021****,영수증,음식이 맛있어요 | 양이 많아요 | 혼밥하기 좋아요 | 친절해요 | 주차하기 편해요,"안녕하세요, 태안바지락해장국입니다. 
라운딩 전 저희 매장에 들러 든든하게 식사해 주시고 이렇게 신나는 극찬의 후기까지 남겨주셔서 정말 감사합니다!
'해장 직빵'이라는 말씀과 함께 숟가락만 한 왕바지락 크기에 놀라주셔서 아낌없이 푸짐하게 올려드리는 보람을 팍팍 느낍니다! 
든든하고 시원하게 속 풀고 가신 만큼 오늘 골프 스코어도 최고로 잘 나오셨기를 바라요!
앞으로도 태안에 골프 치러 오실 때마다 항상 찾으시는 필수 코스이자 1등 태안 맛집이 되도록 변함없는 맛과 정성을 다하겠습니다. 
늘 기분 좋은 라운딩 되세요!",7.30.목
164,6a6567cb05c039c5f4e899e2,텍스트·콘텐츠형,5,너무너무 맛나요 또 올게요,2026-07-26,2026-07-26,7.26.일,7.26.일,1,두목8245,영수증,음식이 맛있어요,,
165,6a65533e049644ec9b737cfc,텍스트·콘텐츠형,5,여름 휴가 첫날 첫 아침이었는데 굉장히 맛있고 양도 든든하고 여름휴가 시작이 좋아요!!😊😋,2026-07-26,2026-07-26,7.26.일,7.26.일,1,Soo558,영수증,음식이 맛있어요 | 양이 많아요 | 특별한 메뉴가 있어요 | 친절해요 | 음식이 빨리 나와요,,
166,6a655aa4f956c9f2b56671ef,텍스트·콘텐츠형,5,태안여행에서 먹은 음식 중 가장 만족스러웠어요!! 가성비 너무 좋고 너무 맛있어요!!,2026-07-26,2026-07-26,7.26.일,7.26.일,1,rim43,영수증,음식이 맛있어요 | 양이 많아요 | 가성비가 좋아요 | 친절해요,,
167,6a65a41bd04750103870eba4,텍스트·콘텐츠형,5,"첨 먹어보는 해정구님!!!

집은 멀지만 다시와서 먹고 가고 싶네요!!",2026-07-26,2026-07-26,7.26.일,7.26.일,1,지아니아부지,영수증,음식이 맛있어요 | 재료가 신선해요 | 양이 많아요 | 특별한 메뉴가 있어요 | 건강한 맛이에요,,
168,6a64319d956c46120be17c9c,텍스트·콘텐츠형,5,"태안 여행 올 때마다 들르는 곳이예요.
웨이팅이 조금은 있지만
바지락의 신선함과 얼큰함이 너무 좋아요.
바지락 고기완자도 맛있답니다.
맛있게 먹고 왔어요~~",2026-07-25,2026-07-25,7.25.토,7.25.토,1,hj****,영수증,음식이 맛있어요 | 재료가 신선해요 | 양이 많아요 | 건강한 맛이에요 | 가성비가 좋아요,"안녕하세요, 태안바지락해장국입니다. 
태안 여행길마다 잊지 않고 늘 저희 매장을 찾아주신다니, 단골 손님의 귀한 말씀에 사장으로서 정말 가슴이 벅차오르고 감동입니다!
소중한 여행 시간에 약간의 웨이팅이 있었음에도 불구하고, 신선하고 얼큰한 바지락 해장국과 노릇한 고기완자까지 맛있게 즐겨주셔서 얼마나 감사한지 몰라요. 
기다려주신 시간이 결코 아깝지 않도록 늘 최고의 맛과 신선함으로 보답하는 1등 태안 맛집이 되겠습니다. 
다음 태안 여행 때도 반가운 얼굴로 꼭 다시 들러주세요! 늘 행복하시고 즐거운 일만 가득하세요!",7.30.목
169,6a643c475af78344f803ad70,텍스트·콘텐츠형,5,"태안 캠핑왔다가 올라가는 길에 들렀어요!
그냥 검색해보고 왔는데 너무 맛있게 잘 먹었습니다😋
관광오신분들도 많아보였고 현지인 가족분들도 많이 계셨어요! 찐 맛집 맞습니다👍",2026-07-25,2026-07-25,7.25.토,7.25.토,1,POBI1021,영수증,음식이 맛있어요 | 재료가 신선해요 | 양이 많아요 | 매장이 넓어요 | 혼밥하기 좋아요,,
170,6a642079aee69bf8e43ea34a,텍스트·콘텐츠형,5,너무 맛있구 깔끔해요,2026-07-25,2026-07-25,7.25.토,7.25.토,1,ek****,영수증,재료가 신선해요,,
171,6a641c0eff483e065cd8df86,텍스트·콘텐츠형,5,바지락내장탕이 특이한 메뉴라고 생각해서 왔는데 정말 맛있어요 바지락도 많이 들었고 내장도 많아요 메뉴도 빨리 나오고 대기 있어도 금방 들어가요,2026-07-25,2026-07-25,7.25.토,7.25.토,1,정77777,영수증,음식이 맛있어요,"안녕하세요, 태안바지락해장국입니다. 
저희 매장을 믿고 방문해 주셔서 진심으로 깊은 감사의 말씀을 올려드립니다. 
저희 매장에서만 맛보실 수 있는 별미인 바지락내장탕의 깊은 맛과 아낌없이 넣어드리는 넉넉한 양, 그리고 빠른 서비스에 큰 만족을 느끼신 것 같아 큰 보람을 느낍니다. 
바쁜 시간대에도 소중한 걸음 해주신 고객님들의 시간이 아깝지 않도록 신속하고 정성스러운 서비스를 유지하고자 최선을 다하고 있습니다.
보내주신 성원에 보답하여 항상 차별화된 깊은 맛과 쾌적한 식사 환경을 선사하는 태안 해장국 맛집으로 자리를 지키겠습니다.",7.30.목
172,6a64145e506ee24bf5a4b51c,텍스트·콘텐츠형,5,"친구들괴 여행와서  아침식사했는데
너무 너무 맛있어요 ~~별미입니다",2026-07-25,2026-07-25,7.25.토,7.25.토,1,he2****,영수증,음식이 맛있어요 | 매장이 넓어요 | 화장실이 깨끗해요,,
173,6a62dc89217950e4336fa73e,텍스트·콘텐츠형,5,"처음 먹어보는 해장국인데 국물도 진하고 맛있어요
태안 여행와서 맛집 제대로 찾았어요",2026-07-24,2026-07-24,7.24.금,7.24.금,1,hye****,영수증,음식이 맛있어요 | 재료가 신선해요 | 매장이 넓어요 | 친절해요,,
174,6a6820d9c9b820dba22a03f6,텍스트·콘텐츠형,4.5,좋아요,2026-07-28,2026-07-24,7.28.화,7.24.금,1,수적천석5,영수증,음식이 맛있어요,,
175,6a62c82148db3c12bc223fce,텍스트·콘텐츠형,5,"바지락해장국.바지락내장탕 2가지를 먹었는데
바지락해장국은 시원하면서 개운한 맛이고
바지락내장탕도 너무 맛있네요.
씨래기밥은 바지락장에 비벼먹어요.
꼭 태안오시면 해장하러 오세요
인생 해장국이네요",2026-07-24,2026-07-24,7.24.금,7.24.금,1,홍박사88,영수증,음식이 맛있어요 | 재료가 신선해요 | 양이 많아요 | 특별한 메뉴가 있어요 | 매장이 청결해요,,
176,6a5f4e63d48136edefaaf3c8,텍스트·콘텐츠형,5,사장님께서 직접 홀을 관리하셔서 그런지 깔끔한 편이에요. 그리고 해장국 진짜 맛있어요! 바지락도 쫄깃하고 반찬도 무지 맛있었어요. 여기는 진짜 또 갈거에요,2026-07-21,2026-07-21,7.21.화,7.21.화,1,참새벽,영수증,음식이 맛있어요 | 특별한 메뉴가 있어요,,
177,6a5edf79d9d5281d5604ea58,텍스트·콘텐츠형,5,"서울 올라가는 참에 지나가는 길이 아닌데도 유명하다해서 와봤습니다 
비가 많이 왔음에도 올만합니다 일반은 깔끔하고 시원하고 내장탕은 감자탕 맛 비슷하게 나는데 맛있습니다
완자도 먹어보세요",2026-07-21,2026-07-21,7.21.화,7.21.화,1,타임94,영수증,음식이 맛있어요 | 재료가 신선해요 | 매장이 넓어요 | 친절해요 | 주차하기 편해요,"안녕하세요, 태안바지락해장국입니다. 
저희 매장을 찾아주시고 메뉴 하나하나 세심한 후기까지 남겨주셔서 진심으로 감사드립니다. 
지나가는 길이 아님에도 먼 걸음을 해주시고, 심지어 궂은 날씨 속에서도 귀한 시간 내어 방문해 주셨는데 만족스러운 식사가 되신 것 같아 사장으로서 깊은 보람을 느낍니다. 
시원하고 깔끔한 바지락해장국과 진하고 구수한 내장탕, 그리고 곁들이기 좋은 고기완자까지 저희 메뉴의 매력을 온전히 알아봐 주셔서 큰 힘이 됩니다. 
먼 길 찾아와 주시는 수고로움이 늘 헛되지 않도록 언제나 정성을 다하는 믿음직한 태안 해장국 맛집이 되겠습니다. 감사합니다.",7.24.금
178,6a5eda041b5c3d87c1aa40b9,텍스트·콘텐츠형,4.5,와 여기 맛집입니다 ㄷㄷㄷ 가격값하네요,2026-07-21,2026-07-21,7.21.화,7.21.화,1,으아마아아아,영수증,음식이 맛있어요 | 양이 많아요 | 매장이 넓어요 | 혼밥하기 좋아요 | 친절해요,,
179,6a5d8f57b635f184b20632e6,텍스트·콘텐츠형,5,"태안 올때마다 꼭 들려서 먹고가는 내 최애맛집
맛나고 분위기좋고 사장님친절하시공^^
예쁜 조개에코백 😆감사합니당",2026-07-20,2026-07-20,7.20.월,7.20.월,1,하리하리20,영수증,음식이 맛있어요 | 재료가 신선해요 | 인테리어가 멋져요 | 친절해요 | 매장이 청결해요,,
180,6a5d89dd8f84adbd24740c31,텍스트·콘텐츠형,5,진짜 많이 있어요. 또 방문 할 것 같습니다.,2026-07-20,2026-07-20,7.20.월,7.20.월,2,sinsomi,영수증,음식이 맛있어요 | 재료가 신선해요 | 양이 많아요,,
181,6a5c61faf4d677d713b4f4da,텍스트·콘텐츠형,5,태안여행 가는데 맛잇네요 강추,2026-07-19,2026-07-19,7.19.일,7.19.일,1,용가리5091,영수증,음식이 맛있어요 | 재료가 신선해요 | 매장이 넓어요 | 친절해요 | 매장이 청결해요,,
182,6a5c32d3e031b58e2531ed4e,텍스트·콘텐츠형,4.5,맛있습니다.1년마다 와서 먹고갑니다.,2026-07-19,2026-07-19,7.19.일,7.19.일,1,cjh****,영수증,음식이 맛있어요 | 재료가 신선해요 | 양이 많아요,,
183,6a5c3f5815260d01722ebc93,텍스트·콘텐츠형,5,"너무맛잇게 잘먹엇어요ㅎㅎ
해장으로 최곱니다",2026-07-19,2026-07-19,7.19.일,7.19.일,1,tjw****,영수증,음식이 맛있어요 | 재료가 신선해요 | 특별한 메뉴가 있어요,,
184,6a5b0cf67af5b4180d1b3199,텍스트·콘텐츠형,5,"1시간반정도의 오랜 기다림 끝에 입장해서 먹었는데
기다릴 만 할 정도의 맛입니다!
해장도 하고 너무 맛있게 잘 먹었습니다!!",2026-07-18,2026-07-18,7.18.토,7.18.토,1,주재비,영수증,음식이 맛있어요 | 재료가 신선해요 | 양이 많아요,,
185,6a5b0aadf610e5a87541b79e,텍스트·콘텐츠형,5,"제가 먹은 해장국 중에 넘버원이었습니다.

30분 이상 기다렸는데 그럴만한 가치가 충준히 있네요 ㅎㅎㅎㅎ. 잘 먹었습니다!!",2026-07-18,2026-07-18,7.18.토,7.18.토,1,그린호스5,영수증,음식이 맛있어요 | 재료가 신선해요 | 양이 많아요 | 특별한 메뉴가 있어요,,
186,6a5b21727cc627bb2028984c,텍스트·콘텐츠형,4,"“태안 바지락 해장국” 방문 했어요. 전국 최초 바지락 해장국이라고 해서 신박한 메뉴에 이끌려 반문했어요 
공휴일 오전 10:40분 도착.

1. 대기시간 약 30분 있어서, 11:20분쯤 착석했어요
2. 메뉴는 바지락해장국과, 바지락내장해장국(30그릇 한정),
    그리고 고기완자, 딱 3가지만 판매.
3. 바지락 해장국을 주문 했어요. 

평가: 얼큰한 육수에 시레기와, 바지락이 들어가 있어요. 
         의외로 먹을 만 했고, 주위에 식사하시는 분들도,
        맛있다고들 함.  저도 괜찮았습니다.  밑반찬은 
        소박하지만, 무로 만든 장아찌가 입에 맞았습니다. 
        들깨 기름? 이 들어간 시레기 밥이 나오는데, 장아찌
        간장과 비벼 먹으면 맛나네요",2026-07-18,2026-07-18,7.18.토,7.18.토,1,오 이맛이야,영수증,음식이 맛있어요 | 현지 맛에 가까워요 | 특별한 메뉴가 있어요,"안녕하세요, 태안바지락해장국입니다. 
전국 최초 바지락해장국이라는 타이틀을 믿고 호기심에 찾아주셨는데, 만족스러운 식사가 되신 것 같아 사장으로서 뿌듯하고 감사합니다! 
공휴일이라 30분이나 대기하느라 출출하고 피곤하셨을 텐데, 귀한 기다림에 보답하는 얼큰하고 맛있는 한 그릇이 되었다니 다행입니다. 
특히 들기름 향 솔솔 풍기는 시래기밥에 저희 집 무 장아찌 간장을 쓱싹 비벼 드신 완벽한 조합을 알아봐 주셔서 감격스럽네요! 
앞으로도 태안을 찾는 분들께 특별하고 잊지 못할 맛을 대접하는 1등 태안 해장국 맛집이 되겠습니다. 즐거운 하루 보내세요.",7.24.금
187,6a5adc8782b23cdb47276343,텍스트·콘텐츠형,5,너무너무 맛있는 바지락 많이 주셔서 잘 먹었습니다 !,2026-07-18,2026-07-18,7.18.토,7.18.토,1,메롱메롱6854,영수증,음식이 맛있어요 | 재료가 신선해요 | 양이 많아요 | 특별한 메뉴가 있어요 | 인테리어가 멋져요,,
188,6a5ae02d6d28bde5063b8b41,텍스트·콘텐츠형,5,"내장탕 + 해장국 + 완자 1접시 먹고 왔습니다.
우선 아이들이 먹을게 없을까바 걱정했는데
두툼한 완자와 오징어젓갈을 얹어서 김으로 싸먹으니
밥한그릇씩 뚝딱 입니다.
해장국은 시원하고 깔끔한맛과 가득찬 바지락이 좋았어요.
내장탕은 진한 맛과 바지락의 깔끔한 맛이 오묘하게 어우러져 밥 3공기 먹고 왔습니다.",2026-07-18,2026-07-18,7.18.토,7.18.토,1,카루8597,영수증,음식이 맛있어요 | 재료가 신선해요 | 잡내가 적어요,"안녕하세요, 태안바지락해장국입니다. 
저희 매장을 믿고 온 가족이 함께 찾아주셔서 진심으로 깊은 감사의 말씀을 올려드립니다.
아이들을 위해 정성스레 준비한 고기완자와 반찬 구성, 그리고 신선한 바지락과 진한 국물이 어우러진 해장국·내장탕이 가족분들 모두에게 기분 좋은 만족을 드린 것 같아 큰 보람을 느낍니다. 
밥 3공기를 비워주실 만큼 저희 음식의 진가를 깊이 알아봐 주신 마음에 보답하여, 언제 방문하셔도 한결같이 푸짐하고 정직한 한 상을 대접하는 태안 해장국 맛집으로 자리를 지키겠습니다. 감사합니다.",7.30.목
189,6a5ad8a529d841fc0149da77,텍스트·콘텐츠형,5,바지락 양이 많고 해장국도 너무 마싯어요 반찬도 하나하나 맛잇네요 최고입니다 웨이팅도 얼마안햇어용,2026-07-18,2026-07-18,7.18.토,7.18.토,1,뭉실멍,영수증,음식이 맛있어요 | 재료가 신선해요 | 양이 많아요 | 인테리어가 멋져요 | 매장이 넓어요,"안녕하세요, 태안바지락해장국입니다. 
저희 매장을 찾아주시고 따뜻한 호평의 말씀을 남겨주셔서 진심으로 감사드립니다. 
메인 메뉴인 바지락해장국은 물론, 매일 아침 함께 차려내는 반찬들까지 정성껏 준비하고 있는데 맛있게 즐겨주셔서 사장으로서 큰 보람을 느낍니다. 
기다리시는 시간이 길지 않게 기분 좋은 식사로 이어져 다행이며, 보내주신 성원에 보답할 수 있도록 언제 방문하셔도 한결같이 푸짐하고 정직한 태안 해장국 맛집이 되도록 노력하겠습니다. 감사합니다.",7.24.금
190,6a5ad680351983605c6210b1,텍스트·콘텐츠형,5,"오우 바지락은 간해독에 좋으니 해장국으로 바지락해장국은. 진짜 맛있고 좋으네요
맛있게 잘먹었습니다",2026-07-18,2026-07-18,7.18.토,7.18.토,1,duwnrj,영수증,음식이 맛있어요 | 양이 많아요 | 매장이 넓어요 | 친절해요 | 주차하기 편해요,"안녕하세요, 태안바지락해장국입니다. 
바지락이 간 해독과 피로 회복에 진짜 최고라는 점을 딱 알고 맛있게 즐겨주셨다니, 박수가 절로 나옵니다! 
시원하고 진하게 우려낸 국물로 속도 싹 풀리고 몸도 든든해지셨기를 바라요. 
아낌없이 넣은 바지락 드시고 기분 좋은 에너지를 가득 채워가신 것 같아 사장으로서 가슴이 정말 뿌듯합니다! 
앞으로도 속 풀리고 건강까지 챙길 수 있는 1등 태안 맛집으로 변함없이 신선하고 진한 국물 내어드릴 테니, 해장이 필요할 때 언제든 또 들러주세요. 늘 건강하시고 행복하세요!",7.30.목
191,6a5ad3554b3310c1437d438d,텍스트·콘텐츠형,4.5,여행중 우연히  발견한곳..   이번  여행의  픽~~^^,2026-07-18,2026-07-18,7.18.토,7.18.토,1,gks****,영수증,음식이 맛있어요 | 재료가 신선해요 | 특별한 메뉴가 있어요,,
192,6a59a41cd788146488eb4432,텍스트·콘텐츠형,4.5,"태안에  사는 지인이 추천해준 바지락해장국~
대기30분만에 자리에 앉았어요~
해장국에 바지락 완자 추가
사장님 엄청 친절하시고~ 
색다른 맛이에요~^^
태안에 오시면 꼭~~~드셔보세요♡",2026-07-17,2026-07-17,7.17.금,7.17.금,1,BINIJUNI,영수증,음식이 맛있어요 | 특별한 메뉴가 있어요 | 친절해요 | 주차하기 편해요,,
193,6a59987649943a50523f6ae0,텍스트·콘텐츠형,4,"맛있었어요
다음에 태안에 오면 또 올거예요~~",2026-07-17,2026-07-17,7.17.금,7.17.금,1,das****,영수증,음식이 맛있어요 | 특별한 메뉴가 있어요,,
194,6a5982efc0535ac546631c6d,텍스트·콘텐츠형,5,"양도 푸짐하고 맛있었으요
또 방문 할거 같아요",2026-07-17,2026-07-17,7.17.금,7.17.금,1,wha****,영수증,음식이 맛있어요 | 재료가 신선해요 | 양이 많아요 | 단체모임 하기 좋아요,,
195,6a5982850508eafe6d760e81,텍스트·콘텐츠형,4.5,해장국에 바지락이 들어있어 시원하고 맛있어요,2026-07-17,2026-07-17,7.17.금,7.17.금,1,유경6179,영수증,음식이 맛있어요 | 재료가 신선해요 | 단체모임 하기 좋아요 | 친절해요,,
196,6a597eb37213483cf9aa8160,텍스트·콘텐츠형,5,바지락해장국은 말모!! 맛있고 고기완자 덕분에 아기 완밥💛,2026-07-17,2026-07-17,7.17.금,7.17.금,1,주니콩콩,영수증,음식이 맛있어요 | 특별한 메뉴가 있어요 | 매장이 넓어요 | 친절해요 | 주차하기 편해요,,
197,6a5970a91d3c14638fab52f2,텍스트·콘텐츠형,4.5,바지락내장탕이 더 마싯네요^^ 한정인 이유가 있네요♡,2026-07-17,2026-07-17,7.17.금,7.17.금,1,핑거테라피,영수증,음식이 맛있어요 | 재료가 신선해요 | 특별한 메뉴가 있어요 | 인테리어가 멋져요 | 친절해요,"안녕하세요, 태안바지락해장국입니다. 
저희 매장의 시크릿 보물인 바지락내장탕을 맛보시고 극찬까지 남겨주셔서 정말 뿌듯합니다!
가장 신선한 재료로 완벽한 맛을 내기 위해 일일 한정 수량으로만 준비하고 있는데, 그 특별한 가치와 정성을 딱 알아봐 주셔서 감동받았습니다! 
쫄깃한 내장과 시원한 바지락의 환상적인 조합으로 제대로 완뚝하셨다니 아낌없이 올려드린 보람을 팍팍 느낍니다. 
앞으로도 한정 수량의 고집을 지키며 최고로 대접하는 1등 태안 맛집이 되겠습니다. 
다음 방문 때도 꼭 성공하셔서 든든하게 속 풀고 가세요! 늘 행복하세요!",7.30.목
198,6a570cdd1472039fe248e3ec,텍스트·콘텐츠형,3.5,기대이상의 맛,2026-07-15,2026-07-15,7.15.수,7.15.수,1,Heeya Sung,영수증,음식이 맛있어요,,
199,6a55d692565318ae79776fa1,텍스트·콘텐츠형,4,좋아요,2026-07-14,2026-07-14,7.14.화,7.14.화,1,세프티존,영수증,음식이 맛있어요,,
200,6a558e0e1e1870f38a5a0bc6,텍스트·콘텐츠형,4.5,바지락내장탕 너무맛잇어요~ 봄에 태안놀러왔을때 처음 들렀었는데 너무 맛잇어서 요번에 태안에 또 놀러온김에 왔어요~ 아이는 고기완자 반접시(2개) 시켜서 밥먹엿어요 김도 같이나와서 좋아요,2026-07-14,2026-07-14,7.14.화,7.14.화,1,Iiiil물그림자liiil,영수증,음식이 맛있어요,"안녕하세요, 태안바지락해장국입니다. 
봄에 방문해 주신 데 이어 다시 한번 저희 매장에 귀한 걸음 해주셔서 진심으로 감사드립니다. 
정성껏 준비한 바지락내장탕이 손님의 입맛에 잘 맞고 만족스러운 식사가 되신 것 같아 사장으로서 큰 보람을 느낍니다. 
어린아이들과 함께 오시는 부모님들이 편안하게 식사하실 수 있도록 준비한 고기완자와 김 조합도 유용하게 이용해 주셔서 감사한 마음입니다. 
멀리서 찾아주시는 발걸음이 늘 기쁨으로 채워질 수 있도록, 한결같은 품질과 정성으로 자리를 지키는 든든한 태안 해장국 맛집이 되겠습니다. 감사합니다.",7.24.금
201,6a5463cdf67f59d3670205b5,텍스트·콘텐츠형,5,"정말 마싯어요 ㅜㅜ 태안오면 다시 재방문할거에여!!
바지락해장국이라니 처음먹어보는데 남자친구랑 싹싹비웠어요 ! 🤍",2026-07-13,2026-07-13,7.13.월,7.13.월,1,유댕잉이이잉,영수증,음식이 맛있어요 | 재료가 신선해요 | 양이 많아요 | 특별한 메뉴가 있어요 | 인테리어가 멋져요,,
202,6a544450cb04810f5a2f2b9f,텍스트·콘텐츠형,4.5,"ㅎㅎ
유튜브 보고 태안오먐 꼭 와야한다고 해서
다시 서울 올라가기전에 들렷다가요
국물 한입먹고 오…? 대박인데 햇어요
태안오면
꼭 오기는 해여할거같아요
어디서도 먹어볼수없는 태안에서만 먹을수잇는
맛도리 해장국!!!!!!💕
또올게요오융",2026-07-13,2026-07-13,7.13.월,7.13.월,1,zzzang99,영수증,음식이 맛있어요 | 재료가 신선해요 | 양이 많아요 | 특별한 메뉴가 있어요,"안녕하세요, 태안바지락해장국입니다. 
저희 매장을 찾아주시고, 귀한 여행의 마무리를 저희 음식과 함께해 주셔서 진심으로 감사드립니다. 
유튜브를 보고 기대감을 안고 찾아주셨을 텐데, 첫 국물 한 입부터 큰 만족을 드린 것 같아 사장으로서 깊은 보람과 뿌듯함을 느낍니다. 
어디서도 드셔보지 못한 태안만의 독창적이고 깊은 해장국 맛을 선사해 드리기 위해 매일 아침 정성을 다해 끓여내고 있습니다. 
보내주신 따뜻한 성원과 재방문 약속에 보답할 수 있도록, 언제 찾아주셔도 늘 변함없는 맛과 정성을 지키는 든든한 태안 해장국 맛집이 되겠습니다. 늘 건강하시고 행복하십시오.",7.24.금
203,6a536ae4230daecf003fef17,텍스트·콘텐츠형,5,이틀연속 동일한 음식 먹는 사람 여기요. 태안 첫날 몸보신하려고 먹고 둘째날은 해장 목적으로 함께 여행간 사람들과 방문했어요. 일요일 12시 30분쯤 와서 1시간 웨이팅 했습니다. 역시나 웨이팅한 보람이 있었고요. 저희를 마지막으로 재료소진이 됐으니 1시 넘어서 방문하시는 분들은 소진 여부 확인 해보시면 좋을 것 같아요!,2026-07-12,2026-07-12,7.12.일,7.12.일,3,네에띠,영수증,매장이 넓어요 | 음식이 맛있어요 | 양이 많아요 | 특별한 메뉴가 있어요,"안녕하세요, 태안바지락해장국입니다. 
저희 매장을 믿고 귀한 여행 일정 중 이틀 연속이나 방문해 주셔서 진심으로 깊은 감사의 말씀을 올립니다. 
주말이라 대기 시간이 매우 길었음에도 불구하고 묵묵히 기다려 주시고, 저희 해장국 한 그릇으로 몸보신과 해장을 모두 만족스럽게 하셨다니 사장으로서 더할 나위 없는 보람을 느낍니다. 
마감 전 마지막 주문으로 무사히 대접해 드릴 수 있어 참 다행이었으며, 후행 방문객분들을 배려해 재료 소진 관련 안내까지 정성스레 적어주신 따뜻한 마음에 깊이 감사드립니다. 
언제 찾아주셔도 한결같이 정직하고 깊은 맛으로 보답하는 든든한 태안 해장국 맛집이 되겠습니다.",7.24.금
204,6a5301556d3898bb2fea4b53,텍스트·콘텐츠형,4.5,출장왔다가 식사하고 너무맛있어서 주말에 아이들데리고또왔어요 태안맛집인정입니다,2026-07-12,2026-07-12,7.12.일,7.12.일,1,꼬미꼬미쪼꼬미31,영수증,음식이 맛있어요 | 양이 많아요 | 매장이 넓어요,"안녕하세요, 태안바지락해장국입니다. 
저희 매장을 믿고 귀한 주말 시간에 아이들과 함께 다시 한번 방문해 주셔서 진심으로 깊은 감사의 말씀을 올립니다. 
출장 길에 맛보신 한 그릇이 좋은 기억으로 남아 소중한 가족들과 다시 찾아주셨다는 말씀에 사장으로서 더할 나위 없는 큰 보람과 책임감을 느낍니다. 
온 가족이 안심하고 든든하게 드실 수 있도록 매일 아침 신선한 재료와 정성으로 차려내고 있습니다. 
보내주신 성원과 인정에 보답하여 언제 방문하셔도 한결같이 정직하고 훌륭한 맛을 지켜나가는 태안 해장국 맛집이 되겠습니다. 늘 행복이 가득하시길 바랍니다.",7.24.금
205,6a52eecb6614b6b1e462a699,텍스트·콘텐츠형,5,맛있어요!!!또올겡ㆍ느,2026-07-12,2026-07-12,7.12.일,7.12.일,1,go****,영수증,음식이 맛있어요 | 인테리어가 멋져요 | 친절해요,,
206,6a52e940c9f5e23b1739b2d5,텍스트·콘텐츠형,4.5,정말 맛있습니다. 매주 오는거같아요,2026-07-12,2026-07-12,7.12.일,7.12.일,8,너구리맹구,영수증,음식이 맛있어요 | 재료가 신선해요 | 양이 많아요 | 혼밥하기 좋아요 | 친절해요,,
207,6a52eae2bb04e290ebb7a105,텍스트·콘텐츠형,5,"아침 아홉시에 갔는데도 웨이팅이 있는 맛집입니다.
어제먹은 술이 싹 해장되는 맛이고, 국물도 얼큰하고 시원합니다.
다음에 또 와야 겠어요",2026-07-12,2026-07-12,7.12.일,7.12.일,1,moebios,영수증,음식이 맛있어요 | 매장이 넓어요 | 매장이 청결해요,"안녕하세요, 태안바지락해장국입니다. 
이른 아침 시간 귀한 발걸음해 주시고 정성 어린 후기까지 남겨주셔서 진심으로 깊은 감사의 말씀을 전합니다. 
대기 시간이 있었음에도 너그럽게 이해해 주시고, 저희 바지락 해장국의 시원하고 얼큰한 국물로 만족스러운 해장을 하셨다니 큰 보람을 느낍니다. 
고객님의 귀한 기다림이 아깝지 않도록 언제 찾아주셔도 한결같이 깊고 진한 맛을 대접하는 믿음직한 태안 해장국 맛집으로 늘 자리를 지키겠습니다. 
항상 건강하시고 평안하시길 바랍니다.",7.30.목
208,6a51da86ce899bf12cc1ac79,텍스트·콘텐츠형,5,"음식이 정갈하고, 분위기가 좋네요. 바지락의 깊은 맛과 국물의 진함이 어우러져 입안이 즐겁습니다. 태안하면 바지락해장국이 떠오를 것 같습니다. 기분좋게 나갈 수 있는 식당이고요. 재방문 의사 100%입니다.",2026-07-11,2026-07-11,7.11.토,7.11.토,2,환소아뿡71,영수증,음식이 맛있어요 | 양이 많아요 | 현지 맛에 가까워요 | 특별한 메뉴가 있어요 | 재료가 신선해요,,
209,6a51da1fc744c432b7981acc,텍스트·콘텐츠형,4.5,"바지락이 정말 푸짐하게 들어 있어서 먹는 내내 부족하다는 느낌이 없었어요. 국물은 시원하면서도 깔끔해서 해장으로 딱이었고, 바지락도 비린 맛 없이 신선하고 쫄깃했습니다. 국물 한 숟갈 뜨는 순간 속이 확 풀리는 느낌이라 만족스러웠어요. 양도 넉넉하고 반찬도 잘 어울려서 든든하게 한 끼 먹기 좋았습니다. 다음에도 해장이나 뜨끈한 국물이 생각날 때 다시 방문하고 싶은 곳입니다.",2026-07-11,2026-07-11,7.11.토,7.11.토,1,yej****,영수증,음식이 맛있어요 | 양이 많아요 | 매장이 넓어요 | 혼밥하기 좋아요,"안녕하세요, 태안바지락해장국입니다. 
국물 한 숟갈 딱 드시는 순간 속이 확 풀리셨다니, 해장국을 끓이는 이보다 더 뿌듯하고 기쁜 칭찬이 있을까 싶습니다!  
손님들께서 부족함 없이 드시도록 매일 아침 엄선한 신선한 바지락을 듬뿍 아낌없이 넣고 있는데, 비린 맛없이 쫄깃하고 시원하다고 알아봐 주셔서 정말 감격스럽네요. 
정성스레 준비한 반찬과 함께 든든한 한 끼가 되셨다니 다행입니다. 
앞으로도 뜨끈하고 시원한 국물이 생각날 때마다 가장 먼저 떠오르는 1등 태안 해장국 맛집이 되도록 변함없는 맛으로 기다리고 있겠습니다. 
정성 어린 후기 감사드리며, 오늘도 기분 좋은 하루 보내세요!",7.24.금
210,6a51db174edd12902d57f57c,텍스트·콘텐츠형,5,작년에 태안에 놀러왔다가 먹고 반해서 이번에는 여행 첫날 일정을 태안바지락해장국으로 정했어요! 손님이 많았지만 다행히 소진 전에 먹을 수 있어서 좋았어요. 여전히 정갈한 한상은 먹는 사람을 기분 좋게 합니다. 초등 아이들은 해장국도 한그릇을 뚝딱했지만 어린 아이들은 고기완자랑 김으로 먹어도 너무 맛있답니다.,2026-07-11,2026-07-11,7.11.토,7.11.토,2,네에띠,영수증,음식이 맛있어요 | 재료가 신선해요 | 양이 많아요 | 반찬이 잘 나와요 | 매장이 넓어요,"안녕하세요, 태안바지락해장국입니다. 
작년에 이어 이번 태안 여행의 첫날 첫 코스로 저희 매장을 잊지 않고 찾아주셨다니, 정말 감사하고 반갑습니다!
손님이 많이 찾아주시는 시간대라 혹시나 소진될까 조마조마하셨을 텐데, 다행히 맛있게 드시고 가셨다니 사장으로서 마음이 푹 놓이네요. 
시원한 해장국 한 그릇을 뚝딱 비워낸 멋진 초등학생 친구들과, 고기완자에 김으로 맛나게 먹어준 어린아이들의 모습에 절로 미소가 지어집니다. 
이번 태안 여행도 행복한 추억만 가득하셨기를 바랍니다. 
앞으로도 태안 올 때마다 가장 먼저 생각나는 1등 태안 해장국 맛집이 되도록 변함없는 맛과 정성으로 기다리고 있겠습니다. 감사합니다!",7.24.금
211,6a51bfc96b398326d6c84b55,텍스트·콘텐츠형,4.5,"맛있어요
굿굿 강추",2026-07-11,2026-07-11,7.11.토,7.11.토,1,삐삐333,영수증,음식이 맛있어요 | 특별한 메뉴가 있어요 | 인테리어가 멋져요,,
212,6a51be12e681adc3b2e6e0fc,텍스트·콘텐츠형,4.5,"국물이 얼큰하고 시원한게 정말 맛있게 잘먹었습니다
아기들이랑 왔는데 고기완자도 있어서 더 좋았어요
재방문의사 100000%",2026-07-11,2026-07-11,7.11.토,7.11.토,1,kky****,영수증,음식이 맛있어요 | 재료가 신선해요 | 양이 많아요,,
213,6a51b486bc27f2a84be46fbd,텍스트·콘텐츠형,5,아이들과 먹기도 좋아요 ~~새로운맛입니다~,2026-07-11,2026-07-11,7.11.토,7.11.토,1,alw****,영수증,음식이 맛있어요 | 재료가 신선해요 | 양이 많아요,,
214,6a519a658849d8c9674b6eaa,텍스트·콘텐츠형,5,"태안여행♡
바지락내장탕 넘 맛있어요~~~~~~
고기완자도 반찬으로 딱♡
해장하기 딱입니당^^",2026-07-11,2026-07-11,7.11.토,7.11.토,1,cem****,영수증,음식이 맛있어요 | 특별한 메뉴가 있어요 | 친절해요,"안녕하세요, 태안바지락해장국입니다. 
즐거운 태안 여행 중에 저희 매장을 찾아주시고 사랑 가득한 후기까지 남겨주셔서 정말 감사합니다! 
저희 매장의 숨은 별미인 깊고 구수한 바지락내장탕과 육즙 가득 고기완자의 꿀조합을 알아봐 주셨네요! 
속 싹 풀어주는 국물과 완자 한 점으로 든든하게 해장 완벽 성공하셨다니 너무나 뿌듯합니다. 
기분 좋게 속 채우신 만큼 남은 태안 여행도 행복하고 기분 좋은 일만 가득하셨기를 바랍니다. 앞으로도 태안 놀러 오실 때마다 항상 생각나는 1등 태안 해장국 맛집이 되겠습니다. 또 놀러 오세요!",7.24.금
215,6a51f849fd5e99f24bc00889,텍스트·콘텐츠형,5,"바지락 해장국 
일단 너무 맛있었습니다~ 
시래기도 부드럽고 바지락도 듬뿍  
씨알은 좀 작은편  간은 좀 센편입니다만 
특별한 음식을 맛볼수 있어서 좋았고요
사이드 찬들도 진짜 다 맛있었어요
완자는 쏘쏘ㅎ
갠적으로 바지락장과 열무장아찌? 진짜 맛있었어요 👍 
포장판매 하길래 다 사왔네요
밥도 리필 찬도 리필ㅋㅋ 아이스 커피까지 마무리 
든든한 식사였습니다 
넘나 잘먹고갑니다  
친절하신 사장님 번창하세요~~",2026-07-11,2026-07-11,7.11.토,7.11.토,1,냠냠 기미,결제내역,음식이 맛있어요 | 특별한 메뉴가 있어요 | 친절해요 | 주차하기 편해요,"안녕하세요, 태안바지락해장국입니다. 
저희 해장국과 정갈한 사이드 찬들을 너무나 맛있게 즐겨주시고, 세심하고 정성스러운 후기까지 남겨주셔서 정말 감사합니다!
바지락 씨알의 간에 대한 솔직하고 소중한 의견도 감사히 들려받아, 늘 최고의 맛을 보여드릴 수 있도록 더 신경 쓰겠습니다. 
밥과 반찬도 든든하게 리필해 드시고 시원한 아이스 커피 마무리에 친절함까지 알아봐 주신 손님 덕분에 오늘 하루 큰 에너지를 얻어 갑니다! 앞으로도 태안 오실 때마다 생각나는 든든한 태안 해장국 맛집이 되겠습니다. 늘 건강하시고 행복하세요!",7.24.금
216,6a506c4aa0989cb1d7351133,텍스트·콘텐츠형,5,"바지락 해장국
맛집이라는 소문 듣고 방문
해장국 다운맛

바지락장에 비벼먹는 시래기밥
완전 맛났어요~~^^

자주 오게 될듯요",2026-07-10,2026-07-10,7.10.금,7.10.금,1,바 이 올 렛,영수증,음식이 맛있어요 | 양이 많아요 | 매장이 청결해요 | 친절해요,"안녕하세요, 태안바지락해장국입니다.
저희 매장을 믿고 찾아주시고 따뜻한 후기까지 남겨주셔서 진심으로 감사드립니다. 
주변의 소문에 부끄럽지 않도록 시원하고 깊은 해장국 맛을 내기 위해 매일 정성을 다하고 있는데, 그 진심이 통하셨다니 사장으로서 큰 보람을 느낍니다. 
해장국과 함께 별미로 대접해 드리는 구수한 시래기밥과 특제 바지락장의 조합을 맛있게 즐겨주시고 재방문까지 약속해 주셔서 큰 힘이 됩니다. 
늘 변함없는 맛과 정성으로 태안을 빛내는 든든한 태안 아침식사 맛집으로 자리를 지키겠습니다. 늘 건강하시고 행복하세요.",7.10.금
217,6a503b7570c8a48b85e24eb7,텍스트·콘텐츠형,5,"바지락 해장국 넘 맛있어요. 태안여행 시작이 좋습니다. 자극적이지 않고 부드러운 국물, 시래기 최곱니다. 시래기밥도 맛났어요. 또 올께요",2026-07-10,2026-07-10,7.10.금,7.10.금,1,todayisryan,영수증,음식이 맛있어요 | 재료가 신선해요 | 양이 많아요,,
218,6a4de299a146308c65740f7c,텍스트·콘텐츠형,5,맛난 바지락 해장국 좋았습니다,2026-07-08,2026-07-08,7.8.수,7.8.수,1,헤이강강,영수증,음식이 맛있어요,,
219,6a4dd4224b409018fc47cd64,텍스트·콘텐츠형,4.5,"새로운 맛집을  찾았어요
태안 여행이 시작부터 즐거워 지내요
사장님도 넘 친절하시고  또 방문하자 서로 약속했담니다",2026-07-08,2026-07-08,7.8.수,7.8.수,1,lkj****,영수증,음식이 맛있어요 | 양이 많아요 | 특별한 메뉴가 있어요 | 매장이 넓어요,,
220,6a4c8f840d7c76daf55bcb5b,텍스트·콘텐츠형,5,맛있게 잘 먹었습니다!,2026-07-07,2026-07-07,7.7.화,7.7.화,1,티거94,영수증,음식이 맛있어요 | 양이 많아요 | 재료가 신선해요 | 매장이 넓어요 | 혼밥하기 좋아요,,
221,6a4b264de5ae59e88ca0d80c,텍스트·콘텐츠형,5,"두번째 방문~ 
먹으면서 부모님 좋아하실 맛이라 부모님모시고 왔어요~!역시나 좋아라 하시네용~

새로 먹어본 내장탕도 맛있었습니다!",2026-07-06,2026-07-06,7.6.월,7.6.월,1,차차라추추5911,영수증,음식이 맛있어요 | 재료가 신선해요 | 양이 많아요 | 매장이 넓어요 | 친절해요,,
222,6a6244f806c3d5f30a43489b,텍스트·콘텐츠형,4.5,"전날 과음하고 해장하려고 아침일찍 방문했어요
바지락이...와...진짜 많아요!!!!
1년동안 먹을 바지락 다먹었네요 ㅋㅋ
얼큰하고 바지락 국물시원해서 해장잘했어요
곤드레밥이 진짜 신의한수 ㅠㅠ맛도리에여
양을...좀 줄여야될거같아여 ㅠ
성인남자도 다먹기힘들정도로 푸짐합니다
둘다 음식남기는거 싫어하는데 다못먹음..
바지락 육전?도 먹었눈데 맛있었어요
바로앞에 주차장있어서 편하고
다먹고 후식 아이스아메리카노도 먹었어용^^",2026-07-24,2026-07-06,7.24.금,7.6.월,1,술쟁이슬,결제내역,음식이 맛있어요 | 재료가 신선해요 | 양이 많아요 | 인테리어가 멋져요 | 친절해요,"안녕하세요, 태안바지락해장국입니다. 
전날 과음으로 쓰린 속을 안고 아침 일찍 찾아주셨는데, 시원한 바지락 국물로 해장 완벽하게 하셨다니 사장으로서 너무나 다행이고 기쁩니다!
저희 집 별미인 고소한 시래기밥과 겉바속촉  고기완자까지 야무지게 곁들여 주셔서 감사드려요. 
오시는 손님들 배불리 드시라고 바지락과 밥을 아낌없이 퍼드리다 보니 양이 엄청 푸짐하죠?
비록 다 못 드셨어도 손님의 따뜻한 마음과 칭찬만으로 이미 대만족입니다! 
주차도 편하게 하시고 후식 아이스 아메리카노까지 깔끔하게 즐겨주셔서 뿌듯하네요. 
앞으로도 속 풀고 싶을 때 가장 먼저 생각나는 1등 태안 해장국 맛집이 되겠습니다.",7.24.금
223,6a4aef2c56f17df5e5cf5386,텍스트·콘텐츠형,4.5,국물이 정말 진하고 시래기밥 향이 엄청 좋아요~,2026-07-06,2026-07-06,7.6.월,7.6.월,1,cci****,영수증,음식이 맛있어요 | 재료가 신선해요 | 양이 많아요 | 매장이 넓어요 | 인테리어가 멋져요,,
224,6a49e49fa376ce6d8aa3baeb,텍스트·콘텐츠형,5,태안은 바지락 내장탕으로 기억할게요!! 진짜 맛있었어요~ 서울에 가서도 잊지못할 거예요,2026-07-05,2026-07-05,7.5.일,7.5.일,1,ise****,영수증,음식이 맛있어요 | 재료가 신선해요 | 양이 많아요 | 매장이 청결해요 | 친절해요,,
225,6a49e081b83e17004fc4a4ee,텍스트·콘텐츠형,5,"얼큰한게 해장에 적합합니다~먹고나니 다시 또 술이 생각나는 맛입니다^^ 아이랑 왔는데 밥만 추가해서 바지락 고기완자와 먹으니 엄청 맛있다고 하네요^^
태안놀러와서 한번쯤 가볼만합니다!",2026-07-05,2026-07-05,7.5.일,7.5.일,1,코알라2965,영수증,음식이 맛있어요 | 양이 많아요 | 매장이 넓어요 | 매장이 청결해요 | 주차하기 편해요,"안녕하세요, 태안바지락해장국입니다.
드시면서 다시 술이 생각나셨다니, 사장으로서 이보다 더 완벽한 해장 인증 찬사는 없을 것 같습니다! 
얼큰한 국물로 속 풀고 기분 좋게 감탄해 주셔서 정말 감사드립니다. 
게다가 함께 온 자녀분이 통통한 바지락 고기완자에 밥 한 그릇을 엄청 맛있게 뚝딱 비워냈다니 너무 대견하고 뿌듯하네요. 
저희 완자가 아이들 밥반찬으로 아주 인기가 좋답니다! 
앞으로도 어른들은 속 시원하게 해장하고, 아이들은 든든하게 배 채울 수 있는 최고의 태안 아침식사 맛집이 되도록 정성을 다하겠습니다.
즐거운 태안 여행 하시고 다음에 또 들러주세요!",7.10.금
226,6a49d7ca935dbe673357f975,텍스트·콘텐츠형,4.5,"우연히 찾은 맛집 
기대이상으로 맛있고 양도 많아요
식당도 깨끗하고 음식도 맛나지만
살짝아쉬운게  대기실옆에
흡연하시는분들이 계신거 말고는 다
좋아요^^",2026-07-05,2026-07-05,7.5.일,7.5.일,1,닉네임  뭐 하지,영수증,음식이 맛있어요 | 재료가 신선해요 | 양이 많아요 | 특별한 메뉴가 있어요,,
227,6a49e4a63f43c146ed78abad,텍스트·콘텐츠형,5,너무 맛있어요! 바지락 내장탕 메뉴가 흔하지 않은데 진짜 맛있게 먹었어요!,2026-07-05,2026-07-05,7.5.일,7.5.일,1,ㅂ ㅂ r ㅅ ㅑ,영수증,음식이 맛있어요 | 재료가 신선해요 | 양이 많아요,,
228,6a49e36591c38c7e203d837b,텍스트·콘텐츠형,5,해장하고 서울 넘어가기 좋은 코스입니다 다음에도 또 올께요,2026-07-05,2026-07-05,7.5.일,7.5.일,1,켱89,영수증,음식이 맛있어요 | 재료가 신선해요 | 양이 많아요 | 주차하기 편해요,,
229,6a49d498684d73fad3f8f0ef,텍스트·콘텐츠형,4.5,너므너무 맛있네요. 웨이팅한 보람이 있어요,2026-07-05,2026-07-05,7.5.일,7.5.일,1,ter****,영수증,음식이 맛있어요 | 재료가 신선해요 | 양이 많아요 | 인테리어가 멋져요 | 단체모임 하기 좋아요,,
230,6a499535f0e2380d6a5cbb8b,텍스트·콘텐츠형,5,"태안 먹거리 많은데 바지락이 실하기에 검색 후 왔는데 해장도 좋고 양도 많이 주시네요.
아침인데도 손님 많네요",2026-07-05,2026-07-05,7.5.일,7.5.일,1,dig****,영수증,양이 많아요 | 재료가 신선해요,,
231,6a488f608c0efdc90b89c4c3,텍스트·콘텐츠형,5,맛있어요!,2026-07-04,2026-07-04,7.4.토,7.4.토,1,seo****,영수증,음식이 맛있어요 | 재료가 신선해요 | 친절해요 | 매장이 청결해요 | 화장실이 깨끗해요,,
232,6a4889643995a2e894946bed,텍스트·콘텐츠형,5,"태안에서 맛집 찾음

바지락 해장국 맛있어요~~~

재방문의사있슴~",2026-07-04,2026-07-04,7.4.토,7.4.토,1,djadlstjq,영수증,가성비가 좋아요 | 양이 많아요 | 혼밥하기 좋아요 | 뷰가 좋아요 | 주차하기 편해요,,
233,6a4871bf8c382b0effdbd137,텍스트·콘텐츠형,5,얼큰하게 오늘도 맛있게 잘먹고 갑니다. 바지락이 조금만컸으면 좋겠어요. 바지락장 맛있고 짱아찌도 맛있었어요,2026-07-04,2026-07-04,7.4.토,7.4.토,2,제이엘정보통신,영수증,음식이 맛있어요,,
234,6a435106d2ad05fb95c0a58c,텍스트·콘텐츠형,5,"진짜 해장의 성지 ㅋㅋㅋ 
얼큰한데 매장이 시원해서 편히 먹었다. 
시래기랑 바지락의 조화! 
깊은맛나는 국물, 반찬으로 나온 알타리 장아찌? 
맛있게 잘 먹었습니다!",2026-06-30,2026-06-30,6.30.화,6.30.화,1,수빵2,영수증,음식이 맛있어요 | 재료가 신선해요 | 혼밥하기 좋아요,,
235,6a4331fd4f91fb6bbebbc130,텍스트·콘텐츠형,5,소문대로 맛있습니다 강추!!,2026-06-30,2026-06-30,6.30.화,6.30.화,1,도로몽2148,영수증,음식이 맛있어요 | 재료가 신선해요 | 양이 많아요 | 특별한 메뉴가 있어요 | 가성비가 좋아요,,
236,6a447eaad73ac5cf656e1899,텍스트·콘텐츠형,5,"저에겐  인생 해장국 입니다. 
너무 맛있게 잘 먹었습니다~
대박 나세요~",2026-07-01,2026-06-30,7.1.수,6.30.화,1,일꾼65,영수증,음식이 맛있어요 | 재료가 신선해요 | 양이 많아요 | 혼밥하기 좋아요 | 매장이 넓어요,,
237,6a4202c3aaa0290e19ebff07,텍스트·콘텐츠형,5,"처음와본 바지락해장국집~
굿입니다~👍👍",2026-06-29,2026-06-29,6.29.월,6.29.월,1,요조숭녀,영수증,음식이 맛있어요 | 양이 많아요,,
238,6a41b3f383ced0146253afe3,텍스트·콘텐츠형,5,바지락 해장국은 처음 먹어보는데 엄청나게 맛있어요ㅎㅎㅎ 그리고 바지락장에 시래기밥 비벼먹는 것도 단짠단짠 맛있습니다,2026-06-29,2026-06-29,6.29.월,6.29.월,1,INA CHO,영수증,음식이 맛있어요 | 재료가 신선해요 | 양이 많아요 | 특별한 메뉴가 있어요 | 잡내가 적어요,,
239,6a40a9c9fc69dd693975c7e7,텍스트·콘텐츠형,4.5,,2026-06-28,2026-06-28,6.28.일,6.28.일,1,sun****,영수증,음식이 맛있어요 | 양이 많아요 | 매장이 청결해요,,
240,6a40a9b700d22de7dc6b77f1,텍스트·콘텐츠형,4,"특별한메뉴가 맛있어요
시래기밥에간장 시선한 아이디어가
돋보이네요",2026-06-28,2026-06-28,6.28.일,6.28.일,1,kjs9565,영수증,음식이 맛있어요 | 특별한 메뉴가 있어요,,
241,6a40a971339e67f1788989ae,텍스트·콘텐츠형,5,,2026-06-28,2026-06-28,6.28.일,6.28.일,1,sunk0604,영수증,음식이 맛있어요,,
242,6a40aa7620d58538fd0044f2,텍스트·콘텐츠형,5,"너무 맛있게 잘먹엇어요
특이한메뉴라 더 신선햇어요
다음에 꼭  다시오고싶어요",2026-06-28,2026-06-28,6.28.일,6.28.일,1,레몬8550,영수증,음식이 맛있어요 | 재료가 신선해요 | 양이 많아요 | 특별한 메뉴가 있어요 | 단체모임 하기 좋아요,,
243,6a40a8b710c2998b9d6799d6,텍스트·콘텐츠형,5,"특허냇다고 해서 대기도하고 왓는데
기다린보람있엇네요
얼큰하고 너무 맛있엇어요
양도 푸짐하고  지인들도 다맛잇데요
담에 또올께요",2026-06-28,2026-06-28,6.28.일,6.28.일,1,son****,영수증,음식이 맛있어요 | 재료가 신선해요 | 양이 많아요 | 매장이 넓어요 | 친절해요,,
244,6a40a46bde1fa63800acbf5d,텍스트·콘텐츠형,5,웨이팅 해서 먹었는데 기다린 시간이 아깝지 않을정도로 맛있었어요! 내장탕 건더기 푸짐하고 국물도 시원하고 맛있었어요,2026-06-28,2026-06-28,6.28.일,6.28.일,1,젠미니,영수증,음식이 맛있어요 | 재료가 신선해요 | 매장이 청결해요,,
245,6a409cc9bf0c50e9b2771b87,텍스트·콘텐츠형,5,존맛입니다. 여행와서 다음날 이거로 해장하면 숙취따위 없을듯 꼭 먹어보세요,2026-06-28,2026-06-28,6.28.일,6.28.일,1,김1756,영수증,음식이 맛있어요 | 재료가 신선해요 | 양이 많아요 | 특별한 메뉴가 있어요 | 매장이 청결해요,,
246,6a4081a1ae3cf250cadf5a17,텍스트·콘텐츠형,5,"해장으로 딱 좋아요!!깔끔하고
특히 바지락이 실해서 너무 좋았어요👍
아기랑 오기에도 괜찮아요",2026-06-28,2026-06-28,6.28.일,6.28.일,1,lhj0211,영수증,음식이 맛있어요 | 재료가 신선해요 | 양이 많아요 | 혼밥하기 좋아요 | 화장실이 깨끗해요,,
247,6a4080b1c9bcb9f74272c090,텍스트·콘텐츠형,4,음식이 깔끔하고 맛있어요,2026-06-28,2026-06-28,6.28.일,6.28.일,1,meo****,영수증,재료가 신선해요 | 음식이 맛있어요,,
248,6a408430fba28c7f95d9d280,텍스트·콘텐츠형,5,"고기완자도 탱글하고
기본 바지락 해장국은 깔끔하고 시원했어용
내장 바지락 해장국은 내장맛은 가득했지만 누린내 앖이 깔끔했습니다.

바지락도 많아용",2026-06-28,2026-06-28,6.28.일,6.28.일,1,C6H1206,영수증,음식이 맛있어요 | 특별한 메뉴가 있어요 | 인테리어가 멋져요 | 친절해요 | 매장이 청결해요,,
249,6a4072a522076b85e098628e,텍스트·콘텐츠형,5,"깔끔하고 맛있어요

추천합니다",2026-06-28,2026-06-28,6.28.일,6.28.일,1,sunny82,영수증,음식이 맛있어요 | 매장이 넓어요 | 매장이 청결해요,,
250,6a40681a2d829775abac40a4,텍스트·콘텐츠형,5,,2026-06-28,2026-06-28,6.28.일,6.28.일,1,par****,영수증,음식이 맛있어요,,
251,6a406803ebbc0c2bc4713c0b,텍스트·콘텐츠형,5,태안올때 강추!!!,2026-06-28,2026-06-28,6.28.일,6.28.일,1,훈민정음67,영수증,음식이 맛있어요 | 재료가 신선해요 | 특별한 메뉴가 있어요,,
252,6a4060841d2dd4b548620c9a,텍스트·콘텐츠형,4.5,엄빠가 너무 좋아하세요,2026-06-28,2026-06-28,6.28.일,6.28.일,5,you****,영수증,음식이 맛있어요 | 재료가 신선해요 | 인테리어가 멋져요 | 매장이 넓어요,,
253,6a3f60af3f43c146ed1f411c,텍스트·콘텐츠형,4.5,,2026-06-27,2026-06-27,6.27.토,6.27.토,1,직장인4944,영수증,음식이 맛있어요 | 재료가 신선해요 | 양이 많아요,,
254,6a3f4749752ff9f197276dc3,텍스트·콘텐츠형,5,너무 맛있게 먹었어요~^^,2026-06-27,2026-06-27,6.27.토,6.27.토,1,연평용사,영수증,음식이 맛있어요 | 재료가 신선해요 | 양이 많아요 | 인테리어가 멋져요 | 매장이 넓어요,,
255,6a3f52060751aa4a2b39429d,텍스트·콘텐츠형,5,"3번째 방문이에요
태안오면 꼭 가야할 해장국 맛집!!!
바지락이 통통하고 국물은 얼큰하고 시래기랑 조합이 너무 좋아요  술 진탕 먹고 다음날 오기 좋아요 
강강강강강강강추👍",2026-06-27,2026-06-27,6.27.토,6.27.토,1,welleell,영수증,음식이 맛있어요 | 반찬이 잘 나와요 | 매장이 넓어요 | 매장이 청결해요 | 주차하기 편해요,,
256,6a3f5077dc4147a6d5220daa,텍스트·콘텐츠형,5,"진짜 배터지고 맛있게 먹고 갑니다!!!!!
재방문 의사 200%!!!🤩🤩🤩",2026-06-27,2026-06-27,6.27.토,6.27.토,1,동츄맘,영수증,음식이 맛있어요 | 재료가 신선해요 | 양이 많아요 | 특별한 메뉴가 있어요 | 반찬이 잘 나와요,,
257,6a3f40c07251ac1446a0a969,텍스트·콘텐츠형,4.5,해장이 잘되는 맛있는 맛입니다.,2026-06-27,2026-06-27,6.27.토,6.27.토,1,적룡30,영수증,음식이 맛있어요,,
258,6a3f38b89be2d1bec4966e9d,텍스트·콘텐츠형,5,진정한 해장국 ㅋㅋ너무 시원하고 맛있어요,2026-06-27,2026-06-27,6.27.토,6.27.토,1,지그재그지,영수증,음식이 맛있어요,,
259,6a3f3cda772c68fa8dc6de71,텍스트·콘텐츠형,5,"재료도 너무 신선하고 비린맛이 하나도 없네용
바지락도 많이 들어가 있고 남기지 않고 싹싹 먹었어용",2026-06-27,2026-06-27,6.27.토,6.27.토,1,s2s2s2vvv84,영수증,음식이 맛있어요 | 재료가 신선해요 | 양이 많아요 | 특별한 메뉴가 있어요 | 매장이 넓어요,,
260,6a3f2944ef8f4444177c9fa4,텍스트·콘텐츠형,5,"처음 먹어봤는데 쉬원하면서 구수하네요^^
맛있게 먹었어요",2026-06-27,2026-06-27,6.27.토,6.27.토,1,고고씽4873,영수증,매장이 넓어요 | 매장이 청결해요 | 특별한 메뉴가 있어요,,
261,6a3f172aebe29ec25646dfc3,텍스트·콘텐츠형,5,맛있어요. 자주와요 매주 오는거 같아요ㅎㅎ,2026-06-27,2026-06-27,6.27.토,6.27.토,7,너구리맹구,영수증,음식이 맛있어요 | 인테리어가 멋져요 | 혼밥하기 좋아요 | 매장이 넓어요 | 매장이 청결해요,,
262,6a3f11c9b304ff68492f127c,텍스트·콘텐츠형,5,"처음 먹어본 바지락 해장국인데 너무 맛있어요 
저는 무조건 다시 옵니다 ㅎㅎㅎㅎㅎ",2026-06-27,2026-06-27,6.27.토,6.27.토,1,jdl18,영수증,음식이 맛있어요 | 양이 많아요 | 특별한 메뉴가 있어요 | 가성비가 좋아요 | 메뉴 구성이 알차요,,
263,6a3f0e35e31043101d6393c9,텍스트·콘텐츠형,5,저희 부모님께서 너무 좋아하셧어요,2026-06-27,2026-06-27,6.27.토,6.27.토,1,yea****,영수증,음식이 맛있어요,,
264,6a3dd1d0f0e2380d6a39f1de,텍스트·콘텐츠형,4.5,태안 놀러왔다가 들렸는데 너무 맛있게 잘 먹고 가요 ㅎ,2026-06-26,2026-06-26,6.26.금,6.26.금,1,쀼7224,영수증,음식이 맛있어요 | 양이 많아요 | 매장이 넓어요 | 단체모임 하기 좋아요 | 매장이 청결해요,,
265,6a3b58d7ceed2a50ad9576db,텍스트·콘텐츠형,5,"너무 맛있고 시원해요
양도 많고 굿 🌟",2026-06-24,2026-06-24,6.24.수,6.24.수,1,tng****,영수증,음식이 맛있어요 | 재료가 신선해요 | 양이 많아요 | 매장이 넓어요 | 친절해요,,
266,6a3b534ed9815b7773a57460,텍스트·콘텐츠형,5,자주오는데 너무 맛있고 중독된맛입니다.. 사장님 친절하세요~~~주차공간 넓고요,2026-06-24,2026-06-24,6.24.수,6.24.수,1,제이엘정보통신,영수증,음식이 맛있어요 | 재료가 신선해요 | 양이 많아요,,
267,6a3e76efb065a828023cf3f5,텍스트·콘텐츠형,5,"끝내주는 해장 맛집 태안바지락해장국!

고기나 순대가 아닌 싱싱한 바지락으로 육수를 내어
텁텁함 없이 깔끔한 국물 맛이 일품임다👍🏻
근래 먹었던 해장국 중 1등이옵니다..
바지락 양도 많고 통통하이 씹는 맛도 좋았어유

시래기밥이 함께 제공되서 더더더 만족
나갈 때 커피도 꼭 드세요. 커피까지 존맛탱😉",2026-06-26,2026-06-23,6.26.금,6.23.화,1,우얌얌 가이드,영수증,음식이 맛있어요 | 재료가 신선해요 | 양이 많아요 | 매장이 청결해요 | 주차하기 편해요,"안녕하세요, 태안바지락해장국입니다.
근래 먹었던 해장국 중 1등이라니요! 
사장으로서 이보다 더 짜릿하고 행복한 칭찬이 있을까 싶습니다. 
싱싱한 바지락으로 텁텁함 없이 맑고 시원하게 끓여낸 국물 맛을 제대로 알아봐 주셔서 정말 기쁩니다. 
함께 대접해 드리는 구수한 시래기밥에 마무리 후식 커피까지 완벽하게 즐기셨다니 아주 뿌듯하네요. 
앞으로도 이른 아침부터 속을 편안하고 든든하게 채워드릴 수 있는 대표 태안 아침식사 맛집이 되도록 정성을 다하겠습니다. 
다음 해장길에도 꼭 다시 들러주세요! 감사합니다.",7.10.금
268,6a39ec74ec7826f33560fe3f,텍스트·콘텐츠형,4.5,"태안 여행 온다면 꼭 여기 방문해서 
드셔보세요
술 먹고 다음날 무조건 해장각!!!",2026-06-23,2026-06-23,6.23.화,6.23.화,1,eks****,영수증,음식이 맛있어요 | 양이 많아요 | 특별한 메뉴가 있어요 | 매장이 넓어요 | 단체모임 하기 좋아요,,
269,6a38b1241e1f8d7d7027e1e4,텍스트·콘텐츠형,5,바지락 해장국 마시써요,2026-06-22,2026-06-22,6.22.월,6.22.월,1,mi0****,영수증,음식이 맛있어요 | 인테리어가 멋져요 | 친절해요,,
270,6a38af0767986e143886c87f,텍스트·콘텐츠형,5,바지락 양도 많고 시래기밥이 맛있어요~~,2026-06-22,2026-06-22,6.22.월,6.22.월,1,잉꾸9,영수증,양이 많아요 | 음식이 맛있어요 | 특별한 메뉴가 있어요 | 현지 맛에 가까워요 | 매장이 청결해요,,
271,6a377441cdae62af65fb2637,텍스트·콘텐츠형,5,맛있어용 또 올것 같습니다,2026-06-21,2026-06-21,6.21.일,6.21.일,1,sinsomi,영수증,음식이 맛있어요 | 재료가 신선해요,,
272,6a375a066c79d5e7b044b3b6,텍스트·콘텐츠형,5,"탸안 놀러와서 첫끼인데 성공했어요 ! 맛있고 바지락도 많이 들어있고 신랑은 내장탕, 저는 원조 먹고 고기완자도 먹었어요.
맛있습니다 !! 11시 반쯤 도착했는데 웨이팅 11번째 였어요. 
금방 들어갔습니다 ~ 반찬으로 주시는 바지락장에 밥 비벼먹으니 꿀맛이네요 ~",2026-06-21,2026-06-21,6.21.일,6.21.일,1,아이스라떼1234,영수증,음식이 맛있어요 | 재료가 신선해요,"안녕하세요, 태안바지락해장국입니다.
소중한 태안 여행의 첫 단추를 저희 매장에서 기분 좋게 시작하셨다니 너무나 보람차고 기쁩니다! 
11번째라는 웨이팅에도 너그러이 기다려주시고, 원조 해장국부터 내장탕, 고기완자까지 맛나게 즐겨주셔서 정말 감사드려요. 
특히 저희 집의 별미인 바지락장에 밥 슥슥 비벼 드시는 꿀맛 조합까지 정확히 마스터하셨네요.
이른 아침 여행길을 시작하시는 분들께 늘 든든하고 행복한 기억을 선물하는 태안 아침식사 맛집이 되도록 늘 정성을 다하겠습니다. 
남은 태안 여행도 신랑분과 함께 즐겁고 행복한 시간 보내세요! :)",7.10.금
273,6a3755aee6bf806d931b1f96,텍스트·콘텐츠형,5,넘 맛있게 잘먹었습니다,2026-06-21,2026-06-21,6.21.일,6.21.일,1,늉늉늉뇽,영수증,음식이 맛있어요 | 재료가 신선해요 | 양이 많아요 | 특별한 메뉴가 있어요 | 매장이 넓어요,,
274,6a373f8c8a5e55720440777f,텍스트·콘텐츠형,5,"어제도 먹고 오늘도 아침 해장으로 뚝딱 했습니다!
역시 해장에 진리네요^^",2026-06-21,2026-06-21,6.21.일,6.21.일,2,고도4625,영수증,음식이 맛있어요 | 재료가 신선해요 | 양이 많아요 | 매장이 넓어요,,
275,6a372445a4764ec3abe2d966,텍스트·콘텐츠형,5,맛있어요!! 태안 놀러오면 가볼만해요,2026-06-21,2026-06-21,6.21.일,6.21.일,1,나는 나354,영수증,음식이 맛있어요 | 특별한 메뉴가 있어요,,
276,6a3616c8fb418e810f70775a,텍스트·콘텐츠형,5,세번째 왔어용 맛있어요!사람이많아졌네요 ㅎㅎ잘먹었습니다,2026-06-20,2026-06-20,6.20.토,6.20.토,3,dkslxntp,영수증,음식이 맛있어요 | 재료가 신선해요 | 양이 많아요 | 매장이 넓어요 | 친절해요,,
277,6a35f9b5e7d8723626394233,텍스트·콘텐츠형,4,음식이 깔끔하고 맛있어요,2026-06-20,2026-06-20,6.20.토,6.20.토,1,altus1215,영수증,음식이 맛있어요,,
278,6a35e5c52acb82b5d00dc3aa,텍스트·콘텐츠형,5,술 다음날 해장으로 진리네요!!,2026-06-20,2026-06-20,6.20.토,6.20.토,1,고도4625,영수증,음식이 맛있어요 | 재료가 신선해요 | 양이 많아요 | 인테리어가 멋져요,,
279,6a34d2fb11dcc39b45747bb9,텍스트·콘텐츠형,4.5,정말 맛있습니다! 다음에 또 방문해서 바지락해장국 먹어봐야겠네요,2026-06-19,2026-06-19,6.19.금,6.19.금,1,li****,영수증,음식이 맛있어요 | 재료가 신선해요 | 양이 많아요,,
280,6a321fc3517910f09497b6bf,텍스트·콘텐츠형,4.5,너무 맛있어용,2026-06-17,2026-06-17,6.17.수,6.17.수,1,땡6690,영수증,음식이 맛있어요 | 양이 많아요 | 특별한 메뉴가 있어요,,
281,6a30c91024afb3912eb6b7f4,텍스트·콘텐츠형,5,맛있어요 담에도 또 오겠습니다~~!,2026-06-16,2026-06-16,6.16.화,6.16.화,1,우와3251,영수증,음식이 맛있어요 | 인테리어가 멋져요 | 매장이 청결해요,,
282,6a30c1a68a5e557204b6b4aa,텍스트·콘텐츠형,5,진짜 맛있어요! 까다로운 우리 아빠도 반하게한 맛,2026-06-16,2026-06-16,6.16.화,6.16.화,1,캣스톤,영수증,음식이 맛있어요 | 재료가 신선해요,,
283,6a2f7358d48b7bb527ff0621,텍스트·콘텐츠형,5,"사진이 좀 지저분 하지만 완뚝인증
시래기밥에 바지락장 비벼먹으니 진짜맛있음
해장하러왔다가 소주먹고감
친절깨끗사람들많음 맛집인정",2026-06-15,2026-06-15,6.15.월,6.15.월,1,res****,영수증,음식이 맛있어요 | 매장이 넓어요 | 매장이 청결해요 | 친절해요,,
284,6a2f583d6280195e693012ed,텍스트·콘텐츠형,5,너무 맛있어서 잊지않고 재방문 해요~~,2026-06-15,2026-06-15,6.15.월,6.15.월,1,바람꽃82,영수증,음식이 맛있어요 | 재료가 신선해요 | 양이 많아요 | 가성비가 좋아요,,
285,6a2e38a75a835c4b2d7781f6,텍스트·콘텐츠형,3.5,"일단 너무 맛있어요!!!
술 안먹고 왔는데 해장하실분들 추천입니당!!!
아가랑 와서 고기완자 먹였는데 잘먹네요!! 아기의자도 있어서 편해요!!😊

3시 영업마감 시간이랑 가까워지면 리필 시래기밥이 부족해서 맨밥이라 아쉬웠지만 그래도 처음 받았던 밥과 해장국, 반찬 모두 맛있어요!!😊",2026-06-14,2026-06-14,6.14.일,6.14.일,1,바귱진,영수증,음식이 맛있어요 | 반찬이 잘 나와요 | 비싼 만큼 가치있어요 | 매장이 청결해요 | 음식이 빨리 나와요,"안녕하세요, 태안바지락해장국입니다.
저희 매장을 찾아주시고 해장국과 고기완자 맛, 그리고 편의시설까지 좋게 평가해 주셔서 진심으로 감사드립니다. 
고객님의 칭찬 덕분에 큰 보람을 느끼는 한편, 마감 시간대 리필 시래기밥 부족으로 아쉬움을 남겨드려 무거운마음입니다. 
매일 신선하게 갓 지어 대접하다 보니 마감 무렵 수량 예측이 부족했던 점 너른 양해를 구합니다. 
지적해 주신 부분은 즉시 개선하여 어느 시간에 방문하셔도 온전한 만족을 드리는 맛집이 되도록 노력하겠습니다. 
소중한 피드백으로 저희 매장을 더 발전시켜 주셔서 감사드리며, 다음 방문 때는 더욱 완벽한 식사로 보답하겠습니다.",7.10.금
286,6a2e397b4f966b245b40761d,텍스트·콘텐츠형,5,"태안바지락해장국 🥣✨️
 고기육수베이스에 바지락이 푸짐하게 들어갔어요! 맑은탕 아니고 장국 스타일인데 얼큰하고 칼칼해요.
맛있게 매운맛 !! 해장용으로 딱이예용 ㅎㅎ 
밥도 그냥 밥이 아니라 곤드레밥인데 반은 말아먹고
반은 바지락장에 비벼먹었는데 고소하고 맛있어용!
태안여행에서 꼭 들러야할 맛집 왕추천 👍👍",2026-06-14,2026-06-14,6.14.일,6.14.일,1,미네랄25,영수증,음식이 맛있어요 | 양이 많아요 | 특별한 메뉴가 있어요,"안녕하세요, 태안바지락해장국입니다.
저희 매장을 방문해 주시고 상세한 후기를 남겨주셔서 진심으로 감사드립니다. 
맑은탕과는 또 다른 깊고 진한 맛을 내기 위해 고기 육수 베이스에 칼칼함을 더하고 싱싱한 바지락을 푸짐하게 넣고 있는데, 해장용으로 딱 맞으셨다니 사장으로서 큰 보람을 느낍니다. 
건강을 생각해 준비한 곤드레밥과 저희 매장의 별미인 바지락장까지 맛있게 즐겨주셔서 다행입니다. 
언제 찾아주셔도 늘 한결같은 맛과 정성으로 태안 여행의 든든한 시작을 책임지는 태안 아침식사 맛집이 되겠습니다. 
늘 건강하시고 행복하세요. :)",7.10.금
287,6a2e2d7e2f7927b9c10e0e18,텍스트·콘텐츠형,4.5,태안나들이중 바지락해장국은 생소해서 들어가봤는데 맛집이었네요 대기해서 먹었는데 정말맛있어요,2026-06-14,2026-06-14,6.14.일,6.14.일,1,워니미니맘83,영수증,음식이 맛있어요 | 재료가 신선해요 | 양이 많아요 | 특별한 메뉴가 있어요,,
288,6a2e228218b1702c5c7814a1,텍스트·콘텐츠형,5,"시래기 국물 베이스에 바지락 해장탕 너무 새롭고 맛있어요! 
내장탕도 얼큰하니 맛있고 바지락장 (젓갈)도 맛있습니다~~ 태안 내돈내산맛집,, 🐚🦪",2026-06-14,2026-06-14,6.14.일,6.14.일,1,LOGAN DUI,영수증,음식이 맛있어요 | 재료가 신선해요 | 양이 많아요 | 특별한 메뉴가 있어요,,
289,6a2e174215e628de630d75aa,텍스트·콘텐츠형,5,"처음와봣는데 너무 맛있게 잘 먹었어요!
양도 많고  고기완자 추가해서 꼭 드세요!!
너무 잘 먹었습니당",2026-06-14,2026-06-14,6.14.일,6.14.일,1,fkdgo09,영수증,음식이 맛있어요 | 재료가 신선해요 | 양이 많아요 | 매장이 넓어요 | 친절해요,,
290,6a2e01b0a568a10599bc0edc,텍스트·콘텐츠형,4.5,해장 하기 좋아요,2026-06-14,2026-06-14,6.14.일,6.14.일,1,장영수7787,영수증,인테리어가 멋져요 | 매장이 넓어요 | 혼밥하기 좋아요 | 친절해요 | 매장이 청결해요,,
291,6a2e0a984aebd3b74f786eba,텍스트·콘텐츠형,4.5,"태안와서 꼭 먹어야할곳!
얼큰 칼칼해서 해장으로 최고입니다! 너무 맛있게먹었어요.
고기완자도 진짜 고기를 씹는맛이어서 같이온 여자친구도 맛있다고 다먹었습니다! 완뚝,",2026-06-14,2026-06-14,6.14.일,6.14.일,1,tl****,영수증,음식이 맛있어요 | 재료가 신선해요 | 매장이 넓어요 | 단체모임 하기 좋아요 | 친절해요,,
292,6a2e250c3d5d2c97171b0ee9,텍스트·콘텐츠형,5,골프장 가는 길에 들렸어요. 메뉴가 특이하고 맛나고 좋아요 강추합니다.,2026-06-14,2026-06-14,6.14.일,6.14.일,1,최고민이혁이,영수증,음식이 맛있어요 | 재료가 신선해요 | 특별한 메뉴가 있어요 | 매장이 청결해요,,
293,6a2cec732d812549b5f79f68,텍스트·콘텐츠형,5,"태안 여행오면서 들리고 싶었던 집이었는데~
맛있어서 너무 만족했습니다😋",2026-06-13,2026-06-13,6.13.토,6.13.토,1,일상속설레임25,영수증,음식이 맛있어요 | 매장이 넓어요 | 친절해요 | 매장이 청결해요 | 주차하기 편해요,,
294,6a2cea08ffdb53262e231151,텍스트·콘텐츠형,5,"맛있게 싹싹 비었어요~
시래디 밥은 더 주시네요~~ 
양도 많고 맛있었어요!!",2026-06-13,2026-06-13,6.13.토,6.13.토,1,요리수씨투엠사고력 수 스토리 수학,영수증,양이 많아요 | 특별한 메뉴가 있어요 | 음식이 맛있어요 | 매장이 넓어요 | 매장이 청결해요,,
295,6a2cdf6507b0542e3b1b38ca,텍스트·콘텐츠형,5,"메뉴모두 맛있어요 :)
또 올듯 합니다!",2026-06-13,2026-06-13,6.13.토,6.13.토,1,MinHo10,영수증,음식이 맛있어요 | 양이 많아요 | 잡내가 적어요 | 메뉴 구성이 알차요,,
296,6a2ccf656c5ad376ac7cf8d2,텍스트·콘텐츠형,5,"여행의 마지막 일정으로 왔는데
역시나 너무 맛있네요~
얼큰하게 속 풀고 가기 딱입니다!",2026-06-13,2026-06-13,6.13.토,6.13.토,1,leejjeel,영수증,음식이 맛있어요 | 매장이 넓어요 | 친절해요,,
297,6a31386c65609e32b54912f0,텍스트·콘텐츠형,5,"태안가면 꼭 먹는 바지락해장국! 
건강하면서 맛있어요👍",2026-06-16,2026-06-13,6.16.화,6.13.토,2,안녕a22,영수증,음식이 맛있어요 | 재료가 신선해요 | 특별한 메뉴가 있어요 | 현지 맛에 가까워요 | 매장이 청결해요,,
298,6a28f67e283fa680f4bf3755,텍스트·콘텐츠형,5,"너무 배가 고팠는데 맛있게 완밥 했습니다! 
조개장도 슴슴하니 맛있어요 😍",2026-06-10,2026-06-10,6.10.수,6.10.수,1,joeun6200,영수증,음식이 맛있어요 | 양이 많아요 | 매장이 청결해요 | 주차하기 편해요,,
299,6a28f2a51e361ffe2d7b3fe3,텍스트·콘텐츠형,5,바지락 해장국은 처음 먹어보는데 매콤하게 맛있었어요!,2026-06-10,2026-06-10,6.10.수,6.10.수,1,조랭방구,영수증,음식이 맛있어요 | 특별한 메뉴가 있어요,,
300,6a28d396fcc9f4ba054c70e9,텍스트·콘텐츠형,5,여행길에 우연히 왔는데 너무 맛있게 먹었습니다. 직원분들도 친절하시고 깨끗한 분위기로 기분좋게 먹고 갑니다^^,2026-06-10,2026-06-10,6.10.수,6.10.수,1,dmsry04,영수증,음식이 맛있어요 | 재료가 신선해요 | 친절해요 | 좌석이 편해요 | 주차하기 편해요,,
301,6a263eaab963b1ecf1d208a6,텍스트·콘텐츠형,5,"태안 시내에서 가까운 위치에 있습니다
주차장도 넓어서 편하게 왔고
음식은 시래기가 들어있어 해장국 느낌인데 바지락 시원한 맛이 어우러져서 맛있었어요
바다 피서오셨다가 집 가시는 길에 먹어도 좋을 것 같아요~ 추천합니다",2026-06-08,2026-06-08,6.8.월,6.8.월,1,clear9686,영수증,음식이 맛있어요 | 특별한 메뉴가 있어요 | 양이 많아요 | 매장이 넓어요 | 단체모임 하기 좋아요,,
302,6a24e0fea9c706e7b95cc5a9,텍스트·콘텐츠형,5,바지락 해장국 얼큰하고 맛있어요~ 시래기밥에 바지락장 넣고 비벼먹음 향긋하고 맛나네요,2026-06-07,2026-06-07,6.7.일,6.7.일,1,켤켤4,영수증,음식이 맛있어요 | 재료가 신선해요 | 특별한 메뉴가 있어요 | 메뉴 구성이 알차요 | 건강한 맛이에요,,
303,6a24c7d74c712ad1fc637410,텍스트·콘텐츠형,5,태안 오면 꼭 먹어야 할 맛집입니다 맛있게 잘 먹었습니다!,2026-06-07,2026-06-07,6.7.일,6.7.일,1,Hahahhaha,영수증,음식이 맛있어요 | 양이 많아요 | 특별한 메뉴가 있어요 | 재료가 신선해요 | 반찬이 잘 나와요,,
304,6a24c441619e8dd60568a74f,텍스트·콘텐츠형,5,해장국 진짜 속풀리는맛👍👍👍완자도 맛나용!!,2026-06-07,2026-06-07,6.7.일,6.7.일,1,qwert1624,영수증,음식이 맛있어요 | 재료가 신선해요 | 인테리어가 멋져요,,
305,6a23970fb6015f797c1a873b,텍스트·콘텐츠형,4,맛있게잘먹었습니다 새롭고 맛있네용,2026-06-06,2026-06-06,6.6.토,6.6.토,1,kis****,결제내역,음식이 맛있어요 | 재료가 신선해요 | 양이 많아요,,
306,6a23737bd970f93117d89520,텍스트·콘텐츠형,5,"회사직원들이 강추하는맛집이라 와봤어요.~~
언제와도 맛있네요~~
재방문의사강추입니다~~",2026-06-06,2026-06-06,6.6.토,6.6.토,1,때구리78,영수증,음식이 맛있어요,,
307,6a224295be41e7faa56352a9,텍스트·콘텐츠형,5,안면도 매년 방문하는데 매번 오는 아주아주 맛집입니다. 여전히 맛있네요! 사장님 번창하세요!!,2026-06-05,2026-06-05,6.5.금,6.5.금,1,jjyuandme,영수증,음식이 맛있어요 | 특별한 메뉴가 있어요 | 가성비가 좋아요 | 매장이 청결해요 | 친절해요,,
308,6a1fabf13c557ce737ec05c3,텍스트·콘텐츠형,5,"바지락간장에 시래기밥 비벼먹는것도 해장국에 말아먹는것도 맛있었어요 
먹다가 다시마 식초를 넣어 먹으니 더 맛있었어요 
아이는 고기 완자도 맛있었어요 
아이랑 같이 식사하기도 좋아요^^",2026-06-03,2026-06-03,6.3.수,6.3.수,1,싱9284,영수증,음식이 맛있어요 | 재료가 신선해요 | 양이 많아요 | 매장이 넓어요 | 혼밥하기 좋아요,"안녕하세요, 태안바지락해장국입니다.
저희 매장을 찾아주시고, 다른 고객분들께도 도움이 되는 정성 가득한 이용 꿀팁과 후기를 남겨주셔서 진심으로 감사드립니다. 
구수한 시래기밥과 특제 바지락간장의 조화, 그리고 국물의 맛을 한층 더 깔끔하게 살려주는 다시마 식초의 조합까지 맛있게 즐겨주셔서 무척 기쁩니다. 
매운 음식을 못 먹는 아이들을 위해 준비한 고기완자가 자녀분 입맛에 잘 맞고, 편안한 가족 식사 자리가 되신 것 같아 다행입니다. 
언제 방문하셔도 온 가족이 다 함께 만족할 수 있는 든든하고 위생적인 태안 아침식사 맛집이 되도록 초심을 잃지 않고 묵묵히 정성을 다하겠습니다. 감사합니다. :)",7.10.금
309,6a1f9a4c58cdc6d38f09e83f,텍스트·콘텐츠형,5,"골프라운딩  가는길에 들른 맛집 해장국 ㅎ
해장국도 좋았지만 고기완자 쫄깃하고 넘맛있었네요
신선하고 맛있는 내장탕도 추천합니다",2026-06-03,2026-06-03,6.3.수,6.3.수,1,나아안짱,영수증,음식이 맛있어요 | 매장이 넓어요 | 매장이 청결해요 | 주차하기 편해요,"안녕하세요, 태안바지락해장국입니다.
저희 매장을 방문해 주시고 메뉴 하나하나 정성스럽게 추천해 주셔서 진심으로 감사드립니다. 
라운딩 전 소중한 아침 식사 자리를 저희와 함께해 주셨는데, 깊고 시원한 해장국과 신선함을 최우선으로 준비하는 내장탕, 그리고 별미인 고기완자까지 모두 입맛에 잘 맞으신 것 같아 큰 보람을 느낍니다. 
언제 찾아주셔도 늘 엄선된 식재료로 정갈하게 끓여내어 귀한 걸음이 아깝지 않은 든든한 태안 아침식사 맛집이 되겠습니다. 
늘 건강하시고 필드 위에서 늘 즐거운 시간 보내시길 바랍니다. :)",7.10.금
310,6a1e21d4a6d29af161971d3a,텍스트·콘텐츠형,5,"와 여기 찐 맛집이네요.
아이는 고기완자 먹고
어른들은 해장국으로 하루시작!
너무 맛있어요~!",2026-06-02,2026-06-02,6.2.화,6.2.화,1,로켓티어247,영수증,음식이 맛있어요 | 재료가 신선해요 | 매장이 넓어요 | 친절해요 | 매장이 청결해요,"안녕하세요, 태안바지락해장국입니다.
저희 매장을 찾아주시고 찐 맛집이라는 칭찬까지 남겨주셔서 진심으로 감사드립니다. 
하루를 시작하는 첫 끼는 그날의 컨디션을 좌우할 만큼 중요한데, 어른들과 자녀분 모두가 만족스러운 식사를 하신 것 같아 큰 보람을 느낍니다. 
매운 음식을 못 먹는 아이들을 위해 정성껏 빚어낸 고기완자와 깊고 진하게 끓여낸 해장국이 손님 가족분들께 든든한 에너지가 되었기를 바랍니다. 
언제 방문하셔도 늘 변함없는 신뢰를 드리는 태안 아침식사 맛집이 되도록 초심을 잃지 않고 묵묵히 자리를 지키겠습니다. 감사합니다. :)",7.10.금
311,6a1e1a5fed91b0f8adf8486b,텍스트·콘텐츠형,5,"이곳은 특이하게 일반 쌀밥이 아니라 은은한 향이 좋은 정갈한 나물밥이 큰 대접에 함께 나옵니다. 밑반찬도 1인 정식처럼 깔끔하게 쟁반에 담겨 나와 대접받는 기분으로 기분 좋게 식사를 시작할 수 있습니다.
​메인 메뉴인 바지락해장국은 뚝배기에 보글보글 끓여져 나오는데, 한눈에 봐도 국물이 아주 얼큰하고 진해 보입니다. 껍질째 들어간 바지락이 정말 아낌없이 듬뿍 쌓여 있어서 국물의 시원함과 감칠맛이 남다릅니다. 칼칼하면서도 속이 확 풀리는 국물에 부드러운 시래기와 쫄깃한 바지락 조화가 훌륭해서 해장용으로 이만한 게 없겠다 싶었습니다.
​그리고 테이블마다 놓인 이 집만의 킥, 바로 **'다시마식초'**인데요! 식사 중간쯤 남았습다",2026-06-02,2026-06-02,6.2.화,6.2.화,3,스스미바바,영수증,양이 많아요 | 혼밥하기 좋아요 | 매장이 넓어요 | 인테리어가 멋져요 | 매장이 청결해요,"안녕하세요, 태안바지락해장국입니다.
정갈한 나물밥과 1인 한 상 차림부터, 아낌없이 넣은 바지락 국물의 깊은 맛까지 저희 매장의 매력을 정말 하나하나 정성스럽게 담아 리뷰를 남겨주셔서 깊이 감사드립니다! 
손님의 상세하고 생생한 글을 읽으니 사장인 저마저도 군침이 돌 만큼 큰 감동과 보람을 느낍니다.
앞으로도 대접받는 기분 그대로, 언제 방문하셔도 한결같이 시원하고 개운한 국물과 따뜻한 정성으로 보답하는 태안 해장국 맛집이 되겠습니다. 
즐거운 태안 여행길에 기분 좋은 최고의 한 끼가 되었기를 바라며, 다음에도 속 풀리는 얼큰함이 생각나실 때 꼭 다시 들러주세요. 감사합니다!",6.25.목
312,6a1d00c6cac351bbdd7c9b6e,텍스트·콘텐츠형,4.5,해장국 맛있어요,2026-06-01,2026-06-01,6.1.월,6.1.월,1,foikjoon,영수증,재료가 신선해요 | 인테리어가 멋져요 | 친절해요,,
313,6a1cf76c2ded563bf2ebf265,텍스트·콘텐츠형,4.5,워크샵가는길에 점심먹으러 단체로 들렀는데 매장도 깔끔하고 한상차림이 정갈해요! 맛있습니다 :),2026-06-01,2026-06-01,6.1.월,6.1.월,1,베리36,영수증,음식이 맛있어요 | 특별한 메뉴가 있어요 | 매장이 넓어요,"안녕하세요, 태안바지락해장국입니다.
워크샵 가는 길이라는 뜻깊은 일정 중에 단체로 저희 매장을 믿고 방문해 주셔서 정말 감사합니다! 
깔끔한 매장 분위기와 정갈하게 준비해 드린 한상차림까지 기분 좋게 칭찬해 주시고, 무엇보다 맛있게 식사하셨다니 사장으로서 정말 기쁘고 뿌듯한 마음입니다. 
앞으로도 여럿이 함께 오셔도 늘 대접받는 기분을 느끼실 수 있는 태안 해장국 맛집이 될 수 있도록, 언제 방문하셔도 한결같이 시원하고 개운한 국물과 따뜻한 정성으로 보답하겠습니다. 
즐거운 태안 방문길에 언제든 든든한 한 끼가 생각나시면 꼭 다시 들러주세요. 감사합니다!",6.25.목
314,6a1cf844a6d29af161c29578,텍스트·콘텐츠형,5,메뉴가 독특한데 너무 맛있어요!! 여기서만 먹을 수 있는 맛이에요👍🏻,2026-06-01,2026-06-01,6.1.월,6.1.월,1,lumiere61,영수증,음식이 맛있어요 | 재료가 신선해요 | 특별한 메뉴가 있어요 | 주차하기 편해요 | 매장이 청결해요,"안녕하세요, 태안바지락해장국입니다.
저희 매장만의 독특한 메뉴와 특별한 맛을 알아봐 주시고 여기서만 먹을 수 있는 맛이라는 최고의 찬사를 남겨주셔서 정말 감사합니다!
앞으로도 오직 저희 매장에서만 느끼실 수 있는 독보적인 태안 해장국 맛집이 될 수 있도록, 언제 방문하셔도 한결같이 시원하고 개운한 국물과 따뜻한 정성으로 보답하겠습니다. 
즐거운 태안 여행길에 잊지 못할 특별한 한 끼가 되었기를 바라겠습니다!",6.25.목
315,6a1ceb8430f6e92d71fed540,텍스트·콘텐츠형,5,맛나요~^^,2026-06-01,2026-06-01,6.1.월,6.1.월,1,hat 줌마,영수증,음식이 맛있어요 | 재료가 신선해요 | 양이 많아요 | 특별한 메뉴가 있어요,"안녕하세요, 태안바지락해장국입니다.
기분 좋은 칭찬을 남겨주셔서 정말 감사합니다! 짧지만 직관적인 손님의 한마디에 사장으로서 오늘 하루 피로가 싹 날아갈 만큼 큰 힘을 얻습니다. 
앞으로도 많은 분께 변함없는 맛을 드리는 태안 해장국 맛집이 될 수 있도록, 언제 방문하셔도 한결같이 시원하고 개운한 국물과 따뜻한 정성으로 보답하겠습니다.
즐거운 태안 여행길에 기분 좋은 한 끼가 되었기를 바라며, 다음에도 맛있는 해장국 드시러 꼭 다시 들러주세요. 감사합니다!",6.25.목
316,6a1cdcaa9725c29084a7e77c,텍스트·콘텐츠형,4.5,"너무맛있고 친절하시고
최고예요
또먹고싶은 맛이예요",2026-06-01,2026-06-01,6.1.월,6.1.월,1,vgk****,영수증,음식이 맛있어요 | 가성비가 좋아요 | 인테리어가 멋져요 | 매장이 넓어요,"안녕하세요, 태안바지락해장국입니다.
고객님께서 최고의 칭찬을 남겨주어 정말 감동이고 행복합니다! 
손님의 따뜻한 말씀 덕분에 저희 모두가 오늘 하루 큰 보람과 힘을 얻습니다.
앞으로도 언제 방문하셔도 변함없는 맛과 친절함으로 감동을 드리는 태안 해장국 맛집이 될 수 있도록, 늘 정성을 다해 한결같이 시원하고 개운한 국물로 보답하겠습니다. 
즐거운 태안 여행길에 기분 좋은 추억이 되었기를 바라며, 또 먹고 싶을 때 언제든 꼭 다시 들러주세요. 감사합니다!",6.25.목
317,6a1ba4cb73dc3354848412b6,텍스트·콘텐츠형,4.5,,2026-05-31,2026-05-31,5.31.일,5.31.일,1,루룰94,영수증,음식이 맛있어요 | 재료가 신선해요 | 특별한 메뉴가 있어요 | 메뉴 구성이 알차요,"안녕하세요, 태안바지락해장국입니다.
저희 음식을 멋진 사진으로 정성스럽게 담아 소중한 리뷰를 남겨주셔서 정말 감사합니다! 
사진만 보아도 저희 음식을 맛있게 즐겨주신 것 같아 사장으로서 정말 기쁘고 뿌듯한 마음입니다.
앞으로도 많은 분께 눈과 입이 모두 즐거운 태안 해장국 맛집이 될 수 있도록, 언제 방문하셔도 한결같이 시원하고 개운한 국물과 따뜻한 정성으로 보답하겠습니다. 
즐거운 태안 여행길에 기분 좋은 한 끼가 되었기를 바라겠습니다!",6.25.목
318,6a1b9f661fa30f0e8cd1a3fe,텍스트·콘텐츠형,5,👍,2026-05-31,2026-05-31,5.31.일,5.31.일,1,사랑해밍스,영수증,음식이 맛있어요 | 양이 많아요 | 가성비가 좋아요 | 반찬이 잘 나와요 | 단체모임 하기 좋아요,"안녕하세요, 태안바지락해장국입니다.
멋진 사진과 함께 따뜻한 엄지척으로 저희 매장을 응원해 주셔서 정말 감사합니다! 
만족스러운 마음이 고스란히 느껴져서 사장으로서 정말 기쁘고 뿌듯합니다.
앞으로도 많은 분께 엄지척을 받을 수 있는 태안 해장국 맛집이 될 수 있도록, 언제 방문하셔도 한결같이 시원하고 개운한 국물과 따뜻한 정성으로 보답하겠습니다. 
즐거운 태안 여행길에 기분 좋은 한 끼가 되었기를 바라겠습니다 감사합니다!",6.25.목
319,6a1b72cd6cf171d3b0791a9d,텍스트·콘텐츠형,5,전에 태안여행왔을때 맛집이라고 들렀다가 너무 맛있게 먹었어서 이번 여행때도 들렀네요^^ 깔끔하게 맛있습니다 지인에게도 추천했네요 ^^ 재방문 의사 200%,2026-05-31,2026-05-31,5.31.일,5.31.일,1,체크포인트원,영수증,음식이 맛있어요 | 재료가 신선해요 | 특별한 메뉴가 있어요 | 친절해요 | 매장이 청결해요,"안녕하세요, 태안바지락해장국입니다.
지난 여행에 이어 이번 태안 여행길에도 잊지 않고 저희 매장을 다시 찾아주셨다니 사장으로서 정말 감동이고 큰 힘이 됩니다! 
깔끔하게 맛있다는 칭찬과 함께 지인분들께 추천까지 해주시고, 재방문 의사 200%라는 최고의 찬사를 남겨주셔서 정말 뿌듯합니다.
앞으로도 많은 분께 자신 있게 추천할 수 있는 태안 해장국 맛집이 될 수 있도록, 언제 방문하셔도 한결같이 시원하고 개운한 국물과 따뜻한 정성으로 보답하겠습니다. 
이번 여행길에도 기분 좋은 한 끼가 되었기를 바라겠습니다!",6.25.목
320,6a1a6baf34b1eaa7225201c7,텍스트·콘텐츠형,5,"먹다가 사진찍는걸 깜빡해서 바지락껍데기만 찍었네요ㅋㅋㅋ
저번에 지나가는길에 들렀었는데 예상보다 훨씬 맛있어서 이번에는 가족들이랑 같이 왔어요!
아기랑 같이 오니까 아기 먹을 흰밥도 따로 주시고 좋아요~
바지락도 많이 들어있고 정말 맛있게 잘먹었습니다!",2026-05-30,2026-05-30,5.30.토,5.30.토,1,토리사랑해요,영수증,음식이 맛있어요 | 양이 많아요 | 인테리어가 멋져요,"안녕하세요, 태안바지락해장국입니다.
바지락 껍데기 사진이라니, 맛있게 드신 흔적이 고스란히 느껴져서 정말 유쾌하고 기분 좋은 미소가 지어집니다! 
지난 방문 때 맛있게 드시고 이번엔 사랑하는 가족분들과 함께 다시 찾아주셔서 정말 감동입니다. 
저희가 준비해 드린 작은 배려에 아기랑 같이 오기 좋다고 말씀해 주시니 큰 보람을 느낍니다.
앞으로도 온 가족이 함께 믿고 찾는 태안 해장국 맛집이 될 수 있도록, 언제 방문하셔도 한결같이 시원하고 개운한 국물과 따뜻한 정성으로 보답하겠습니다. 즐거운 태안 여행길에 가족 모두에게 기분 좋은 한 끼가 되었기를 바라겠습니다!",6.25.목
321,6a1663fbc307a6d462f08571,텍스트·콘텐츠형,4.5,"태안 여행 왔다 아점으로 먹었어요~
해장으로 굿입니다 ~~👍👍👍",2026-05-27,2026-05-27,5.27.수,5.27.수,1,sabina337,결제내역,음식이 맛있어요 | 특별한 메뉴가 있어요 | 혼밥하기 좋아요 | 매장이 청결해요,"안녕하세요, 태안바지락해장국입니다.
태안 여행길에 맛있는 아점으로 저희 해장국을 선택해 주시고, 해장으로 최고라는 기분 좋은 칭찬까지 남겨주셔서 정말 큰 힘이 납니다!
앞으로도 많은 분께 든든함을 드리는 태안 해장국 맛집이 될 수 있도록, 언제 방문하셔도 한결같이 시원하고 개운한 국물과 따뜻한 정성으로 보답하겠습니다. 
즐거운 태안 여행길에 기분 좋은 한 끼가 되었기를 바라며, 다음에도 꼭 다시 들러주세요. 감사합니다!",6.25.목
322,6a13d59fef4bc25abe8b579c,텍스트·콘텐츠형,4.5,,2026-05-25,2026-05-25,5.25.월,5.25.월,1,lov****,영수증,음식이 맛있어요 | 재료가 신선해요 | 건강한 맛이에요,,
323,6a13c7df726690f793694480,텍스트·콘텐츠형,4,기다렸다 입장했는데 기다린 보람이 있어요 맛있게 잘 먹었습니다 아이들도 한그릇 뚝딱,2026-05-25,2026-05-25,5.25.월,5.25.월,1,안나213,영수증,음식이 맛있어요 | 단체모임 하기 좋아요,"안녕하세요, 태안바지락해장국입니다.
웨이팅을 거쳐 입장하셨는데도 기다린 보람이 있다고 말씀해 주시니 사장으로서 정말 기쁘고 감사한 마음입니다! 
특히 우리 아이들까지 한 그릇을 뚝딱 비워냈다니 더없이 뿌듯하고 기분이 좋네요.
앞으로도 온 가족이 함께 믿고 찾을 수 있는 태안 해장국 맛집이 될 수 있도록, 언제 방문하셔도 한결같이 시원하고 개운한 국물과 따뜻한 정성으로 보답하겠습니다. 
즐거운 태안 여행길에 가족 모두에게 기분 좋은 한 끼가 되었기를 바라며, 다음에도 꼭 다시 들러주세요. 감사합니다!",6.25.목
324,6a13bc371964172de20c7767,텍스트·콘텐츠형,4.5,"정갈하게 한상차림으로 나와서 좋아요 
바지락도 많고 시원합니다. 
특히 무가 진짜 맛있어요!!
웨이팅이 있는곳이라 여유롭게 오는것을 추천합니다.",2026-05-25,2026-05-25,5.25.월,5.25.월,1,Pearly29,영수증,음식이 맛있어요 | 매장이 넓어요 | 매장이 청결해요,"안녕하세요, 태안바지락해장국입니다.
정갈한 한 상 차림부터 시원한 국물, 그리고 저희가 정성껏 준비한 무까지 맛있게 드셔주시고 기분 좋은 칭찬을 남겨주셔서 정말 감사합니다! 
다른 방문객분들을 위해 여유롭게 오시라는 세심한 웨이팅 팁까지 남겨주셔서 정말 큰 도움이 됩니다.
앞으로도 긴 기다림이 아깝지 않은 태안 해장국 맛집이 될 수 있도록, 언제 방문하셔도 한결같이 시원하고 개운한 국물과 정갈한 정성으로 보답하겠습니다. 감사합니다!",6.25.목
325,6a13a3baf4fdb7fa0d385883,텍스트·콘텐츠형,5,특이한 해장국... 얼큰한게 맛도 좋아요.,2026-05-25,2026-05-25,5.25.월,5.25.월,1,jun****,영수증,음식이 맛있어요 | 재료가 신선해요 | 특별한 메뉴가 있어요,"안녕하세요, 태안바지락해장국입니다.
저희 매장만의 특별하고 얼큰한 해장국 맛을 알아봐 주시고 기분 좋은 칭찬을 남겨주셔서 정말 감사합니다! 
맛있게 드시고 속도 시원하게 풀리셨다니 사장으로서 더없이 기쁘고 보람을 느낍니다.
앞으로도 많은 분께 색다른 즐거움과 깊은 맛을 드리는 태안 해장국 맛집이 될 수 있도록, 언제 방문하셔도 한결같이 시원하고 개운한 국물과 따뜻한 정성으로 보답하겠습니다.
즐거운 태안 여행길에 든든한 한 끼가 되었기를 바라며, 다음에도 얼큰한 해장이 생각나실 때 꼭 다시 들러주세요. 감사합니다!",6.25.목
326,6a12836eaf4ed2991932ac6e,텍스트·콘텐츠형,5,시래기밥 맛있고 해장 잘 돼요 완자 추천합니다 다음에 또 올게요,2026-05-24,2026-05-24,5.24.일,5.24.일,1,kjg****,영수증,음식이 맛있어요 | 재료가 신선해요 | 양이 많아요 | 매장이 넓어요 | 주차하기 편해요,"안녕하세요, 태안바지락해장국입니다.
저희 시래기밥과 해장국으로 속 가득 시원하게 해장하셨다니 사장으로서 정말 기쁘고 뿌듯합니다! 
특히 저희가 정성껏 준비한 완자 메뉴를 콕 집어 추천해 주시고, 다음에 또 오시겠다는 기분 좋은 약속까지 남겨주셔서 오늘 하루 큰 힘을 얻습니다.
앞으로도 많은 분께 든든함과 특별한 맛을 드리는 태안 해장국 맛집이 될 수 있도록, 언제 방문하셔도 한결같이 시원하고 개운한 국물과 따뜻한 정성으로 보답하겠습니다. 
즐거운 태안 여행길에 기분 좋은 한 끼가 되었기를 바라겠습니다!",6.25.목
327,6a128315ed3f5e682743cbdc,텍스트·콘텐츠형,5,"처음와본 바지락해장국집
밋도 양도 만족하고 고기완자도 있고
사람 많은 이유를 알겠어요.",2026-05-24,2026-05-24,5.24.일,5.24.일,1,dia****,영수증,음식이 맛있어요 | 양이 많아요 | 특별한 메뉴가 있어요,"안녕하세요, 태안바지락해장국입니다.
저희 매장을 처음으로 방문해 주셨는데도 맛과 양 모두에서 큰 만족을 느끼셨다니 사장으로서 정말 기쁘고 보람찹니다! 
저희가 정성껏 빚어 선보이는 고기완자까지 맛있게 즐겨주시고, 사람 많은 이유가 있는 곳이라며 최고의 칭찬을 남겨주셔서 오늘 하루 큰 힘을 얻습니다.
앞으로도 처음 오신 분들은 물론 늘 찾아주시는 분들 모두에게 긴 기다림이 아깝지 않은 태안 해장국 맛집이 될 수 있도록, 언제 방문하셔도 한결같이 시원하고 개운한 국물과 따뜻한 정성으로 보답하겠습니다. 
즐거운 태안 여행길에 기분 좋은 한 끼가 되었기를 바라며, 다음에도 고기완자와 시원한 해장국이 생각나실 때 꼭 다시 들러주세요!",6.25.목
328,6a12810cb3b5f688810b127a,텍스트·콘텐츠형,5,해장국 유명하다고 해서 왔어요! 역시 맛있네여!! 인기맛집인 이유가있어요 ㅎㅎ 웨이팅항상있는 것같으니 참고하고오세요!,2026-05-24,2026-05-24,5.24.일,5.24.일,1,히힛3090,영수증,음식이 맛있어요 | 재료가 신선해요 | 매장이 넓어요 | 친절해요 | 매장이 청결해요,"안녕하세요, 태안바지락해장국입니다.
저희 매장이 유명하다는 소문을 듣고 찾아주셨는데, 역시 맛있다는 기대에 찬 칭찬과 함께 인기 맛집이라는 인증까지 남겨주셔서 사장으로서 정말 기쁘고 뿌듯합니다! 
다른 방문객분들을 위해 항상 웨이팅이 있다는 꿀팁까지 세심하게 적어주셔서 정말 큰 도움이 됩니다.
앞으로도 긴 기다림이 아깝지 않은 태안 해장국 맛집이 될 수 있도록, 언제 방문하셔도 한결같이 시원하고 개운한 국물과 따뜻한 정성으로 보답하겠습니다. 
즐거운 태안 여행길에 기분 좋은 한 끼가 되었기를 바라겠습니다!",6.25.목
329,6a128d47fc65219abc4f218e,텍스트·콘텐츠형,5,,2026-05-24,2026-05-24,5.24.일,5.24.일,1,u_****,영수증,음식이 맛있어요 | 양이 많아요 | 재료가 신선해요 | 가성비가 좋아요 | 친절해요,,
330,6a127ed10a18fb46dbef5a76,텍스트·콘텐츠형,5,,2026-05-24,2026-05-24,5.24.일,5.24.일,1,윤영채영맘,영수증,음식이 맛있어요 | 양이 많아요 | 재료가 신선해요 | 특별한 메뉴가 있어요,"안녕하세요, 태안바지락해장국입니다.
저희 매장의 음식을 멋진 사진으로 정성스럽게 담아 소중한 리뷰를 남겨주셔서 정말 감사합니다! 사진만으로도 저희 음식을 맛있게 즐겨주신 행복한 시간이 고스란히 느껴져 사장으로서 정말 기쁘고 뿌듯합니다.
앞으로도 많은 분께 눈과 입이 모두 즐거운 태안 해장국 맛집이 될 수 있도록, 언제 방문하셔도 한결같이 시원하고 개운한 국물과 따뜻한 정성으로 보답하겠습니다. 감사합니다!",6.25.목
331,6a12770301efc27c19f22485,텍스트·콘텐츠형,4.5,배부르게 먹고 가요 담에 또 방문하겠습니다,2026-05-24,2026-05-24,5.24.일,5.24.일,1,됴리10,영수증,음식이 맛있어요 | 매장이 넓어요 | 매장이 청결해요,"안녕하세요, 태안바지락해장국입니다.
저희 매장에서 든든하고 배부르게 식사하셨다니 사장으로서 더없이 기쁘고 보람을 느낍니다! 
다음에 또 방문하겠다는 기분 좋은 약속까지 남겨주셔서 오늘 하루 큰 힘을 얻습니다.
앞으로도 많은 분께 든든한 한 끼를 대접하는 태안 해장국 맛집이 될 수 있도록, 언제 방문하셔도 한결같이 시원하고 개운한 국물과 따뜻한 정성으로 보답하겠습니다. 
즐거운 태안 여행길에 기분 좋은 추억이 되었기를 바라며, 다음에도 꼭 다시 들러주세요. 감사합니다!",6.25.목
332,6a1267b132a67576937174d5,텍스트·콘텐츠형,5,얼큰하게 해장하기에 최고예요!!!!!,2026-05-24,2026-05-24,5.24.일,5.24.일,1,엄마되긔,영수증,음식이 맛있어요 | 재료가 신선해요 | 양이 많아요 | 현지 맛에 가까워요,"안녕하세요, 태안바지락해장국입니다.
얼큰하게 해장하기에 최고라는 화끈하고 기분 좋은 칭찬을 남겨주셔서 정말 감사합니다! 
느낌표 가득한 리뷰에서 손님의 만족스러움이 그대로 느껴져 사장으로서 정말 뿌듯하고 큰 힘이 됩니다. 
앞으로도 쓰린 속을 확실하게 책임지는 태안 해장국 맛집이 될 수 있도록, 언제 방문하셔도 한결같이 시원하고 개운한 국물과 따뜻한 정성으로 보답하겠습니다. 
즐거운 태안 여행길에 기분 좋은 한 끼가 되었기를 바라며, 다음에도 해장이 필요하실 때 꼭 다시 들러주세요. 감사합니다!",6.25.목
333,6a12661345281353dd519649,텍스트·콘텐츠형,4.5,"바지락해장국은 다른 곳에서는 쉽게 못 먹어본 정말 시원하고 깊은 국물맛이었어요. 한입 먹자마자 “와 맛있다”라는 말이 나올 정도였고, 바지락의 깔끔한 감칠맛이 제대로 느껴졌습니다. 같이 나온 시래기밥이랑도 너무 잘 어울려서 끝까지 맛있게 먹었어요.
바지락고기완자는 겉은 노릇하고 속은 촉촉해서 아이들도 정말 잘 먹기 좋은 메뉴였고, 어른들 입맛에도 맛있었습니다. 전체적으로 음식이 정갈하고 만족도가 높았어요.",2026-05-24,2026-05-24,5.24.일,5.24.일,1,eun****,영수증,음식이 맛있어요 | 재료가 신선해요 | 특별한 메뉴가 있어요,"안녕하세요, 태안바지락해장국입니다. 
저희 국물의 시원하고 깊은 감칠맛과 시래기밥의 조화를 알아봐 주셔서 정말 감사합니다! 첫 입에 터져 나온 감탄사만큼 저희에게 큰 힘이 되는 것은 없습니다. 
겉은 노릇하고 속은 촉촉한 바지락고기완자도 온 가족이 맛있게 드셨다니 기쁩니다. 
앞으로도 정갈하고 만족스러운 한 상으로 보답하겠습니다. 다음에도 꼭 다시 찾아주세요!",6.11.목
334,6a126117e2b2e043ea60a99e,텍스트·콘텐츠형,5,"맛있어요!
다음에 태안 놀러오면 또 먹으러올게요 ㅎㅎ",2026-05-24,2026-05-24,5.24.일,5.24.일,1,챔뭉이,영수증,음식이 맛있어요 | 양이 많아요,"안녕하세요, 태안바지락해장국입니다.
저희 음식을 맛있게 드셔주시고, 다음 태안 여행 때 꼭 다시 찾아주신다는 말씀까지 남겨주셔서 정말 큰 힘이 납니다! 
언제 방문하셔도 한결같이 시원하고 개운한 국물과 따뜻한 정성으로 보답하겠습니다. 
즐거운 여행길에 기분 좋은 한 끼가 되었기를 바라며, 다음에도 꼭 다시 들러주세요. 감사합니다!",6.11.목
335,6a125ae16b246ec43fc7eb66,텍스트·콘텐츠형,5,"태안 와서 먹은 것 중에 단연 1등입니다!
너무 맛있어요. 녹진하고 시원한 국물
전날 먹은 술이 자연 해장되었습니다
바지락장도 너무 맛있어요ㅠㅠㅠㅠ",2026-05-24,2026-05-24,5.24.일,5.24.일,1,세히57,영수증,음식이 맛있어요 | 재료가 신선해요 | 양이 많아요,"안녕하세요, 태안바지락해장국입니다. 
태안에서 드신 음식 중 단연 1등이라는 극찬을 주셔서 정말 영광입니다! 녹진하고 시원한 국물로 전날 숙취가 싹 풀리셨다니 다행이네요. 
저희 매장의 별미인 바지락장까지 맛있게 드셔주셔서 감사드립니다. 앞으로도 한결같은 맛과 정성으로 보답하겠습니다. 
다음 태안 여행 때도 속 풀러 꼭 다시 찾아주세요!",6.11.목
336,6a125d8d8b68945bfdfbe348,텍스트·콘텐츠형,5,맛나요 가족끼리 왔는데 잘먹고갑니다요,2026-05-24,2026-05-24,5.24.일,5.24.일,1,sbc****,영수증,재료가 신선해요,"안녕하세요, 태안바지락해장국입니다.
소중한 가족분들과 함께 방문하셔서 맛있게 식사하셨다니 사장으로서 더할 나위 없이 기쁘고 감사한 마음입니다. 
늘 신선한 재료와 정성으로 시원하고 깊은 국물맛을 지켜가겠습니다. 
다음 태안 여행길에도 온 가족이 행복한 식사를 하실 수 있도록 한결같은 맛과 서비스로 모시겠습니다. 또 찾아주세요! 감사합니다.",6.11.목
337,6a124caa146e643396a77207,텍스트·콘텐츠형,4.5,매장이 청결하고 음식도 빨리나오고 좋습니댜~!!,2026-05-24,2026-05-24,5.24.일,5.24.일,1,PARK18,영수증,매장이 넓어요 | 인테리어가 멋져요 | 재료가 신선해요 | 음식이 맛있어요 | 화장실이 깨끗해요,"안녕하세요, 태안바지락해장국입니다! 
정성스러운 리뷰와 소중한 사진까지 남겨주셔서 정말 감사합니다. 
저희 바지락의 시원하고 깊은 국물 맛이 고객님께 기분 좋은 한 끼가 된 것 같아 사장으로서 큰 보람을 느낍니다. 
앞으로도 변함없는 신선함과 정성으로 모시겠습니다. 다음에 또 들러주세요!",6.11.목
338,6a12427033933f1b6466a23c,텍스트·콘텐츠형,4.5,가족들과 맛있게  잘먹고갑니다,2026-05-24,2026-05-24,5.24.일,5.24.일,1,미뽀미뽀,영수증,음식이 맛있어요 | 재료가 신선해요 | 양이 많아요 | 특별한 메뉴가 있어요 | 가성비가 좋아요,"안녕하세요, 태안바지락해장국입니다!
저희 가게를 찾아주시고 좋은 평가 남겨주셔서 감사합니다! 
매일 아침 엄선한 싱싱한 바지락으로 국물을 내고 있는데, 그 진심을 알아봐 주신 것 같아 기쁩니다. 
언제 오셔도 한결같은 맛으로 보답하겠습니다. 늘 건강하시고 행복하세요!",6.11.목
339,6a123eedd2fb793ce37b2107,텍스트·콘텐츠형,5,"웨이팅해수 먹은 보람이있어요!
진~~짜 국물맛 끝내줌
다음에 또 먹으러와야겠다 호호",2026-05-24,2026-05-24,5.24.일,5.24.일,1,단골이되고픈,영수증,음식이 맛있어요 | 양이 많아요 | 반찬이 잘 나와요 | 매장이 청결해요 | 친절해요,"안녕하세요, 태안바지락해장국입니다.
기다려주신 시간이 전혀 아깝지 않을 만큼 국물 맛을 극찬해 주셔서 정말 감사합니다!
다음에도 기분 좋게 맛있게 드실 수 있도록 늘 한결같은 맛과 정성으로 모시겠습니다. 또 찾아주세요! :)",6.11.목
340,6a113a675a35422bc81ea5de,텍스트·콘텐츠형,5,기다리지도 않고 잘 먹었습니다 담에 또 오고 싶은 맛집입니다 ㅎㅎ,2026-05-23,2026-05-23,5.23.토,5.23.토,1,jung in84,영수증,음식이 맛있어요 | 양이 많아요,"안녕하세요, 태안바지락해장국입니다.
기다림 없이 편안하고 맛있게 식사하셨다니 정말 기쁩니다! '다음에 또 오고 싶은 맛집'이라는 말씀이 저희에겐 가장 큰 칭찬입니다.
언제 방문하셔도 한결같이 시원한 맛과 기분 좋은 서비스로 모시겠습니다. 
다음에도 언제든 편하게 찾아주세요. 감사합니다!",6.11.목
341,6a112b3300340499464545dc,텍스트·콘텐츠형,5,진짜 해장의 성지 입니다. 꼭 드셔보세여,2026-05-23,2026-05-23,5.23.토,5.23.토,1,par****,영수증,음식이 맛있어요 | 특별한 메뉴가 있어요 | 매장이 넓어요 | 주차하기 편해요,"안녕하세요, 태안바지락해장국입니다.
저희 매장을 '해장의 성지'라고 극찬해 주시고, 다른 분들께 강력 추천까지 남겨주셔서 정말 감사합니다!
바지락 특유의 시원하고 개운한 국물로 속이 확 풀리셨다니 사장으로서 큰 보람을 느낍니다.
앞으로도 늘 신선한 재료와 정성으로 시원하게 모시겠습니다. 속 풀이가 필요할 때 언제든 또 찾아주세요!",6.11.목
342,6a111ccc5183e78bb88f9af3,텍스트·콘텐츠형,5,"태안 라운딩하러왔는데 맛집인증입니다
티업 전 든든하게 너무 맛있어요 또올래여",2026-05-23,2026-05-23,5.23.토,5.23.토,1,토토리리63,영수증,음식이 맛있어요 | 특별한 메뉴가 있어요 | 양이 많아요 | 재료가 신선해요,"안녕하세요, 태안바지락해장국입니다!
즐거운 라운딩 전 아침 식사로 저희 매장을 선택하시고 맛집으로 인증해 주셔서 정말 감사합니다! 바지락을 듬뿍 넣어 끓여낸 뜨끈하고 시원한 국물은 속을 편안하고 든든하게 채워주어 티업 전 에너지를 충전하기에 정말 최고의 선택이죠! 맛있게 드셨다니 사장으로서 아주 뿌듯합니다. 늘 변함없는 맛으로 기다리겠습니다. 감사합니다!",5.29.금
343,6a110b1ed4847bb4057a40dd,텍스트·콘텐츠형,5,경기도에 사는데 이거 먹으러 2주 연속 태안 왔습니다 ㅎㅎ 진짜 너무 맛있어요! 바지락도 신선하고 시래기밥도 리필돼고 좋아요!! 포장도 해가려구요,2026-05-23,2026-05-23,5.23.토,5.23.토,1,아하8374,결제내역,음식이 맛있어요 | 재료가 신선해요 | 양이 많아요 | 특별한 메뉴가 있어요,"안녕하세요, 태안바지락해장국입니다!
경기도에서 저희 해장국을 드시러 2주 연속으로 태안까지 와주셨다니 정말 감동입니다! 먼 길 오신 걸음이 아깝지 않을 만큼 맛있게 드셔주셔서 너무 뿌듯합니다. 포장해가시는 해장국도 집에서 맛있게 드시길 바랍니다. 앞으로도 멀리서 찾아주시는 마음에 변함없는 맛과 정성으로 보답하겠습니다. 조심히 올라가세요! 감사합니다!",5.29.금
344,6a110a8cd709de86103b112e,텍스트·콘텐츠형,5,해장국이지만 태안에서 나오는 신선한 마늘이 있어 육개장 같은 깊은 맛이 일품입니다,2026-05-23,2026-05-23,5.23.토,5.23.토,1,엘라38,영수증,음식이 맛있어요 | 재료가 신선해요 | 현지 맛에 가까워요 | 건강한 맛이에요,"안녕하세요, 태안바지락해장국입니다!
저희 국물의 깊은 비밀을 단번에 알아차리셨네요! 말씀하신 대로 태안 황토에서 자란 신선한 로컬 마늘을 아낌없이 넣어 육개장처럼 묵직하고 진한 감칠맛을 냈는데 그 매력을 완벽히 짚어주셨습니다. 단순한 해장국을 넘어 태안의 깊은 맛을 담은 한 그릇을 알아봐 주셔서 감사합니다. 앞으로도 이 깊은 맛 변치 않고 정성껏 준비하겠습니다. 또 찾아주세요!",5.29.금
345,6a1107e69c27e3c67c8820d5,텍스트·콘텐츠형,4.5,,2026-05-23,2026-05-23,5.23.토,5.23.토,1,xhr****,영수증,음식이 맛있어요,"안녕하세요, 태안바지락해장국입니다!
정성 가득한 사진과 함께 소중한 후기 남겨주셔서 정말 감사합니다! 올려주신 사진 덕분에 저희 해장국이 더욱 먹음직스럽고 빛이 나네요. 눈으로 한 번 입으로 또 한 번 맛있게 즐겨주셔서 정말 뿌듯합니다. :) 앞으로도 사진 속 모습 그대로 늘 푸짐하고 맛있는 한 그릇 대접하겠습니다. 조만간 또 방문해 주세요. 감사합니다!",5.29.금
346,6a1106a268430f474d58cd32,텍스트·콘텐츠형,5,"아침일찍 식당연곳이 마땅치않았는데 
다행히 일찍열어서 식사할수있었어요~바지락도 싱싱하고 해장에 아주좋았습니다~^^ 아이도 바지락살에 밥을 2공기나 먹었어요~!!",2026-05-23,2026-05-23,5.23.토,5.23.토,1,째째니뭉,영수증,음식이 맛있어요 | 재료가 신선해요 | 양이 많아요 | 특별한 메뉴가 있어요,"안녕하세요, 태안바지락해장국입니다!
아침 일찍 여행길에 오르시면 식사할 곳이 마땅치 않아 고민이 많으셨을 텐데 저희 매장이 손님 가족의 든든한 아침을 책임질 수 있어서 정말 다행이고 기쁩니다! 저희가 매일 엄선하는 싱싱한 바지락 덕분에 해장도 시원하게 잘하셨다니 사장으로서 아주 뿌듯합니다. 온 가족이 모두 만족스러운 아침 식사를 하신 것 같아 마음이 참 따뜻해집니다. 다음 태안 여행길에도 아침 식사 고민 없이 언제든 편하게 들러주세요. 아이도 어른도 모두 행복하고 든든하게 배를 채울 수 있도록 늘 변함없이 싱싱한 재료와 정성으로 기다리고 있겠습니다. 온 가족 모두 늘 건강하시고 행복하세요. 감사합니다!",5.29.금
347,6a1397a24cef00dedef13200,텍스트·콘텐츠형,2.5,"맛은 생각보다 특색은 없어서 아쉬웠어요
바지락해물육수가 강하게 느껴질줄 알았는데 그렇지는 않습니다 매장이 흡음시공이 안되어있어 소리가 엄청 매장안에서 돕니다 손님이 별로 없었는데 주방소리 손님떠드는소리때문에 매우 씨끄럽습니다",2026-05-25,2026-05-23,5.25.월,5.23.토,1,맛집탐방라스고,결제내역,매장이 청결해요,"안녕하세요, 태안바지락해장국입니다.
저희 매장을 찾아주셨으나 기대하셨던 깊은 맛과 아늑한 식사 환경을 제공해 드리지 못해 사장으로서 진심으로 죄송하고 아쉬운 마음입니다.
말씀해 주신 육수의 맛에 대한 고견은 공유하여 한층 더 깊고 시원한 맛을 낼 수 있도록 세심하게 점검하겠습니다. 
또한 매장 내 소음으로 인해 식사하시는 동안 불편함을 느끼셨던 부분 역시 뼈아프게 받아들이며, 방문해 주시는 분들이 보다 편안한 분위기 속에서 식사하실 수 있도록 개선 방안을 적극적으로 고민하고 조치하겠습니다.
소중한 시간을 내어 매장의 발전을 위한 진심 어린 쓴소리를 남겨주셔서 감사드리며, 다음 방문 때는 더욱 발전된 맛과 쾌적한 환경으로 보답할 수 있도록 최선을 다하겠습니다. 감사합니다.",6.25.목
348,6a1100b2d828ce4095eafd1d,텍스트·콘텐츠형,5,"바지락해장국 처음 먹어봣어요. 얼큰하니맛잇어요! 
아침식사로 굳굳!!",2026-05-23,2026-05-23,5.23.토,5.23.토,1,개99장22,결제내역,음식이 맛있어요 | 양이 많아요,"안녕하세요, 태안바지락해장국입니다!
저희 매장에서 처음 경험해 보셨군요! 얼큰하고 시원한 국물 맛이 입맛에 꼭 맞으셨다니 사장으로서 정말 기쁩니다. 바지락을 듬뿍 넣어 끓여내기 때문에 속을 부드럽고 편안하게 풀어주어 아침 식사 메뉴로 정말 딱이죠! 탁월한 선택이셨습니다. 감탄해 주신 만큼 이 든든함 오래 가셨으면 좋겠습니다. 앞으로도 아침을 깨우는 시원 칼칼한 국물이 생각나실 때 언제든 편하게 들러주세요. 한결같은 맛과 정성으로 맞이하겠습니다. 든든하고 행복한 하루 보내세요. 감사합니다!",5.29.금
349,6a110a4889e875142234d554,텍스트·콘텐츠형,5,"오기전에 추천받아서 일부로 찾아왔는데
역시나 너무맛있었어요!
바지락도 잔뜩 들어있고 시레기밥도 최고
고기완자도 생각했던것보다 더 맛있었어요
태안 자주오는데 왜 이제 알았는지
올때마다 필수 방문코스 될것같아요:)",2026-05-23,2026-05-23,5.23.토,5.23.토,1,mym****,영수증,음식이 맛있어요 | 재료가 신선해요 | 양이 많아요 | 특별한 메뉴가 있어요,"안녕하세요, 태안바지락해장국입니다!
지인분께 추천받아 일부러 저희 매장까지 찾아주시고 극찬을 남겨주셔서 정말 뿌듯하고 기쁩니다! 그릇 가득 담아드린 싱싱한 바지락과 구수한 시래기밥의 조합을 제대로 즐겨주셨군요! 게다가 숨은 별미인 고기완자까지 기대 이상으로 맛있게 드셨다니 메뉴 하나하나 신경 쓴 보람을 잔뜩 느낍니다. 겉바속촉 고소해서 해장국 국물과 곁들이기 참 좋죠. 앞으로 태안에 발걸음 하실 때마다 늘 한결같이 푸짐하고 맛있는 한 상으로 반갑게 맞이하겠습니다. 소중한 리뷰 글 남겨주셔서 다시 한번 감사드립니다!",5.29.금
350,6a10f640a6a36fadf16b237f,텍스트·콘텐츠형,5,"태안 여행 검색하다가
아침 식사 된다고해서
부모님 모시고 왔는데
최고 입니다.
조금 기다렷다 입장했고요.
생소한 메뉴인데 너무 맛있게
먹었습니다.
다음에 또 올께요~",2026-05-23,2026-05-23,5.23.토,5.23.토,1,s96030789,영수증,음식이 맛있어요 | 재료가 신선해요 | 양이 많아요 | 특별한 메뉴가 있어요 | 주차하기 편해요,"안녕하세요, 태안바지락해장국입니다!
소중한 부모님을 모시고 오시는 여행길이라 아침 식사 장소를 고르실 때 고민이 많으셨을 텐데, 저희 매장에서 최고의 만족을 느끼셨다니 사장으로서 더할 나위 없이 기쁘고 뿌듯합니다! 오픈 맞춰 찾아주셨음에도 조금 기다리셨을 텐데 너그럽게 이해해 주시고 기다린 보람이 있는 맛이라 칭찬해 주셔서 정말 감사드립니다. 다음 태안 여행길에도 부모님 모시고 언제든 든든하고 기분 좋은 아침 식사를 하실 수 있도록 늘 변함없는 최고의 맛과 정성으로 기다리고 있겠습니다. 감사합니다!",5.29.금
351,6a10ea0c626df5b512bbdd73,텍스트·콘텐츠형,5,"가족과함께 태안여행중 방문했습니다.
처음왔는데 너무 맛있게 잘 먹어서 다음에도 근처오면 들를것 같아요! 
특히 내장탕은 너무맛있는데 한정판매라 빨리와야 먹을 수 있어요~~!!
또 올게요~",2026-05-23,2026-05-23,5.23.토,5.23.토,1,youngok kwon,영수증,음식이 맛있어요 | 재료가 신선해요 | 특별한 메뉴가 있어요 | 단체모임 하기 좋아요 | 친절해요,"안녕하세요, 태안바지락해장국입니다!
소중한 가족 여행길에 저희 매장을 찾아주시고, 다음을 약속해 주셔서 정말 감사합니다! 온 가족이 맛있게 드셨다니 사장으로서 큰 보람을 느낍니다. 특히 매일 신선하게 준비하는 한정 판매 '바지락 내장탕'을 놓치지 않고 드셨다니 다행입니다! 맛집을 알아보시는 안목이 정말 탁월하십니다. 다음 여행길에도 언제든 오셔서 행복하고 든든한 한 끼를 즐기실 수 있도록 늘 최고의 맛과 정성으로 맞이하겠습니다. 감사합니다!",5.29.금
352,6a10fd91ea01ec6642b71ed5,텍스트·콘텐츠형,4.5,정말 맛있어요 최고에요,2026-05-23,2026-05-23,5.23.토,5.23.토,1,아꿍아꿍뀨우,영수증,음식이 맛있어요 | 매장이 넓어요 | 화장실이 깨끗해요 | 친절해요 | 매장이 청결해요,"안녕하세요, 태안바지락해장국입니다!
고객님께서 건네주신 최고의 극찬 덕분에 정말 큰 보람과 힘을 얻습니다. 저희 바지락 해장국만의 칼칼하고 시원한 국물 맛을 완벽하게 즐겨주신 것 같아 정말 다행입니다. 이 맛을 변함없이 지켜가는 게 보내주신 큰 사랑에 보답하는 길이라 생각하고 앞으로도 뚝배기 하나하나에 정성을 가득 담아 대접하겠습니다. 뜨끈하고 시원한 국물로 속을 든든하게 채우고 싶으실 때 언제든 편하게 또 들러주세요. 항상 최고의 맛과 친절로 기다리고 있겠습니다. 감사합니다!",5.29.금
353,6a0fd3543ad167a187ffe450,텍스트·콘텐츠형,5,"바지락해장국은 처음 먹어봤는데, 칼칼하면서도 시원한 국물이 정말 매력적이네요 👍
먹는 방법까지 친절하게 안내되어 있어서 시래기밥 말아 더 맛있게 즐겼습니다.
다시마 식초 넣어 먹는 조합도 신기했는데 은근 중독성 있어요 :)",2026-05-22,2026-05-22,5.22.금,5.22.금,1,nicesoo,영수증,음식이 맛있어요 | 특별한 메뉴가 있어요 | 현지 맛에 가까워요 | 주차하기 편해요,"안녕하세요, 태안바지락해장국입니다!
안내해 드린 맛있게 먹는 법을 따라서 시래기밥까지 야무지게 말아 드셨군요! 특히 저희 매장의 히든카드인 '다시마 식초' 조합의 진가를 알아봐 주셔서 감동입니다. 처음엔 낯설 수 있지만 국물에 살짝 넣으면 감칠맛과 풍미가 확 살아나 은근히 계속 생각나는 중독성이 있죠. 처음부터 끝까지 완벽하게 즐겨주셔서 감사드리며 앞으로도 시원 칼칼한 국물과 중독성 있는 다시마 식초 조합이 생각나실 때 언제든 편하게 들러주세요. 항상 친절하고 맛있는 한 그릇으로 맞이하겠습니다. 감사합니다!",5.29.금
354,6a0fc0af2e3bf968341f86a6,텍스트·콘텐츠형,5,"태안여행중 우연히 들르게된 맛집~~
다음에도 다시 꼭 들르고싶은곳이예요.
이번에는 바지락 내장탕먹었는데 담엔 바지락해장국 먹으려구요~~^^",2026-05-22,2026-05-22,5.22.금,5.22.금,1,장미허브8,영수증,음식이 맛있어요 | 재료가 신선해요 | 특별한 메뉴가 있어요 | 잡내가 적어요 | 단체모임 하기 좋아요,"안녕하세요, 태안바지락해장국입니다!
즐거운 태안 여행 중에 저희 매장을 우연히 찾아주시고 최고의 선물 같은 후기를 남겨주셔서 정말 감사드립니다! 여행길에 기분 좋은 맛집으로 기억에 남게 되어 사장으로서 정말 큰 보람을 느낍니다.  쫄깃하고 고소한 내장에 신선한 바지락의 시원함이 더해진 별미인데 그 매력을 알아봐주셔서 감사합니다. 다음 태안 여행길에도 든든하고 기분 좋은 한 끼가 되실 수 있도록 변함없는 맛과 정성으로 기다리고 있겠습니다. 행복 가득한 여행 되세요. 감사합니다!",5.29.금
355,6a0f9e7cf163d9f881edf677,텍스트·콘텐츠형,5,"양도 푸짐하고
맛은 더 좋고
바지락장 비빔은 킥입니다.
태안 여행시 또 오겠습니다.",2026-05-22,2026-05-22,5.22.금,5.22.금,1,우보천리10,영수증,음식이 맛있어요 | 양이 많아요 | 특별한 메뉴가 있어요 | 매장이 넓어요 | 친절해요,"안녕하세요, 태안바지락해장국입니다!
즐거운 태안 여행길에 저희 매장을 찾아주시고 양과 맛 모두 대만족하셨다니 사장으로서 더할 나위 없이 기쁩니다! 짭조름하고 감칠맛 가득한 바지락장이 밥도둑 역할을 톡톡히 해내는데 그 매력을 제대로 알아봐 주셔서 정말 뿌듯합니다. 해장국 국물과 함께 슥슥 비벼 드시면 정말 별미죠! 다음 여행길에도 변함없이 푸짐한 양과 최고의 맛, 그리고 감동의 바지락장 비빔으로 기다리고 있겠습니다. 감사합니다!",5.29.금
356,6a0d184f5d49f7c487d00542,텍스트·콘텐츠형,5,처음 먹어보는데 맛있네요. 간혹 우거지 심이 질긴 게 있어서 안씹히기도 하고 반찬에 김치가 없는 건 좀 아쉬워요.,2026-05-20,2026-05-20,5.20.수,5.20.수,1,ssimply,영수증,음식이 맛있어요 | 재료가 신선해요 | 매장이 넓어요,"안녕하세요, 태안바지락해장국입니다!
첫 방문에 맛있게 드셔주셔서 감사드립니다.
다만 일부 우거지가 질겨 불편하셨던 점과 반찬에 김치가 없어 아쉬우셨던 부분이 있었다니 의견 주신 우거지 손질은 앞으로 더욱 꼼꼼히 신경 쓰고 반찬 구성도 만족을 드릴 수 있도록 적극 보완하겠습니다. 귀한 피드백을 발판 삼아 다음엔 더 완벽한 맛과 서비스로 보답하겠습니다. 조만간 또 들러주세요. 감사합니다!",5.29.금
357,6a0bdafff5a6cf6a2cc0b16e,텍스트·콘텐츠형,4.5,태안 맛집 맞습니다,2026-05-19,2026-05-19,5.19.화,5.19.화,1,gonderi,영수증,음식이 맛있어요 | 재료가 신선해요 | 매장이 넓어요 | 매장이 청결해요,"안녕하세요. 태안바지락해장국입니다. 
저희 음식을 맛있게 드셔주셔서 대단히 감사합니다. 
저희는 고객님께 바다의 신선함을 그대로 전달해 드리고자 바지락 해감부터 국물 조리까지 어느 하나 소홀히 하지 않고 있습니다. 
그 진심을 알아봐 주신 것 같아 매우 기쁩니다. 
앞으로도 변치 않는 정직한 맛으로 고객님의 성원에 보답하겠습니다. 소중한 후기 감사합니다.",5.19.화
358,6a0e83ffc73b891155421dbf,텍스트·콘텐츠형,5,깔끔하니 아주 맛이 있어요. 1인 바지락 매운탕이라고 생각하면 쉬운데 해장하기에도 아주 좋군요,2026-05-21,2026-05-19,5.21.목,5.19.화,1,별로면안먹음,영수증,음식이 맛있어요 | 재료가 신선해요 | 양이 많아요 | 특별한 메뉴가 있어요,"안녕하세요, 태안바지락해장국입니다!
저희 해장국의 깔끔하고 시원 칼칼한 매력을 아주 정확하게 짚어주셨네요. 바지락을 듬뿍 넣어 끓여내기 때문에 깔끔하면서도 속이 확 풀리는 시원함이 매력인데 해장하기에 아주 좋으셨다니 사장으로서 정말 뿌듯합니다. 뚝배기 한 그릇으로 완벽하게 속 풀고 가신 것 같아 다행입니다. 앞으로도 해장이 필요하실 때 혹은 깔끔하고 시원한 국물이 당기실 때 언제든 저희 태안바지락해장국을 찾아주세요. 늘 변함없이 든든하고 맛있는 한 그릇으로 대접하겠습니다. 감사합니다!",5.29.금
359,6a0bccf24855918c00c1625a,텍스트·콘텐츠형,4.5,"태안 여행와서 유명하다길래 방문했어요~
처음 먹어봤지만 익숙한해장국맛! 
정말 맛있어요🙌
사장님 직원분들도 친절해요",2026-05-19,2026-05-19,5.19.화,5.19.화,1,ths****,영수증,음식이 맛있어요 | 재료가 신선해요 | 매장이 넓어요 | 친절해요 | 매장이 청결해요,"안녕하세요. 태안바지락해장국입니다. 
저희 매장을 처음 방문해 주시고 정성스러운 후기까지 남겨주셔서 진심으로 감사합니다. 
바지락의 시원하고 깊은 국물 맛을 만족스럽게 즐기셨다니 사장으로서 큰 보람을 느낍니다. 
항상 신선한 재료로 보답하는 태안바지락해장국이 되겠습니다. 
든든한 한 끼가 생각나실 때 언제든 다시 들러주시기 바랍니다. 감사합니다.:)",5.19.화
360,6a0a842344e33885edbb3b9b,텍스트·콘텐츠형,4.5,,2026-05-18,2026-05-18,5.18.월,5.18.월,1,감자5856,영수증,음식이 맛있어요,"안녕하세요, 태안바지락해장국입니다! 
리뷰와 소중한 사진까지 남겨주셔서 정말 감사합니다. 저희 바지락의 시원하고 깊은 국물 맛이 고객님께 기분 좋은 한 끼가 된 것 같아 사장으로서 큰 보람을 느낍니다. 앞으로도 변함없는 신선함과 정성으로 모시겠습니다. 다음에 또 들러주세요!",5.19.화
361,6a0a565ce726f7adb47b3cef,텍스트·콘텐츠형,5,"태안에서만 먹어볼수있는 태안바지락해장국이네요^^
뼈해장국 좋아해서 와봤는데 넘 맛있어요👍🏻
아이가 좋아하는 바지락이랑 해장국의 조합은 진짜
최고입니다^^ 태안올때마다 무조건 올거예요~~😘",2026-05-18,2026-05-18,5.18.월,5.18.월,1,S여사98,영수증,음식이 맛있어요 | 재료가 신선해요 | 특별한 메뉴가 있어요 | 반찬이 잘 나와요 | 주차하기 편해요,"안녕하세요. 태안바지락해장국입니다. 
저희 매장을 찾아주시고 따뜻한 후기까지 남겨주셔서 진심으로 감사합니다. 
평소 뼈해장국을 좋아하시는데 저희 바지락과 뼈해장국의 색다른 조합을 맛있게 드셨다니 정말 다행입니다. 
특히 아이가 좋아하는 바지락이 듬뿍 들어있어 온 가족이 함께 만족스러운 식사를 하신 것 같아 큰 보람을 느낍니다. 
태안에 올 때마다 무조건 방문하시겠다는 약속을 원동력 삼아 언제나 신선한 재료와 최고의 맛으로 기다리고 있겠습니다. 행복한 여행길이 되셨기를 바랍니다. 감사합니다. :)",5.19.화
362,6a094fd3c47ee1f4f12b8e03,텍스트·콘텐츠형,5,태안에 오면 꼭 들려야 할 맛집 바지락 해장국도 맛있고 냉장 바지락 해장국도 맛있습니다. 내 안에 여행 오신다면 방문 바랍니다. 그리고 아이를 위한 메뉴도 있으니 아이랑도 함께 와도 좋을 것 같습니다,2026-05-17,2026-05-17,5.17.일,5.17.일,1,아뀨21,영수증,음식이 맛있어요 | 재료가 신선해요 | 특별한 메뉴가 있어요,"안녕하세요. 태안바지락해장국입니다. 
저희 매장을 찾아주시고 소중한 후기까지 남겨주셔서 진심으로 감사합니다. 
기본 바지락 해장국뿐만 아니라 저희 매장의 별미 메뉴까지 맛있게 드셨다니 정말 기쁩니다. 
말씀해 주신 대로 저희는 아이들을 위한 메뉴도 함께 준비되어 있어 가족 단위 여행객분들이 편하게 방문하시기 좋습니다. 
다음 태안 여행길에도 든든한 식사를 하실 수 있도록 항상 신선한 재료와 정성으로 모시겠습니다. 감사합니다. :)",5.19.화
363,6a09477a9bc3851de8619b70,텍스트·콘텐츠형,5,"맛집이라고 해서 와봤는데 가족들과 맛있게 식사했어요
짱짱",2026-05-17,2026-05-17,5.17.일,5.17.일,1,송그레,영수증,음식이 맛있어요 | 가성비가 좋아요 | 현지 맛에 가까워요 | 매장이 넓어요,"안녕하세요. 태안바지락해장국입니다. 
저희 매장을 믿고 방문해 주셔서 깊이 감사드립니다. 가족분들 모두 맛있게 드셨다는 말씀과 최고의 칭찬을 남겨주셔서 저희 직원들 모두 큰 힘을 얻었습니다. 
보내주신 성원에 보답할 수 있도록 항상 청결하고 깊은 맛을 유지하며 정성껏 모시겠습니다. 
다음 방문 때도 더 기분 좋은 식사가 되실 수 있도록 최선을 다하겠습니다. 감사합니다.:)",5.19.화
364,6a094b15b32fe009de605ecc,텍스트·콘텐츠형,5,"너무 맛있고 얼큰하고 바지락이 신선해요.
같이나온 반찬도 전부 맛있어요.",2026-05-17,2026-05-17,5.17.일,5.17.일,1,창성6639,영수증,음식이 맛있어요 | 재료가 신선해요 | 양이 많아요 | 매장이 넓어요,"안녕하세요. 태안바지락해장국입니다. 
저희 매장을 찾아주시고 소중한 후기를 남겨주셔서 진심으로 감사합니다. 
매일 신선하게 준비하는 바지락의 매력과 얼큰한 국물 맛을 맛있게 즐기신 것 같아 정말 다행입니다. 
함께 정성껏 준비한 밑반찬까지 입맛에 잘 맞으셨다니 큰 보람을 느낍니다. 
앞으로도 변함없이 깔끔하고 든든한 한 그릇을 대접할 수 있도록 최선을 다하겠습니다. 감사합니다.",5.19.화
365,6a093937e1d54e784f6e7a17,텍스트·콘텐츠형,4.5,바지락해장국이 정말 맛있어요 ! 태안에 오게되면 다시 찾을거같아요 !!!,2026-05-17,2026-05-17,5.17.일,5.17.일,1,게란도른자,영수증,음식이 맛있어요 | 양이 많아요 | 매장이 청결해요 | 주차하기 편해요,"안녕하세요. 태안바지락해장국입니다. 
저희 음식을 맛있게 드시고 소중한 리뷰를 남겨주셔서 깊이 감사드립니다. 
저희는 언제나 손님들께 신선하고 든든한 한 그릇을 대접하기 위해 식재료 관리에 최선을 다하고 있습니다. 
그 진심을 알아봐 주시고 최고의 극찬을 남겨주셔서 큰 힘이 됩니다. 
다음번 태안 방문 때도 실망하게 해 드리지 않도록 항상 한결같은 맛과 정성으로 모시겠습니다. 감사합니다.",5.19.화
366,6a0938763ccfebc5e719af3a,텍스트·콘텐츠형,3,"잘먹고갑니다

짬뽕 느낌 바지락 국
테이블 회전이 빠르고 음식도 빨리 나옵니다
아쉬운점은 바지락 몇개에서 흙 나왔습니다 
그리고 밥에 씨레기가 많으면 좋겠습니다
밥 리필 되는건 좋네요",2026-05-17,2026-05-17,5.17.일,5.17.일,1,KM1,영수증,음식이 맛있어요 | 양이 많아요 | 매장이 넓어요 | 주차하기 편해요,"안녕하세요. 태안바지락해장국입니다. 
저희 매장을 찾아주셔서 감사합니다. 
몇몇 바지락에서 해감이 미흡했던 점과 시래기 양에 아쉬움을 남겨드리게 되어 진심으로 죄송합니다. 
말씀해 주신 부분은 즉시 공유하여 해감 과정을 더욱 철저히 점검하고 시래기 양도 만족스럽게 드실 수 있도록 하겠습니다.
귀한 피드백으로 매장의 부족한 점을 채워주셔서 감사드리며 다음 방문 때는 더욱 만족스러운 식사가 될 수 있도록 하겠습니다. 감사합니다. :)",5.19.화
367,6a0931597997d9193fd969ad,텍스트·콘텐츠형,5,재료 신선하고 양도 많고 너무 맛있어요. 근처 오면 또 올겁니다. 강추합니다.,2026-05-17,2026-05-17,5.17.일,5.17.일,1,hyu****,영수증,음식이 맛있어요 | 재료가 신선해요 | 양이 많아요 | 인테리어가 멋져요 | 친절해요,"안녕하세요. 태안바지락해장국입니다!
저희 매장을 찾아주시고 소중한 후기를 남겨주셔서 진심으로 감사합니다. 
매일 엄선하는 신선한 재료와 푸짐한 양에 만족해 주시고 주위 분들께 강력하게 추천까지 해주셔서 큰 보람을 느낍니다. 
앞으로도 변함없이 깔끔하고 든든한 한 그릇을 대접할 수 있도록 최선을 다하겠습니다. 
근처에 오실 때 언제든 편하게 다시 들러주십시오. 감사합니다. :)",5.19.화
368,6a09292c39015e8303070b7d,텍스트·콘텐츠형,5,바지락 해장국 처음먹어보는데 바지락 많이 들어있고 얼큰하게 잘 먹었습니다.,2026-05-17,2026-05-17,5.17.일,5.17.일,1,jpl1221,영수증,음식이 맛있어요 | 재료가 신선해요 | 양이 많아요 | 고기 질이 좋아요,"안녕하세요. 태안바지락해장국입니다. 
저희 매장에서 바지락 해장국을 처음으로 맛보셨는데 푸짐한 바지락과 얼큰한 국물 맛에 만족하셨다니 진심으로 감사합니다. 
첫 기억이 좋으셨던 만큼 앞으로도 신선하고 맛있는 한 그릇을 대접할 수 있도록 변함없이 정성을 다하겠습니다. 
다음 태안 여행길에도 든든한 식사를 하러 편하게 들러주십시오. 감사합니다.",5.19.화
369,6a09172c77cf6430e672cbc1,텍스트·콘텐츠형,5,"술먹고 다음날 해장할곳 찾다가 알게괸곳!
해장도 해장이잠 ㄴ너므 맛잇어요! 해장국 고기 대신이 바지락이라니 직원분들도 친절하고 좋아요!",2026-05-17,2026-05-17,5.17.일,5.17.일,1,wpdl3853,영수증,음식이 맛있어요 | 매장이 넓어요,"안녕하세요. 태안바지락해장국입니다. 
숙취 해소를 위해 저희 매장을 찾아주시고 고기 대신 들어간 신선한 바지락 고유의 시원하고 얼큰한 맛에 만족해 주셔서 진심으로 감사합니다. 
저희 직원들의 친절함까지 좋게 기억해 주시니 큰 보람을 느낍니다. 
앞으로도 해장이 필요하실 때 가장 먼저 생각나는 든든한 맛집이 될 수 있도록 언제나 정성을 다해 끓여내겠습니다. 감사합니다.",5.19.화
370,6a07ba634cc649a2bfc6e2f6,텍스트·콘텐츠형,5,"가족 캠핑으로 태안에와서 바지락해장국을 알게되서 찾아와서 먹었는데 맛도 좋고 사장님, 직원들도 다 친절하셨어요!",2026-05-16,2026-05-16,5.16.토,5.16.토,1,jyyojy61,영수증,음식이 맛있어요 | 친절해요 | 매장이 청결해요,"안녕하세요. 태안바지락해장국입니다! 
가족 캠핑 여행길에 저희 매장을 찾아주시고 소중한 후기까지 남겨주셔서 진심으로 감사합니다. 
즐거운 여행길에 저희 음식이 기분 좋은 추억을 더해드린 것 같아 큰 보람을 느낍니다. 
저희 사장님과 직원들의 친절함까지 좋게 기억해 주셔서 깊이 감사드리며 다음 태안 캠핑 때도 든든한 식사를 하실 수 있도록 항상 정성을 다해 기다리고 있겠습니다. 감사합니다.",5.19.화
371,6a068bd7158eb40891a3c7ff,텍스트·콘텐츠형,5,태안 여행 맛집 검색해서 온건데 찐맛집이에요! 다른건 안먹어도 이건 꼭 드시길 추천합니다 이거 먹으려고 태안에 또올것같아요 얼큰하고 반찬들도 다 맛나요 잘먹고가요💕💕,2026-05-15,2026-05-15,5.15.금,5.15.금,1,rubyee,영수증,음식이 맛있어요 | 재료가 신선해요 | 양이 많아요 | 반찬이 잘 나와요,"안녕하세요. 태안바지락해장국입니다. 
태안 여행길에 맛집 검색으로 저희 매장을 믿고 찾아주셔서 진심으로 감사합니다. 
다른 분들께 꼭 먹어보라며 강력하게 추천해 주시고 저희 해장국을 먹으러 태안에 또 오겠다는 말씀까지 남겨주셔서 큰 보람을 느낍니다.
얼큰하고 시원한 국물 맛을 언제 방문하셔도 한결같이 즐기실 수 있도록 늘 정성을 다하겠습니다. 
다음 여행길에도 편하게 들러주십시오. 감사합니다. :)",5.19.화
372,6a0299b5ce13cfffceef0a67,텍스트·콘텐츠형,5,"인생해장국 입니다. 사장님 혹시 체인사업 안하세요???
제가 청담동 가서 하나 하고싶은데 말이죠,,,,",2026-05-12,2026-05-12,5.12.화,5.12.화,1,heehehehehehehe,영수증,음식이 맛있어요 | 재료가 신선해요 | 양이 많아요 | 가성비가 좋아요 | 잡내가 적어요,,
373,6a02a73204c692d018e67280,텍스트·콘텐츠형,5,"이곳의 1등은 무엇보다 맛
2등은 사장님의 친절함
점심시간에 먹었던 군인 2명 입니다.
영수증리뷰이벤트를 못했다고 했더니
군인이라 믿을 수 있다며 퇴근하고 
집에가서 해도 된다고 이벤트 과자를
주셨습니다.
너무 맛있었고 감사했습니다^^
다시 또 갈게요~~ㅎ",2026-05-12,2026-05-12,5.12.화,5.12.화,1,소주사랑99,영수증,음식이 맛있어요 | 양이 많아요 | 인테리어가 멋져요 | 친절해요,"안녕하세요. 태안바지락해장국입니다. 
점심시간에 저희 매장을 찾아주시고 음식 맛과 서비스에 최고의 찬사를 보내주셔서 진심으로 감사합니다. 
나라를 지키느라 고생하시는 군인 고객님들께 작은 즐거움이라도 되었다면 그것으로 다행입니다.
믿고 약속을 지켜주신 정성에 깊이 감사드리며 다음 방문에도 든든하게 식사하실 수 있도록 항상 정성껏 준비하고 있겠습니다. 
늘 건강하시기를 바랍니다. 감사합니다. :)",5.19.화
374,6a014fef95f431ef7a24038c,텍스트·콘텐츠형,5,맛있어요,2026-05-11,2026-05-11,5.11.월,5.11.월,1,nav****,영수증,음식이 맛있어요 | 재료가 신선해요 | 매장이 넓어요 | 친절해요 | 주차하기 편해요,,
375,6a014e8ad8a3eec41781e8e3,텍스트·콘텐츠형,5,"태안 올때마다 들리는 저만의 맛집,,,🥨
저번에 왔을때 먹어보고 감격해서 돌아갔는데 두고두고 생각나서 이번에 또 왔어요!!! 바지락 통실통실한데 양도 진짜 많구 반찬 진짜 맛도리여서 바로 포장구매갈겨,,!!!!!!>_< 사장님 직원분들 다들 너무 친절하시구 매장은 또 왜이리 깔끔한지 일단 그냥 너무 맛있어서 매일 오고싶은 맛🌼
바지락장에 시래기 밥 쓱싹해서 먹어두 맛나구 해장국에 시래기 가득 얹어서 먹어두 너무 맛있어요ㅠㅠ🥹 쭈욱 오랫동안 영업해주셔요🥨🥨🥨",2026-05-11,2026-05-11,5.11.월,5.11.월,1,머글거조앙,영수증,음식이 맛있어요 | 재료가 신선해요 | 양이 많아요 | 가성비가 좋아요 | 반찬이 잘 나와요,"안녕하세요, 태안바지락해장국입니다.
저희 매장을 두고두고 생각나서 다시 찾는 저만의 맛집으로 꼽아주시고, 정성 어린 극찬을 남겨주셔서 진심으로 감사드립니다. 
손님처럼 재방문해 주시는 단골분들의 걸음은 저희가 음식을 준비하는 가장 큰 보람이자 이유입니다. 
푸짐하고 통통한 바지락의 품질을 유지하는 노력과 매일 신경 쓰는 매장 위생, 서비스까지 모든 부분에서 큰 만족을 드린 것 같아 뿌듯합니다. 
포장해 가신 반찬과 바지락장도 집에서 맛있게 드시길 바라며, 언제 방문하셔도 매일 아침 늘 변함없는 감동을 대접하는 최고의 태안 아침식사 맛집이 되겠습니다. :)",7.10.금
376,6a012ebc6c1ce67118e1c28c,텍스트·콘텐츠형,5,하루에 30그릇 한정수량 바지락 내장탕이랑 고기완자 먹어봤는데 너무 맛잇어요 정갈하게나오고 인테리어도 깔끔해서 너무 마음에들었어요 태안사는사람이라 자주올수있어서 행복해용,2026-05-11,2026-05-11,5.11.월,5.11.월,1,쟈스민288,영수증,음식이 맛있어요 | 재료가 신선해요 | 양이 많아요 | 특별한 메뉴가 있어요 | 인테리어가 멋져요,,
377,6a012cdf2989df75832f9c24,텍스트·콘텐츠형,5,어머니 모시고 태안 여행 중 아침식사를 위해 방문했는데 완전 만족요. 맛있게 얼큰하고 사장님 친절하고 재방문 의욕 뿜뿜하게 하는 곳이네요. 태안 방문한다면 적극 추천하고 싶은 식당입니다.,2026-05-11,2026-05-11,5.11.월,5.11.월,1,sunshine675,영수증,음식이 맛있어요 | 매장이 넓어요 | 친절해요 | 주차하기 편해요,,
378,6a012ee6bd4044933214a32c,텍스트·콘텐츠형,4,맛있게 먹었어요! 내장탕 좋아하신다면 바지락 내장탕 추천합니다~ㅎㅎ 완자는 평범했어요.,2026-05-11,2026-05-11,5.11.월,5.11.월,1,lee****,영수증,음식이 맛있어요,,
379,6a000bd521adf72270e45e17,텍스트·콘텐츠형,5,잘 먹었습니다,2026-05-10,2026-05-10,5.10.일,5.10.일,1,MECM,영수증,음식이 맛있어요 | 재료가 신선해요,,
380,69ffe84ba799d2bdfa8f7260,텍스트·콘텐츠형,5,"태안 맛집 인정.
처음 맛보는 맛인데, 
먹다보면 국물과 바지락 흡입하게됩니다.
꼭 들러보세요.
서비스 커피도 굿이에요.",2026-05-10,2026-05-10,5.10.일,5.10.일,1,80이상20이하만리뷰,영수증,음식이 맛있어요 | 양이 많아요 | 특별한 메뉴가 있어요 | 매장이 청결해요 | 주차하기 편해요,,
381,6a012091eececeed3729d940,텍스트·콘텐츠형,2,태안갈때 자주 들리는 맛집입니다. 맛은 인정하는데 갈때마다 남사장님 여직원 무표정의 웃음없는 인상이 맛보다 기억에 더 남을듯 싶어 이젠 안가려고....대답없는 메아리만 허공에 돌뿐.,2026-05-11,2026-05-10,5.11.월,5.10.일,1,독공93,영수증,음식이 맛있어요 | 양이 많아요 | 주차하기 편해요,,
382,69ffd0a62996f72603374739,텍스트·콘텐츠형,5,오늘 웨이팅을 했는데 오래 걸리진 않았고 맛도 역시 맛있네요,2026-05-10,2026-05-10,5.10.일,5.10.일,6,너구리맹구,영수증,음식이 맛있어요 | 재료가 신선해요 | 양이 많아요,,
383,69ffc745c693f7befe671426,텍스트·콘텐츠형,5,"태안 명물 바지락해장국 아침부터 든든하게 먹고갑니다~
칼칼한 국물이 시원하고 너무 맛있네요~^^",2026-05-10,2026-05-10,5.10.일,5.10.일,1,광대버기선장,영수증,음식이 맛있어요 | 재료가 신선해요 | 특별한 메뉴가 있어요 | 매장이 넓어요 | 친절해요,,
384,69fea26edeed9b3d4d3b452d,텍스트·콘텐츠형,4.5,"바지락은 푸짐하고 국물 맛도 시원해서 음식 자체는 만족스러웠습니다.
다만 사장님의 응대가 다소 불친절하게 느껴져서 아쉬움이 남았어요.
맛은 괜찮았지만 서비스 부분은 조금 더 친절했으면 좋겠습니다.",2026-05-09,2026-05-09,5.9.토,5.9.토,1,wjddofl12,영수증,음식이 맛있어요 | 재료가 신선해요 | 양이 많아요 | 가성비가 좋아요 | 현지 맛에 가까워요,,
385,69fd284facf2828db724a635,텍스트·콘텐츠형,5,"바지락해장국 국물 한숟가락 먹자마자 속이 확 풀리는 느낌이었어요. 바지락도 생각보다 푸짐하게 들어있고, 국물이 시원하면서도 깔끔해서 해장용으로 딱입니다. 칼칼한 맛도 과하지 않아서 부담 없이 먹기 좋았고, 밥 말아먹으니 끝까지 맛있게 먹었어요. 다음날 또 생각나는 해장국입니다",2026-05-08,2026-05-08,5.8.금,5.8.금,1,김향이70,영수증,음식이 맛있어요 | 재료가 신선해요 | 양이 많아요 | 매장이 넓어요 | 인테리어가 멋져요,,
386,69fab8b7ea2026dcbb074fc2,텍스트·콘텐츠형,5,"태안에서 자주 애용하는 곳이에요
바지락철이라 실하니 맛있어요 
잘 먹고 갑니다",2026-05-06,2026-05-06,5.6.수,5.6.수,3,생각쟁이67,영수증,음식이 맛있어요 | 재료가 신선해요 | 양이 많아요 | 혼밥하기 좋아요 | 매장이 넓어요,,
387,69fab6c8d7a3e69adc343111,텍스트·콘텐츠형,4.5,,2026-05-06,2026-05-06,5.6.수,5.6.수,2,아기천사331,영수증,음식이 맛있어요,,
388,69f973a79cf589dbe90ecaf9,텍스트·콘텐츠형,5,해장국 맛있어요. 잘 먹고 갑니다.,2026-05-05,2026-05-05,5.5.화,5.5.화,1,조진훈58,영수증,음식이 맛있어요,,
389,69f96675a5ece07d46ca82ad,텍스트·콘텐츠형,4.5,처음 맛보는 음식인데 너무 맛있습니다! 태안 놀러오면 강추드려요~,2026-05-05,2026-05-05,5.5.화,5.5.화,1,보성타격대,영수증,음식이 맛있어요 | 매장이 넓어요 | 친절해요 | 매장이 청결해요,,
390,69f9592d5aa6d8775719c92b,텍스트·콘텐츠형,4.5,"맛집 검색하다보니 바지락해장국이 있어 찾아간 곳이다. 해장국 특유의 얼큰함보다는 담백함이 돋보여서, 속이 울렁거릴 때도 부담 없이 먹을 수 있고, 몸을 따뜻하게 감싸주는 느낌이 강해서 겨울이나 아침 식사로도 추천하고 싶어요.",2026-05-05,2026-05-05,5.5.화,5.5.화,1,뽕송이맘,영수증,음식이 맛있어요 | 재료가 신선해요 | 양이 많아요 | 매장이 넓어요 | 친절해요,,
391,69f9325e305091166e36d207,텍스트·콘텐츠형,5,"특별한 메뉴에요 
진하고 시원한 맛
태안오면 꼭 올것 같아요",2026-05-05,2026-05-05,5.5.화,5.5.화,1,dbfk0411,영수증,음식이 맛있어요 | 재료가 신선해요 | 양이 많아요 | 특별한 메뉴가 있어요 | 가성비가 좋아요,,
392,69f96f7b0ebbfb03d2be39ca,텍스트·콘텐츠형,5,시래기밥이랑 반찬만먹어도 너무 고소하고 맛있습니다. 해장국과 함께니까 끊임없이 들어가네요. 둘 조화가 너무좋네요. 한그릇으로 해장 끝입니다!😁,2026-05-05,2026-05-05,5.5.화,5.5.화,1,h_****,영수증,음식이 맛있어요 | 양이 많아요 | 특별한 메뉴가 있어요 | 매장이 청결해요 | 주차하기 편해요,,
393,69f82b6a9658282533b6739e,텍스트·콘텐츠형,5,"가족과 방문했어요 
친절하시구 정말맛있습니다 
태안오면 꼭와야해요 
추천해요!!!!",2026-05-04,2026-05-04,5.4.월,5.4.월,1,Winter0228,영수증,음식이 맛있어요 | 재료가 신선해요 | 양이 많아요 | 특별한 메뉴가 있어요 | 대화하기 좋아요,,
394,69f82d4cd759591575e29c30,텍스트·콘텐츠형,0.5,"너무 불친절해요! 
반찬 더 부탁드려서, ”이모 이거좀 더 주세요” 했다가, 자기 이모아니래요 ㅋㅋㅋㅋ:;; 
아니 그럼 뭐라 불러야하죠? 나이드신 분들도 본인보다 어린분들한테도 ” 언니“ 라고 부르는 한국 식당 문화에서.. 이모 소리가 그렇게 듣기 싫으셨나요?? 
그리고 내장탕은 잡내가 왜이렇게 나는지..:; 
굳이 드시려면 오리지널로요.",2026-05-04,2026-05-04,5.4.월,5.4.월,1,cel****,영수증,건강한 맛이에요,,
395,69f825f1951cb6edde950e13,텍스트·콘텐츠형,4.5,맛있게 잘 먹었습니다,2026-05-04,2026-05-04,5.4.월,5.4.월,1,Lotto04,영수증,음식이 맛있어요,,
396,69f9c21929707a69333dce6f,텍스트·콘텐츠형,5,"태안반도 여행할때마다 들러서 먹고 옵니다.
맛집답게 늘 점심시간에 웨이팅이 있고,
테이블링 현장대기만 가능해요.
시래기밥에 바지락장을 넣어 먹으면,짭조롬한게 너무 맛있고, 국물도 깊고 진하고 시원한맛입니다.
술을 안먹었는데도 해장이 됩니당.
깊고 진하고 시원하고 구수한맛.이렇게 복잡한맛을 여기는 해내요^^
근데 오늘은 조개가 해감이 덜되어서 모래가 씹혔어요.
한번도 그런적이 없었는데,해감을 잘해주셨으면 좋겠어요.",2026-05-05,2026-05-04,5.5.화,5.4.월,1,수수꽃다리 7,영수증,음식이 맛있어요 | 재료가 신선해요 | 양이 많아요 | 건강한 맛이에요,,
397,69f81893deed9b3d4d2df93f,텍스트·콘텐츠형,5,바지락 내장탕은 처음 먹어보는데 시래기밥도 맛있고 술 안먹었는데도 해장되는 느낌이에요 넘맛있어요 ~^^,2026-05-04,2026-05-04,5.4.월,5.4.월,1,wkd****,영수증,음식이 맛있어요 | 재료가 신선해요 | 양이 많아요 | 특별한 메뉴가 있어요 | 잡내가 적어요,,
398,69f817910f486181204ed06f,텍스트·콘텐츠형,4.5,"20분 기다려 맛본 바지락 해장국
국물 맛 기가 막히네요!!
반찬도 직접 여기서 만드는데 정갈하고 맛이 진짜 깔끔해요.
여기서밖에 못 먹는 메뉴라 실컷 즐기고 갑니다~~",2026-05-04,2026-05-04,5.4.월,5.4.월,1,lguevara,영수증,음식이 맛있어요 | 재료가 신선해요 | 특별한 메뉴가 있어요 | 매장이 넓어요 | 매장이 청결해요,,
399,69f8172689a22596c10af837,텍스트·콘텐츠형,4,"태안 마지막날 해장국 먹으면서 아쉬움을 달랬습니디 
시원힌 바지락 해장국 
밥한그릇 뚝딱이네요",2026-05-04,2026-05-04,5.4.월,5.4.월,1,건설후배,영수증,음식이 맛있어요 | 재료가 신선해요 | 양이 많아요 | 특별한 메뉴가 있어요 | 매장이 넓어요,,
400,69f95d1de9e19917c5070882,텍스트·콘텐츠형,4,굿,2026-05-05,2026-05-04,5.5.화,5.4.월,1,제이5868,영수증,음식이 맛있어요,,
401,69f7f2412e6666661dbf9718,텍스트·콘텐츠형,5,"소문듣고 찾아 온 맛집
아이 어른 할 것 없이
맛있게 잘 먹었습니다",2026-05-04,2026-05-04,5.4.월,5.4.월,1,yhl****,영수증,음식이 맛있어요 | 인테리어가 멋져요 | 매장이 넓어요 | 친절해요 | 매장이 청결해요,,
402,69f6ce030430438b2d984418,텍스트·콘텐츠형,5,,2026-05-03,2026-05-03,5.3.일,5.3.일,1,cgj****,영수증,음식이 맛있어요 | 재료가 신선해요,,
403,69f6cd98c633f49e1d041d4b,텍스트·콘텐츠형,5,"한시간 걸려서 왔는데 하나도 안아깝네요 ㅎㅎ
사장님도 친절하시고 해장국이 너무너무 맛있어요 !!!
다음엔 부몸도 모시고 와봐야겟어요 💗",2026-05-03,2026-05-03,5.3.일,5.3.일,1,rla****,영수증,음식이 맛있어요 | 양이 많아요 | 친절해요 | 매장이 청결해요,,
404,69f6c6b5fd4ab874081dac94,텍스트·콘텐츠형,3.5,,2026-05-03,2026-05-03,5.3.일,5.3.일,1,kjo4275,영수증,음식이 맛있어요,,
405,69f6c45ef8138dcc8f74cb73,텍스트·콘텐츠형,5,"얼큰한 맛 해장국을 먹고 싶다면 강추!
대기는 좀 길었지만, 기다린 보람이 있어요.
바지락이 양이 많아서 배부르게 먹었어요.
태안와서 먹어보면 좋은 맛집:)",2026-05-03,2026-05-03,5.3.일,5.3.일,1,ch****,영수증,음식이 맛있어요 | 양이 많아요 | 매장이 청결해요,,
406,69f6c41a7891899c19ad73f7,텍스트·콘텐츠형,5,생생보고 너무 맛있어보여서 왔는데 와우 해장의 성지라는 말이 찰떡! 너무 맛있고 얼큰하니 쥑이네예~~,2026-05-03,2026-05-03,5.3.일,5.3.일,1,꼰지41,영수증,음식이 맛있어요 | 재료가 신선해요 | 양이 많아요 | 건강한 맛이에요,,
407,69f6cec6aca6a5b993c48c4f,텍스트·콘텐츠형,4.5,생각없이 왔는데 너무 맛있습니다 추천입니다,2026-05-03,2026-05-03,5.3.일,5.3.일,1,불타는족제비,영수증,음식이 맛있어요 | 재료가 신선해요 | 주차하기 편해요 | 매장이 청결해요 | 친절해요,,
408,69f6bb882d7e8814d5e70663,텍스트·콘텐츠형,5,"태안 바지락해장국은 국물이 시원하고 깔끔해서 정말 만족스럽고. 바지락도 신선하고 양이 넉넉해서 먹는 내내 좋았어요, 해장으로 정말 좋았고 , 전체적으로 부담 없이 맛있게 즐길 수 있었어요~",2026-05-03,2026-05-03,5.3.일,5.3.일,1,쮸남푠,영수증,음식이 맛있어요 | 재료가 신선해요 | 양이 많아요,,
409,69f6c228935d1750966fbb52,텍스트·콘텐츠형,5,두번째 방문인데 사람이 엄청 많아졌어요~ 30분 이상 대기했지만 너무 맛있었어요~ 테이블링 예약 가능했으면 좋겠어요 ㅋㅋ 태안 여행의 마무리는 바지락해장국이 제격이예요 ㅋㅋ,2026-05-03,2026-05-03,5.3.일,5.3.일,2,coolcat36,영수증,음식이 맛있어요 | 양이 많아요 | 특별한 메뉴가 있어요 | 친절해요 | 매장이 청결해요,,
410,69f6ac81a41014ca7091900d,텍스트·콘텐츠형,4.5,"아이들과 태안 여행중 찾은 맛집^^
맛있게 잘먹고 갑니다^^",2026-05-03,2026-05-03,5.3.일,5.3.일,1,huny538,영수증,음식이 맛있어요 | 재료가 신선해요 | 매장이 넓어요,,
411,69f7e5fe5470a765e7531b18,텍스트·콘텐츠형,3,"곤드레밥과 해장국 조합이 굳👍
바지락도 많고 맛있어요ㅎㅎ
근데 사장님이 진짜 너무 불친절하세요.. 내돈내고 먹는건데 눈치보면서 먹어야하는 아이러니한 상황...😅
불친절 받으면서까지 먹고싶을 정도는 아니니 참고하세요🙂‍↕️
개인적으로 저는 맛있게 먹었지만 다른 태안 맛집을 찾아갈 것같습니다.",2026-05-04,2026-05-03,5.4.월,5.3.일,1,2MY0,영수증,음식이 맛있어요,"안녕하세요, 태안바지락해장국입니다.
우선 저희 매장을 방문해 주셨는데, 응대로 인해 식사하시는 내내 불편함과 눈치를 보게 해 드린 점 진심으로 고개 숙여 사과드립니다. 
내 돈 내고 먹는 식사 자리에서 마땅히 받으셔야 할 친절한 서비스를 제공해 드리지 못해 너무나 부끄럽고 죄송한 마음뿐입니다. 

곤드레밥과 해장국 조합은 맛있게 드셨다고 좋은 평가를 남겨주셨기에, 미흡했던 접객 태도가 더더욱 죄송스럽고 뼈아프게 다가옵니다. 
손님께서 남겨주신 소중한 지적을 겸허히 받아들여, 앞으로는 맛뿐만 아니라 서비스에서도 편안함을 드릴 수 있도록 철저히하겠습니다. 
귀한 발걸음 해주셨는데 실망을 안겨드려 다시 한번 죄송하며, 부디 상한 마음이 조금이나마 풀리시길 바랍니다.",7.10.금
412,69f6a0a569c3559e11044d16,텍스트·콘텐츠형,5,,2026-05-03,2026-05-03,5.3.일,5.3.일,1,sms495930,영수증,음식이 맛있어요 | 재료가 신선해요 | 특별한 메뉴가 있어요,,
413,69f6a03fc0c7270521210c22,텍스트·콘텐츠형,5,아침 점심 식사하러 오기에 좋은 곳이구요 음식도 깔끔하고 맛있습니다,2026-05-03,2026-05-03,5.3.일,5.3.일,1,모아15,영수증,음식이 맛있어요 | 인테리어가 멋져요 | 친절해요 | 주차하기 편해요 | 매장이 청결해요,,
414,69f69dd6b14476f981356e83,텍스트·콘텐츠형,4.5,,2026-05-03,2026-05-03,5.3.일,5.3.일,1,프라이데이31,영수증,음식이 맛있어요 | 재료가 신선해요 | 가성비가 좋아요 | 친절해요 | 주차하기 편해요,,
415,69f69c71d7de4c72b1de8c5b,텍스트·콘텐츠형,3.5,,2026-05-03,2026-05-03,5.3.일,5.3.일,1,지다미93,영수증,특별한 메뉴가 있어요 | 반찬이 잘 나와요 | 매장이 넓어요,,
416,69f695f2b596ef3de10d2260,텍스트·콘텐츠형,5,"태안 자주 왔었는데 이제야 와보다니~~
넘 맛있어요~ 필수코스 될듯요",2026-05-03,2026-05-03,5.3.일,5.3.일,1,샬랄라135,영수증,음식이 맛있어요 | 재료가 신선해요 | 특별한 메뉴가 있어요 | 매장이 청결해요,,
417,69f57346ad8d3cb56313518c,텍스트·콘텐츠형,5,"바지락해장국이 이리 많있을줄이야
아이가 고기완자랑 밥 한그릇 뚝딱 했어요
맛있게 먹고갑니다",2026-05-02,2026-05-02,5.2.토,5.2.토,1,기억의결,영수증,음식이 맛있어요 | 양이 많아요 | 재료가 신선해요 | 메뉴 구성이 알차요 | 매장이 넓어요,,
418,69f5740a23e775785feebb2a,텍스트·콘텐츠형,4.5,"국물이 진하고 맛있네요
반찬으로 나오는 바지락장도 맛있고
고기완자 추가 므조건 추천입니다",2026-05-02,2026-05-02,5.2.토,5.2.토,1,aaa****,영수증,음식이 맛있어요 | 인테리어가 멋져요 | 매장이 넓어요 | 친절해요 | 주차하기 편해요,,
419,69f568df9bc248a1ad2a7763,텍스트·콘텐츠형,5,"해장으로도ㅠ식사로도 너무 좋아요
재방문의사 백프로입니다👌",2026-05-02,2026-05-02,5.2.토,5.2.토,2,coh****,결제내역,음식이 맛있어요 | 재료가 신선해요 | 양이 많아요 | 매장이 넓어요 | 매장이 청결해요,,
420,69f567b1dec96bfac03f880a,텍스트·콘텐츠형,4.5,아 사진을 못찍었어요 ㅠㅠㅠ 너무 허겁지겁 먹느라 정신 없었네요! 진짜 태안 여행와서 먹은 것 중에 젤 맛납니다! 리뷰 많길래 광고인가 했는데 전혀요...제발 오세요,2026-05-02,2026-05-02,5.2.토,5.2.토,1,오늘도배불러,영수증,음식이 맛있어요 | 재료가 신선해요 | 양이 많아요 | 인테리어가 멋져요 | 매장이 넓어요,,
421,69f564a2ef453bbe9abb9f55,텍스트·콘텐츠형,5,"리뷰를 찾아보고 맛있어 보여 방문했습니다

해장국이 너무 시원하고 맛있고
기본으로 제공되는 반찬들도 맛있습니다

매콤하고 개운하면서도 바지락국물이 시원한
다음에 태안을 방문하면 꼭 다시 오고 싶습니다

재방문 의사 100%",2026-05-02,2026-05-02,5.2.토,5.2.토,1,이당동,영수증,음식이 맛있어요 | 재료가 신선해요 | 양이 많아요 | 특별한 메뉴가 있어요 | 가성비가 좋아요,,
422,69f56ea2a84663672ca62bea,텍스트·콘텐츠형,5,"태안 오시면 먹어 보시는거 추천 드립니다.
양도 많고 맛있어요.
사장님도 친절하십니다.",2026-05-02,2026-05-02,5.2.토,5.2.토,1,ans****,영수증,음식이 맛있어요 | 양이 많아요 | 특별한 메뉴가 있어요 | 매장이 청결해요 | 주차하기 편해요,,
423,69f56af50171d4e72eff18fb,텍스트·콘텐츠형,4,맛있어요,2026-05-02,2026-05-02,5.2.토,5.2.토,1,가ㄱ 가,영수증,음식이 맛있어요 | 양이 많아요 | 매장이 넓어요 | 인테리어가 멋져요 | 단체모임 하기 좋아요,,
424,69f5574a6317d102e8b83f2b,텍스트·콘텐츠형,5,"태안 여행 와서 새로운 메뉴 먹고 싶어서 찾다가
바지락해장국 발견해서 오게 됬는데
정말 잘온거 같아요~
바지락장에 시래기밥 싹싹 비벼먹고 집에 갈때 바지락장도 사갑니다~
해장국도 얼큰하니 좋아요 여행오신다면 추천합니다~♡",2026-05-02,2026-05-02,5.2.토,5.2.토,1,초코송이86,영수증,음식이 맛있어요 | 특별한 메뉴가 있어요 | 양이 많아요 | 주차하기 편해요 | 매장이 청결해요,"안녕하세요, 태안바지락해장국입니다.
태안 여행 중에 새로운 메뉴에 도전하셨는데 최고의 칭찬을 남겨주셔서 정말 기쁩니다! 
구수한 시래기밥에 바지락장 싹싹 비벼 맛나게 드시고, 집에 가실 때 바지락장까지 구매해 주시다니 너무나 감격스럽고 감사한 마음뿐입니다. 
저희 특제 바지락장은 집에서 따뜻한 밥에 그냥 비벼 드셔도 정말 훌륭한 밥도둑이 되어줄 거예요! 
얼큰한 해장국으로 여행의 피로를 싹 푸셨길 바라며, 앞으로도 여행객분들께 든든함을 선물하는 1등 태안 아침식사 맛집이 되겠습니다. 늘 행복하세요!",7.10.금
425,69f541915041aa234b58c391,텍스트·콘텐츠형,5,매장도 청결하고 회전도 빨라요 바지락 해장국도 맛있었는데 처음 먹어보는 바지락내장탕이 더 맛있네요ㅋㅋ 태안 여행오신분들 아침식사로 꼭 드셔보세요 강추입니다!!,2026-05-02,2026-05-02,5.2.토,5.2.토,1,yamo90,영수증,음식이 맛있어요 | 양이 많아요 | 매장이 넓어요 | 친절해요 | 매장이 청결해요,,
426,69f43ee4f3ec729e67e47a42,텍스트·콘텐츠형,4.5,바지락이 통통하고 국물이 얼큰해요~ 시래기밥이라 고소하고 바지락장도 존맛💪💪,2026-05-01,2026-05-01,5.1.금,5.1.금,1,김혜진66,영수증,음식이 맛있어요 | 양이 많아요 | 매장이 넓어요,,
427,69f43b7cda041459dd558b47,텍스트·콘텐츠형,5,"음식이 진짜 맛있어요 태안와서 먹은 것 중에 제일 맛있는 것 같습니다 
바지락도 많이 들었고 모래가 씹히지도 않아서 해감이 정말 잘 된 것 같아요",2026-05-01,2026-05-01,5.1.금,5.1.금,1,gri****,영수증,음식이 맛있어요 | 재료가 신선해요 | 양이 많아요,,
428,69f43e396b25fe045f4607ec,텍스트·콘텐츠형,4,맛있게 잘 먹었습니다^^,2026-05-01,2026-05-01,5.1.금,5.1.금,1,man****,영수증,혼밥하기 좋아요 | 매장이 청결해요 | 화장실이 깨끗해요,,
429,69f43be1ccd00ec00722d0eb,텍스트·콘텐츠형,5,가족들과 다같이 먹으러 왔는데 양도 많고 맛있었어요 속이 확 풀리는 맛이에요~!👍,2026-05-01,2026-05-01,5.1.금,5.1.금,1,ㅅㄴㅎ,영수증,음식이 맛있어요 | 양이 많아요 | 메뉴 구성이 알차요 | 화장실이 깨끗해요,,
430,69f42925528ce9f3ca01813b,텍스트·콘텐츠형,5,"해장국 맛있어요~
잘 먹었습니다",2026-05-01,2026-05-01,5.1.금,5.1.금,1,ra****,영수증,음식이 맛있어요 | 매장이 청결해요,,
431,69f41e5f59705e9b90c5f52b,텍스트·콘텐츠형,4.5,맛있어요! 또 오고싶어요,2026-05-01,2026-05-01,5.1.금,5.1.금,1,DDD39,영수증,음식이 맛있어요 | 재료가 신선해요 | 양이 많아요,,
432,69f4199fa89cb0a280e1f343,텍스트·콘텐츠형,4.5,"다른곳에서는 먹을수 없는 특별한 메뉴
맛도있고 구성이 좋아서 동네면 자주오고싶어요",2026-05-01,2026-05-01,5.1.금,5.1.금,1,권도현656,영수증,음식이 맛있어요 | 특별한 메뉴가 있어요 | 재료가 신선해요 | 메뉴 구성이 알차요,,
433,69f41c8868a230b04970a28b,텍스트·콘텐츠형,5,태안오면 매번 찾는 인기만점 맛집입니다! 아침해장에 추천합니다!!,2026-05-01,2026-05-01,5.1.금,5.1.금,1,대마왕5215,영수증,음식이 맛있어요 | 양이 많아요 | 특별한 메뉴가 있어요 | 재료가 신선해요,,
434,69f40ea33b4d31f8b21bcc43,텍스트·콘텐츠형,5,"얼큰해서 해장하기 좋아요..
국물이 진해서 시원해요.
매장이 깔끔하고 음식이 깔끔합니다.",2026-05-01,2026-05-01,5.1.금,5.1.금,1,오늘도3,영수증,음식이 맛있어요 | 재료가 신선해요 | 건강한 맛이에요 | 잡내가 적어요,,
435,69f40358a967de4bf5661045,텍스트·콘텐츠형,5,"너무 맛있네요
다음에 놀러오면 또 올게요~",2026-05-01,2026-05-01,5.1.금,5.1.금,1,ㅎ햐요,영수증,음식이 맛있어요 | 재료가 신선해요 | 양이 많아요 | 특별한 메뉴가 있어요,,
436,69f43fbe4231de4254359756,텍스트·콘텐츠형,4.5,,2026-05-01,2026-05-01,5.1.금,5.1.금,1,홍성옥37,영수증,음식이 맛있어요 | 재료가 신선해요,,
437,69f197f16a21199c16b530c2,텍스트·콘텐츠형,4.5,"바지락과 시래기와 내장의 조합
참으로 괜찮네요. 번창하세요",2026-04-29,2026-04-29,4.29.수,4.29.수,1,Apple4145,영수증,음식이 맛있어요 | 재료가 신선해요 | 양이 많아요 | 친절해요 | 매장이 청결해요,,
438,69f18ff4ec3dbae243717ad2,텍스트·콘텐츠형,5,맛있게 잘먹었습니다 태안오면 태안바지락해장국!,2026-04-29,2026-04-29,4.29.수,4.29.수,1,환승239,영수증,음식이 맛있어요 | 재료가 신선해요 | 양이 많아요 | 특별한 메뉴가 있어요,,
439,69f03f3dc302413494a85185,텍스트·콘텐츠형,5,"처음 먹어보는데 매우 만족합니다 
밥과 바지락장 최고네요",2026-04-28,2026-04-28,4.28.화,4.28.화,1,jje****,영수증,음식이 맛있어요 | 인테리어가 멋져요 | 친절해요,,
440,69f03293792d35edbd03aad6,텍스트·콘텐츠형,5,"바지락과 시레기가 잘 어울리는 맛이었습니다

해장에도 굿!",2026-04-28,2026-04-28,4.28.화,4.28.화,1,상크미48,영수증,음식이 맛있어요,,
441,69f03157349f10f9ea32bea1,텍스트·콘텐츠형,5,바지락 해장국은 처음인데 시원하고 칼칼하고 맛있네요. 반찬들도 다 맛있고 무엇보다 친절하고 청결해서 좋아요. 태안오면 꼭 들를게요.,2026-04-28,2026-04-28,4.28.화,4.28.화,1,지나24,영수증,음식이 맛있어요 | 특별한 메뉴가 있어요 | 친절해요 | 매장이 청결해요 | 주차하기 편해요,,
442,69f020cb27e93c83fcaa39b0,텍스트·콘텐츠형,4.5,맛있어요! 밥도 리필되니까 배부르게 먹기 좋아요 굿굿 추천,2026-04-28,2026-04-28,4.28.화,4.28.화,1,제이젱,영수증,음식이 맛있어요 | 재료가 신선해요 | 가성비가 좋아요 | 매장이 넓어요,,
443,69f00a670281a59aed966dca,텍스트·콘텐츠형,5,"아이들과 태안 놀러왔다가 맛있게 먹고갑니다
감사합니다🙌",2026-04-28,2026-04-28,4.28.화,4.28.화,1,김민정265,영수증,음식이 맛있어요 | 재료가 신선해요 | 양이 많아요 | 특별한 메뉴가 있어요 | 매장이 넓어요,,
444,69eeb41debb77f4658ce7248,텍스트·콘텐츠형,5,,2026-04-27,2026-04-27,4.27.월,4.27.월,4,you****,영수증,음식이 맛있어요 | 재료가 신선해요,,
445,69eead18c50b3179acd2964c,텍스트·콘텐츠형,5,"ai로 맛집 찾아는데 설마하고 왔는데 너무 맛있어
특히 전날 술 먹고 왔는데 해장으로 굿이네요
다음에 여행오면 다시 재방문 할것임",2026-04-27,2026-04-27,4.27.월,4.27.월,1,공유20,영수증,음식이 맛있어요 | 재료가 신선해요 | 양이 많아요 | 매장이 넓어요 | 인테리어가 멋져요,,
446,69ed9b4b8b0173ceb71c544c,텍스트·콘텐츠형,5,"태안 여행중 나가는길에 들려서 아주 만족스러운
마무리 식사가 되었네여 잘먹고 갑니다~!!
해장하러가세요!!!",2026-04-26,2026-04-26,4.26.일,4.26.일,1,육회탕탕탕86,영수증,음식이 맛있어요 | 양이 많아요 | 단체모임 하기 좋아요 | 혼밥하기 좋아요 | 매장이 넓어요,,
447,69ed9415ecb18056e70cc222,텍스트·콘텐츠형,5,"태안에서 만난 진정한 맛집, 태안바지락 해장국에 다녀왔습니다. 한마디로 요약하자면 ""잊을 수 없는 맛""이었습니다.
✨ 좋았던 점들
• 칼칼하고 시원한 국물: 해장국답게 국물이 정말 깊고 칼칼합니다. 바지락 특유의 시원함이 살아있어 속이 확 풀리는 기분이었어요.
• 별미 중의 별미, 바지락장: 이 집의 하이라이트는 단연 바지락장입니다. 따끈한 밥에 슥슥 비벼 먹으니 입안 가득 감칠맛이 폭발하더라고요. 해장국과 비빔밥의 조화가 예술입니다.
• 재방문 의사 200%: 식사를 마치는 순간부터 ""다음에 또 와야지""라는 생각이 절로 드는 곳입니다.",2026-04-26,2026-04-26,4.26.일,4.26.일,1,bigblur75,영수증,음식이 맛있어요 | 재료가 신선해요 | 양이 많아요 | 특별한 메뉴가 있어요 | 가성비가 좋아요,,
448,69ed92036046b4dfcbbabb73,텍스트·콘텐츠형,5,"태안 올때마다 와보고 싶었는데 드디어 왔어요!
주말 점심시간이 껴서 대기 30분정도 했는데, 기다린 시간이 아깝지 않은 맛이었습니다ㅠ
너무 만족스러운 한끼 먹어서 기분이 좋아요!! 감사합니다!!",2026-04-26,2026-04-26,4.26.일,4.26.일,1,dah****,영수증,음식이 맛있어요 | 재료가 신선해요 | 양이 많아요 | 매장이 청결해요 | 친절해요,,
449,69ed918e65bbcbb02ab5a0c0,텍스트·콘텐츠형,5,바지락 해장국은 처음인데 조개라 그런지 엄청 시원하고 특히 시래기밥이랑 장이 너무 맛있었어요! 완자는 동그랑땡 같은 맛이었어요 태안오시면 여기서만 먹을 수 있는 바지락 해장국 추천드립니다💛,2026-04-26,2026-04-26,4.26.일,4.26.일,1,김호두137,영수증,음식이 맛있어요 | 양이 많아요 | 특별한 메뉴가 있어요,,
450,69ed8c39e3b22745600e5d31,텍스트·콘텐츠형,5,"​운 좋게 하루 30개 한정인 내장탕 주문에 성공했습니다. 일단 바지락 자체가 정말 싱싱하고 알이 실해서 깜짝 놀랐어요.
​태안 하면 보통 게국지를 떠올리지만, 진정한 해장과 깊은 맛을 원한다면 이 바지락 해장국이 정답인 것 같습니다. 국물 한 입 먹자마자 '아, 이게 진짜구나' 싶었네요. 태안 여행 와서 먹은 음식 중 단연 최고입니다.",2026-04-26,2026-04-26,4.26.일,4.26.일,1,ggb****,영수증,음식이 맛있어요 | 재료가 신선해요 | 양이 많아요 | 특별한 메뉴가 있어요 | 가성비가 좋아요,,
451,69ed95745a4cf4d61bc33ce1,텍스트·콘텐츠형,4.5,잘먹었습니다,2026-04-26,2026-04-26,4.26.일,4.26.일,1,초코별이94,영수증,음식이 맛있어요 | 매장이 넓어요 | 매장이 청결해요,,
452,69ed87ecc0f132646feaaf43,텍스트·콘텐츠형,5,지난번에 와서 먹어보고 맛잇어서 한번 더 방문 했어요! 여전히 변함없는 맛이고 싱싱한 바지락에 국물도 정말 진하고 맛잇어요! 담에 태안오면 또 방문하려구요!,2026-04-26,2026-04-26,4.26.일,4.26.일,1,tjg****,영수증,음식이 맛있어요 | 재료가 신선해요 | 양이 많아요 | 특별한 메뉴가 있어요,,
453,69ed89eb5f70a2a92a4c32aa,텍스트·콘텐츠형,5,"태안에
자주 왔었는데 이런집이 매번 오가는
길가에
있었네요. 해장국에 바지락 조합이 좋았고. 아이들 완자도 잘 먹었어요. 직원분들
친절하시고. 웨이팅 빼면 만족할만한 식사였어요.",2026-04-26,2026-04-26,4.26.일,4.26.일,1,쿠마533,영수증,음식이 맛있어요 | 특별한 메뉴가 있어요 | 매장이 넓어요 | 주차하기 편해요 | 친절해요,,
454,69ed65e657c4269d9252b58a,텍스트·콘텐츠형,4.5,"태안오면 꼭 들리는 맛집이에요
아침 해장으로 최고에요!",2026-04-26,2026-04-26,4.26.일,4.26.일,1,idoncare11,영수증,음식이 맛있어요 | 인테리어가 멋져요 | 친절해요 | 매장이 청결해요,,
455,69ec56c0793c28fc98b31e34,텍스트·콘텐츠형,4,"오랜만에 태안왔다가 우연히 들린 해장국집.
얼큰하니 내가 좋아하는 시래기도 많이 들어있고 맛 좋네요~ 
담에 또 와야징",2026-04-25,2026-04-25,4.25.토,4.25.토,1,미하쭈,영수증,음식이 맛있어요 | 특별한 메뉴가 있어요 | 매장이 청결해요,,
456,69ec49734ebc902f9295ec96,텍스트·콘텐츠형,4.5,"맛있어요👍👍진짜 쵝오😊
또올게요^^*",2026-04-25,2026-04-25,4.25.토,4.25.토,1,꽃잎하튜,영수증,음식이 맛있어요 | 재료가 신선해요 | 특별한 메뉴가 있어요 | 혼술하기 좋아요,,
457,69ec329b2fb8d881922c859a,텍스트·콘텐츠형,5,"해장하기 딱 좋네요!
해장하실분들 추천합니다.",2026-04-25,2026-04-25,4.25.토,4.25.토,1,한글2485,영수증,음식이 맛있어요 | 재료가 신선해요 | 인테리어가 멋져요 | 매장이 청결해요 | 주차하기 편해요,,
458,69ec148d8b0173ceb7d95e49,텍스트·콘텐츠형,5,"바지락 해장국 맛은 칼칼히면서 조금 맵고 내장 드시는 분은 바지락 내장탕으로 드시면 좋을 것 같아요
음식은 대체로 맛 있습니다",2026-04-25,2026-04-25,4.25.토,4.25.토,1,내일도 맑음ㅎ,영수증,음식이 맛있어요 | 특별한 메뉴가 있어요 | 현지 맛에 가까워요 | 매장이 청결해요 | 주차하기 편해요,,
459,69eaf02e35dc9a3cf403d21f,텍스트·콘텐츠형,5,맛있게 잘 먹었습니다,2026-04-24,2026-04-24,4.24.금,4.24.금,1,블랙커피3866,영수증,음식이 맛있어요 | 재료가 신선해요 | 특별한 메뉴가 있어요 | 단체모임 하기 좋아요,,
460,69e844718bfd21020095c550,텍스트·콘텐츠형,5,내장탕 양도 많고 고기완자는 아이들이 좋아할거 같아요 !! 다들 한번씩 가보세요~~,2026-04-22,2026-04-22,4.22.수,4.22.수,1,rtw****,영수증,음식이 맛있어요 | 재료가 신선해요 | 양이 많아요 | 매장이 넓어요 | 주차하기 편해요,,
461,69e6ee0c67c1452bd3ac89fd,텍스트·콘텐츠형,4.5,태안 오면 꼭 여기로 국물 먹으러 오세요 국물이ㅜ장난이 아니고 바지락이 엄청 실해요 진짜 정신 못차리고 다 먹어서 사진도 없어요 대박 맛집 추천해뇨!!,2026-04-21,2026-04-21,4.21.화,4.21.화,1,흥ㅇ흐흐,영수증,음식이 맛있어요 | 재료가 신선해요 | 특별한 메뉴가 있어요 | 잡내가 적어요 | 친절해요,"안녕하세요, 소중한 리뷰 남겨주셔서 진심으로 감사드립니다.
바지락의 시원한 맛과 국물을 느껴주셔서 정말 기쁩니다. 이렇게 모두 만족해주셔서 큰 힘이 됩니다. 앞으로도 언제 방문하셔도 정갈하고 맛있는 한 끼를 드릴 수 있도록 정성껏 준비하겠습니다.
태안바지락해장국에 방문해주셔서 감사드립니다.:)",4.22.수
462,69e6d0591dab362967922614,텍스트·콘텐츠형,5,밥도 시래기밥이고  양도 많고 맛있어요! 반찬들도 야무져서 배부르게 먹었어요bbb,2026-04-21,2026-04-21,4.21.화,4.21.화,1,백소오,영수증,매장이 넓어요 | 주차하기 편해요 | 친절해요 | 특별한 메뉴가 있어요,"안녕하세요, 태안바지락해장국입니다.
그냥 하얀 쌀밥보다 더 건강하고 구수한 맛을 드리고 싶어 준비한 시래기밥인데, 그 진심을 알아주셔서 정말 기뻐요. 
반찬 하나하나 야무지게 준비한 보람을 느끼네요! 든든하게 드신 만큼 오늘 하루도 기분 좋게 보내시길 바랍니다. 다음에 또 뵈어요!",4.22.수
463,69e59c9d4b9d4b8a1ca609b6,텍스트·콘텐츠형,4.5,"바지락 해장국
지인 소개로 오게된 맛집
해장국을 좋아 하는 1인으로
추천합니다
국물맛도 깔끔하고 바지락도 맛있어요
육류가 아닌 조개로 만든 해장국
색다른 맛이네요
참고로 바지락내장탕은 호불호가 있을듯
맛있습니다",2026-04-20,2026-04-20,4.20.월,4.20.월,1,lee****,영수증,음식이 맛있어요 | 재료가 신선해요 | 매장이 넓어요 | 매장이 청결해요,"안녕하세요, 태안바지락해장국입니다. :)
지인분 소개로 믿고 찾아주셔서 진심으로 감사합니다. 
해장국을 사랑하시는 분께 추천한다는 말씀을 들으니 저희의 진심이 통한 것 같아 정말 영광입니다. 
육류와는 또 다른 조개만의 시원하고 깔끔한 맛을 제대로 즐겨주셨네요! 
내장탕에 대한 솔직한 의견도 감사드리며, 호불호마저 호로 바꿀 수 있도록 더욱 연구하고 노력하겠습니다. 다음에 또 봬요!",4.22.수
464,69e5914d7ff4f211467e4f8d,텍스트·콘텐츠형,5,"처음 방문인데 국물이 정말 칼칼하니 맛있어요.
담에 또 오고 싶어요.",2026-04-20,2026-04-20,4.20.월,4.20.월,1,담쥐12,영수증,양이 많아요 | 매장이 청결해요 | 친절해요 | 주차하기 편해요 | 매장이 넓어요,"안녕하세요, 태안바지락해장국입니다.
저희 매장을 처음 찾아주셨는데 칼칼한 국물 맛에 만족하셨다니 사장으로서 정말 뿌듯하고 보람찹니다. 
첫 방문이 좋은 기억으로 남으신 것 같아 다행이에요! 다음에 오실 때도 처음 그 맛 그대로, 변함없이 시원하고 칼칼하게 준비해놓고 기다리겠습니다. 
소중한 리뷰 감사합니다!",4.22.수
465,69e5781d6f15c1311b95bebd,텍스트·콘텐츠형,5,태안 맛집!! 해장하러 왔다가 다시 한잔 하고 갑니다!! 내장탕 시켰는데 내장이 한가득입니다!! 곱창이 고소하니 맛있고 시래기밥에 바지락장 비벼 먹으면 끝입니다!! 국물이 얼큰하니 맛있어요~~ 아침식사로 강추합니다!!,2026-04-20,2026-04-20,4.20.월,4.20.월,1,빈율이맘24,영수증,음식이 맛있어요 | 재료가 신선해요 | 친절해요 | 매장이 청결해요 | 주차하기 편해요,"안녕하세요, 태안바지락해장국입니다.
해장하러 오셨다가 다시 한 잔이라니요! 
저희 내장탕의 얼큰함과 고소한 곱창 맛을 보니 도저히 참기 힘드셨나 봅니다. 특히 시래기밥에 바지락장 비벼 드시는 그 맛잘알 포인트까지 완벽하게 즐겨주셔서 제가 다 뿌듯하네요! 
아침 식사로 강추해주신 덕분에 오늘 하루 힘차게 시작합니다. 다음에도 속 풀러 꼭 들러주세요! 감사합니다!",4.22.수
466,69e56b4c11668b34569b562b,텍스트·콘텐츠형,5,아침 해장하기 좋고 얼큰하지만 바지락에 시원한 국물 맛이 맛있어요,2026-04-20,2026-04-20,4.20.월,4.20.월,1,핑크커피28,영수증,음식이 맛있어요 | 특별한 메뉴가 있어요 | 친절해요,"안녕하세요, 태안바지락해장국입니다.
아침 해장으로 저희 바지락 국물을 선택해 주셔서 감사합니다.
얼큰하면서도 바지락 특유의 시원한 맛을 내기 위해 매일 아침 정성껏 육수를 끓이고 있는데, 그 깊은 맛을 알아봐 주시니 정말 뿌듯하네요! 
다음에 태안 오실 때도 든든한 아침 식사 책임지겠습니다. 또 뵙기를 기다릴게요!",4.22.수
467,69e56a5a723f35e8942e7ade,텍스트·콘텐츠형,5,해장하러왔다가 술 먹을 뻔...,2026-04-20,2026-04-20,4.20.월,4.20.월,1,아사달82,영수증,음식이 맛있어요 | 재료가 신선해요,"안녕하세요 고객님!
저희 바지락 국물이 워낙 시원하다 보니 해장하러 오셨다가 다시 술을 하고 싶어지는 마음, 저희도 충분히 이해합니다.
꾹 참고 건강하게 해장 잘하셨다니 다행이에요! 
다음에는 차 놓고 오셔서 마음 편하게 술 한잔 곁들여 보세요. 감사합니다. :)",4.22.수
468,69e46b79723f35e8947a7c9d,텍스트·콘텐츠형,3.5,오늘도 맛있게 먹고 갑니다.,2026-04-19,2026-04-19,4.19.일,4.19.일,2,밤톨이일상,영수증,음식이 맛있어요 | 재료가 신선해요 | 양이 많아요 | 특별한 메뉴가 있어요 | 반찬이 잘 나와요,"안녕하세요, 태안바지락해장국입니다.
저희 매장을 방문해 주시고 정성스러운 후기까지 남겨주셔서 진심으로 감사합니다. 
시원하고 깊은 국물 맛을 만족스럽게 즐기셨다니 사장으로서 큰 보람을 느낍니다. 
항상 신선한 재료로 보답하는 태안바지락해장국이 되겠습니다. 든든한 한 끼가 생각나실 때 언제든 다시 들러주시기 바랍니다. :)",4.22.수
469,69e45e9c523ae7933489c436,텍스트·콘텐츠형,5,"음식이 정갈하고 바지락 양이 많아요. 아이들을 위해 김도 주시고, 고기 완자도 맛있어요! 또 올게요",2026-04-19,2026-04-19,4.19.일,4.19.일,1,wldnsdld,영수증,친절해요 | 매장이 청결해요,"안녕하세요, 태안바지락해장국입니다.
아이들이 김이랑 고기 완자로 든든하게 밥 한 그릇 뚝딱 했을 모습이 상상되어 절로 미소가 지어지네요. 
태안 바다의 넉넉한 인심을 보여드리고 싶어 바지락도 아낌없이 넣었는데, 그 마음이 잘 전달된 것 같아 정말 기쁩니다!
조만간 또 반가운 얼굴로 뵙기를 기다릴게요!",4.22.수
470,69e45e6773b4cd7020fc1938,텍스트·콘텐츠형,4,"맛있어요!
바지락이 많아요!!",2026-04-19,2026-04-19,4.19.일,4.19.일,1,ksj****,영수증,음식이 맛있어요 | 재료가 신선해요,"안녕하세요. 태안바지락해장국입니다. 
저희 음식을 좋게 평가해 주셔서 진심으로 감사합니다.
고객님의 따뜻한 한마디에 저희 직원들 모두 큰 힘을 얻었습니다. 
항상 기분 좋은 방문이 되실 수 있도록 최선을 다하겠습니다. 감사합니다.:)",4.22.수
471,69e464bdcfbee39a8ee14520,텍스트·콘텐츠형,5,"시래기 밥만 먹어도 고소하고 바지락장이랑 같이 밥비벼먹어도 엄청 맛있어요. 열무장아찌는 깔끔하고 , 바지락 해장국은 자극적이지 않은 국이라 계속 손가네요.
배많이 안고팠었는데 싹싹 긁어먹고 갑니다",2026-04-19,2026-04-19,4.19.일,4.19.일,1,나당당,영수증,음식이 맛있어요 | 메뉴 구성이 알차요 | 친절해요 | 매장이 청결해요 | 주차하기 편해요,,
472,69edbbc44e213d8a366b35e9,텍스트·콘텐츠형,5,"첫 방문이에요 . 이미 대기인원이
엄청 많더라구요 이제까지 먹어보지 못한 새로운 맛이에요 엄청 맛있어요 남편도 너무 맛있다고 ㅎㅎ 다음에 또 와야겠어요 기다릴수 있는 맛입니다",2026-04-26,2026-04-19,4.26.일,4.19.일,1,nay****,영수증,음식이 맛있어요 | 특별한 메뉴가 있어요 | 인테리어가 멋져요 | 매장이 청결해요,,
473,69e45cdf53a9e0c5e70bfcf9,텍스트·콘텐츠형,5,"당일치기로 태안 놀러왔다가 가는길이라 우연히 들렸는데 알고보니 엄청 유명한 맛집이었더라구요 
테이블링 예약하고 30분정도 있다가 입장했어요
주문하면 바로 나오고 양도 많고 맛있었어요
밥이랑 반찬은 리필이 가능해서 좋았구요
사장님이 친절했구 주차도 2시간까지 적용해주셔서 좋았습니다!
다음에 또 들릴게요~!!",2026-04-19,2026-04-19,4.19.일,4.19.일,1,최자자,영수증,음식이 맛있어요 | 재료가 신선해요 | 양이 많아요 | 특별한 메뉴가 있어요 | 주차하기 편해요,"안녕하세요 고객님! 
태안 당일치기 여행의 소중한 마지막 식사를 저희와 함께해주셔서 진심으로 감사합니다.
테이블링 예약으로 대기까지 하시며 기다려주셨는데, 좋은기분으로 돌아가신 것 같아 정말 뿌듯하네요! 다음에 태안 오실 때도 꼭 다시 들러주세요!",4.22.수
474,69e45b134c234d0870d4bdd3,텍스트·콘텐츠형,4.5,,2026-04-19,2026-04-19,4.19.일,4.19.일,1,김지은84,영수증,음식이 맛있어요 | 매장이 넓어요,"안녕하세요, 태안바지락해장국입니다. 
저희 음식을 맛있게 드셔주셔서 대단히 감사합니다. 
저희는 고객님께 바다의 신선함을 그대로 전달해 드리고자 바지락 해감부터 국물 조리까지 어느 하나 소홀히 하지 않고 있습니다. 
앞으로도 변치 않는 정직한 맛으로 고객님의 성원에 보답하겠습니다. 소중한 후기 감사합니다.",4.22.수
475,69e43edbdbb00f58ccb75c37,텍스트·콘텐츠형,5,"태안여행중에 우연히 들른 맛집이에요~
5살 아이와 함께 갔는데 아이밥도 흔쾌히 주셔서 너무 좋았어요~ 아이가 고기완자도 너무 맛있게 잘 먹었고 해장국도 매콤하고 간도 딱 맞아 아침 점심 식사로 너무 좋았습니다👍👍😊",2026-04-19,2026-04-19,4.19.일,4.19.일,1,yuk****,영수증,음식이 맛있어요 | 재료가 신선해요 | 특별한 메뉴가 있어요 | 반찬이 잘 나와요 | 매장이 넓어요,"안녕하세요, 태안바지락해장국입니다.
태안 여행길에 저희 매장을 찾아주셔서 정말 감사합니다. 5살 우리 꼬마 손님이 고기완자랑 밥을 맛있게 먹어주었다니 제가 다 기특하고 뿌듯하네요!
부모님 마음 편히 식사하시라고 준비해 드린 작은 배려를 이렇게 예쁘게 봐주셔서 정말 감동입니다.
아침 겸 점심으로 든든하게 드신 기운으로 남은 여행도 행복하셨길 바랍니다! 다음에 또 놀러 오세요!",4.22.수
476,69e43a9b8fe37fb73a534ebb,텍스트·콘텐츠형,5,,2026-04-19,2026-04-19,4.19.일,4.19.일,1,ww****,영수증,음식이 맛있어요 | 재료가 신선해요 | 양이 많아요 | 매장이 넓어요 | 친절해요,"안녕하세요, 태안바지락해장국입니다.
멋있는 사진과 소중한 리뷰 남겨주셔서 진심으로 감사드립니다.
앞으로도 언제 방문하셔도 정갈하고 맛있는 한 끼를 드릴 수 있도록 정성껏 준비하겠습니다.:)",4.22.수
477,69e43dfd0625ac22b6c84d75,텍스트·콘텐츠형,4.5,,2026-04-19,2026-04-19,4.19.일,4.19.일,1,cicibu,영수증,음식이 맛있어요 | 고기 질이 좋아요 | 친절해요,"안녕하세요, 태안바지락해장국입니다. 
방문하시는 모든 분이 편안하고 기분 좋게 식사하실 수 있도록 청결과 친절을 최우선으로 생각하고 있습니다. 
항상 기분 좋은 방문이 되실 수 있도록 최선을 다하겠습니다. 감사합니다.",4.22.수
478,69e4267ee0c3d65456128da5,텍스트·콘텐츠형,5,"생각없이 간곳인데 생각보다 너무 맛있네요 반찬도 해장국도 진짜 맛집
아 그리고 아이스 아메리카노도 내려주시니 안갈이유 없죠 사실 밥먹고 태안 시내에 메가커피 가는데 여긴 시내 안들리고 골프장으로 바로 go go",2026-04-19,2026-04-19,4.19.일,4.19.일,1,오상진46,영수증,양이 많아요 | 음식이 맛있어요 | 재료가 신선해요 | 매장이 넓어요 | 친절해요,"안녕하세요, 태안바지락해장국입니다.
계획 없이 오신 발걸음이 맛있는 추억으로 남으셨다니 제가 더 기쁩니다. 
저희 해장국 국물 맛은 물론이고, 반찬 하나하나 집밥처럼 정성을 다해 만들고 있는데 그 진심이 닿은 것 같아 정말 뿌듯하네요! 
앞으로도 '생각나서 다시 찾는 맛집'이 될 수 있도록 늘 정성을 다하겠습니다. 감사합니다!",4.22.수
479,69e45f90dbb00f58ccd91c38,텍스트·콘텐츠형,5,"태안맛집발견했네요
40분기다렸는데 기다린보람있어요
또올게요",2026-04-19,2026-04-19,4.19.일,4.19.일,1,fac****,영수증,음식이 맛있어요 | 재료가 신선해요 | 메뉴 구성이 알차요 | 반찬이 잘 나와요 | 주차하기 편해요,"안녕하세요, 태안바지락해장국입니다.
40분이라는 귀한 시간을 기다려 주셨는데, 그 기다림이 헛되지 않으셨다니 정말 다행이고 감사합니다. 기다려 주신 만큼 더 싱싱하고 맛있는 태안의 맛을 보여드리고 싶었는데, 그 진심이 닿은 것 같아 뿌듯하네요!
다음에도 정성을 다한 한 상 차림으로 보답하겠습니다. 꼭 다시 들러주세요!",4.22.수
480,69e3197c50b4b020ce4e2879,텍스트·콘텐츠형,5,"두번째 방문!
태안쪽 오면 필수코스 맛집!
내장탕이 소진되서 못먹은게 너무 아쉬워요
밥이 애들 먹기에도 딱 좋아서 식구들이 같이 오기도 좋아요",2026-04-18,2026-04-18,4.18.토,4.18.토,1,몸치 아야,영수증,음식이 맛있어요 | 재료가 신선해요 | 양이 많아요 | 특별한 메뉴가 있어요 | 친절해요,"안녕하세요! 태안바지락해장국입니다.
잊지 않고 두 번째 발걸음 해주셔서 정말 감사합니다. 
태안 필수 코스로 꼽아주시다니 저희가 더 감동이에요! 다만, 정성껏 준비한 내장탕이 일찍 소진되어 맛보여드리지 못한 게 저도 너무너무 아쉽습니다. 
다음번엔 꼭 일찍 챙겨드릴 수 있도록 넉넉히 준비해 놓을게요! 
아이들도 밥 한 그릇 뚝딱 했다니 정말 다행입니다. 조만간 내장탕 드시러 꼭 다시 들러주세요!",4.22.수
481,69e31366898e4d6593763862,텍스트·콘텐츠형,5,처음 방문 했는데 양이 많고 맛있어요. 배불러요.!!!,2026-04-18,2026-04-18,4.18.토,4.18.토,1,mmmiiinn,영수증,음식이 맛있어요 | 양이 많아요 | 단체모임 하기 좋아요,"안녕하세요. 태안바지락해장국입니다.
해장국의 맛을 좋게 평가해 주셔서 진심으로 감사합니다. 
고객님의 따뜻한 격려 한마디에 저희 직원들 모두 큰 힘을 얻었습니다. 
항상 기분 좋은 방문이 되실 수 있도록 최선을 다하겠습니다. 감사합니다. :)",4.22.수
482,69e3003500c33a5a4bc59977,텍스트·콘텐츠형,5,적당히 얼큰하게 맛있게잘먹었습니다! 아이 밥과 김도 챙겨주셔서 좋았습니다!,2026-04-18,2026-04-18,4.18.토,4.18.토,1,gro****,결제내역,음식이 맛있어요 | 재료가 신선해요 | 양이 많아요,"안녕하세요 고객님! 태안바지락해장국입니다. 
아이와 함께하는 식사 시간이 즐거우셨다니 저희가 더 기쁩니다. 
어른들은 얼큰하게 스트레스 푸시고, 우리 아이는 김과 밥으로 든든하게 먹었길 바라는 마음이었는데 알아봐 주셔서 정말 감사해요! 
앞으로도 온 가족이 편안하게 식사하실 수 있는 곳이 되겠습니다. :)",4.22.수
483,69e2e2524fa73d2d35534574,텍스트·콘텐츠형,5,정말 둘이 먹다 하나가 죽어도 모른다는 바로 그맛입니다. 강추..!!!,2026-04-18,2026-04-18,4.18.토,4.18.토,1,물푸레2463,영수증,음식이 맛있어요 | 재료가 신선해요 | 양이 많아요 | 가성비가 좋아요 | 주차하기 편해요,"안녕하세요! 태안바지락해장국입니다. 
저희 음식을 맛있게 드셔주셔서 대단히 감사합니다. 
둘이 먹다 하나가 죽어도 모른다는 칭찬은 정말 최고의 칭찬입니다! 
고객님께 바다의 신선함을 그대로 전달해 드리고자 바지락 해감부터 국물 조리까지 어느 하나 소홀히 하지 않고 있습니다. 
그 진심을 알아봐 주신 것 같아 매우 기쁩니다. 
앞으로도 변치 않는 정직한 맛으로 고객님의 성원에 보답하겠습니다. 소중한 후기 감사합니다. :)",4.22.수
484,69e2d8944f5b4faf3cee2d4a,텍스트·콘텐츠형,5,"재료도신선하고 넘맛있게 먹었어요
담에 또오고싶은 맛집 찾았네요^^",2026-04-18,2026-04-18,4.18.토,4.18.토,1,skypiglet,영수증,음식이 맛있어요 | 재료가 신선해요,"안녕하세요 고객님! 태안바지락해장국입니다. 
저희 재료의 신선함을 단번에 알아봐 주시니 정말 감동입니다. 
매일 엄선해서 준비하는 보람을 느끼네요! 
'또 오고 싶은 맛집'이라는 최고의 찬사에 
보답할 수 있도록, 다음에도 변함없이 싱싱하고 맛있는 바지락으로 준비해 놓겠습니다. 
기분 좋은 발걸음 해주셔서 감사합니다!",4.22.수
485,69e2c6b90d746330cdaf9c1e,텍스트·콘텐츠형,5,"태안 찐 맛집 가족끼리와서 너무 맛있게 먹었어요
다음에 또 올게요!",2026-04-18,2026-04-18,4.18.토,4.18.토,1,계절꽃,영수증,음식이 맛있어요 | 아늑해요 | 친절해요 | 매장이 청결해요,"안녕하세요! 태안바지락해장국입니다. 
소중한 가족 외식 장소로 저희 매장을 
선택해 주셔서 진심으로 감사합니다. 
가족분들 모두 맛있게 드셨다는 말씀에 
저희 직원들 모두 큰 보람을 느껴요.
태안의 싱싱한 맛이 그리울 때 언제든 또 들러주세요. 
다음에도 최고의 맛과 서비스로 모시겠습니다.!",4.22.수
486,69e1c6098730a6525ad67b61,텍스트·콘텐츠형,2.5,2시간넘게 달려온 덕분에 맛있는 식사하고갑니다.,2026-04-17,2026-04-17,4.17.금,4.17.금,1,ljk****,영수증,음식이 맛있어요 | 매장이 넓어요 | 주차하기 편해요,"안녕하세요, 정성스럽고 자세한 리뷰 남겨주셔서 진심으로 감사드립니다.
 언제 오셔도 만족스러운 식사가 되실 수 있도록 정성껏 준비하겠습니다.
태안바지락해장국에 방문해주셔서 감사드립니다.",4.17.금
487,69e1bca31ec4dfba1f28b91a,텍스트·콘텐츠형,1,"신기할 정도로 아저씨 손님이 눈에 띄게 많았어요.
맛은 자극적인 편입니다. 마늘 맛 많이 나고 진해요. 시래기 들어가 있구요. 자극적인 거, 시래기 식감 좋아하시면 좋아하실 거고 입맛 따라 호불호 있을 것 같아요.
한 가지. 바쁜 매장인 거 감안하고도 너무 불친절했습니다. 두명이서 다 못 먹을 것 같아서 혹시 하나 시키는 게 될지 여쭤보고 바로 한 그릇 시켜먹고 한 그릇 포장하기로 했습니다. 그게 그리 기분 상하게 해드렸는지요. 그렇다면 죄송합니다
저는 대단한 친절을 바라는 타입도 아니고 바쁜 사람, 서비스가 업인 사람 마음 헤아려가며 말투 포함 태도 유지하려 노력하는데요, 마음이 상해서 밥 먹는 내내 좀 그랬던 건 너무 간만입니다.
리뷰로 이러고 싶지 않았는데 끝까지 너무 퉁명스러우셔서 당혹스러웠습니다.",2026-04-17,2026-04-17,4.17.금,4.17.금,1,우찌69,영수증,,"안녕하세요. 태안바지락해장국입니다. 먼저 저희 매장을 찾아주셨으나 식사하시는 내내 마음이 불편하셨다니 사장으로서 진심으로 고개 숙여 사과드립니다. 바쁜 상황을 이해해주시려 노력하신 고객님의 배려에도 불구하고, 저희 직원의 응대가 미흡하고 퉁명스러웠던 점은 변명의 여지가 없는 저희의 잘못입니다. 주문 방식에 대해 불쾌감을 드린 점은 현장 교육을 통해 즉각 시정하겠으며, 맛뿐만 아니라 서비스에서도 편안함을 느끼실 수 있도록 전면적으로 개선하겠습니다. 귀한 발걸음이 상처로 남게 해드려 다시 한번 죄송하다는 말씀을 올립니다.",4.17.금
488,69df1a0cbe898b3c7fb41834,텍스트·콘텐츠형,5,"사장님. 친절하십니다.
고객응대 세심히  다 해주십니다.
맛은 말해 뭐합니까?ㅎㅎ 
엄청 맛있게 얼큰한게 해장해도 굳일거 같네요.
갠적인평가 5점에 5점 
한번와보심 왜 5점 줬는지 이해하실겁니다.^^",2026-04-15,2026-04-15,4.15.수,4.15.수,1,갱이군주,영수증,음식이 맛있어요 | 재료가 신선해요 | 매장이 넓어요 | 매장이 청결해요 | 주차하기 편해요,"안녕하세요. 태안바지락해장국입니다.
맛은 물론이고 서비스까지 좋게 평가해 주셔서 진심으로 감사합니다. 
방문하시는 모든 분이 편안하고 기분 좋게 식사하실 수 있도록 청결과 친절을 최우선으로 생각하고 있습니다. 
고객님의 따뜻한 격려 한마디에 저희 직원들 모두 큰 힘을 얻었습니다. 
항상 기분 좋은 방문이 되실 수 있도록 최선을 다하겠습니다. 감사합니다.",4.17.금
489,69df0f0328109a3c2b420764,텍스트·콘텐츠형,4.5,"태안 튤립 보러 왔다가 맛집 검색으로 방문하게 되었어요ㅎㅎ
바지락해장국이라니!!  처음 들어보는 이색메뉴를 먹을 수 있어 좋았고 맛까지 있어서 기분 좋았어요 ㅎㅎ
매장도 깔끔하고 양도 푸짐하고 하루 30그릇 한정 바지락내장탕도 다행히 먹을 수 있었는데 냄새도 안나고 맛있었어요~",2026-04-15,2026-04-15,4.15.수,4.15.수,1,나야나 일상로그,영수증,음식이 맛있어요 | 재료가 신선해요 | 양이 많아요 | 특별한 메뉴가 있어요,"안녕하세요. 태안바지락해장국입니다.
저희 음식을 맛있게 드셔주셔서 대단히 감사합니다. 
저희는 고객님께 바다의 신선함을 그대로 전달해 드리고자 바지락 해감부터 국물 조리까지 어느 하나 소홀히 하지 않고 있습니다. 
그 진심을 알아봐 주신 것 같아 매우 기쁩니다. 
앞으로도 변치 않는 정직한 맛으로 고객님의 성원에 보답하겠습니다. 
소중한 후기 감사합니다.",4.17.금
490,69defe5ea3d06876d8733cfb,텍스트·콘텐츠형,4.5,"태안놀러왔다가  집으로 돌아가는길에
우연이  검색하다 알게된맛집이예요.
큰기대없이 왔는데  국물이너무시워해요.
해장에 최고일듯~~  음식모두 정갈하게
잘나와요. 진짜 추전합니다",2026-04-15,2026-04-15,4.15.수,4.15.수,1,ksl****,영수증,가성비가 좋아요 | 특별한 메뉴가 있어요 | 음식이 맛있어요 | 재료가 신선해요,"안녕하세요. 태안바지락해장국입니다. 
태안 여행을 마치고 돌아가시는 길에 저희 매장을 방문해 주셔서 진심으로 감사합니다. 
큰 기대 없이 오셨음에도 국물의 시원함과 음식의 정갈함을 높게 평가해 주셔서 대단히 기쁩니다. 
여행의 마지막 식사가 기분 좋은 기억으로 남으셨기를 바라며, 다음에 또 태안을 찾으실 때 잊지 않고 방문해 주시면 변함없는 맛으로 모시겠습니다. 즐거운 귀갓길 되시길 바랍니다. 감사합니다.",4.17.금
491,69ddace3b8ecdce5b13e12b4,텍스트·콘텐츠형,5,바지락장까지 너무 맛있었어요!,2026-04-14,2026-04-14,4.14.화,4.14.화,1,아이디24,영수증,음식이 맛있어요 | 특별한 메뉴가 있어요 | 매장이 넓어요 | 매장이 청결해요,"안녕하세요. 태안바지락해장국입니다.
저희 매장을 처음 방문해 주시고 후기까지 남겨주셔서 진심으로 감사합니다. 
바지락의 시원하고 깊은 국물 맛을 만족스럽게 즐기셨다니 사장으로서 큰 보람을 느낍니다. 
항상 신선한 재료로 보답하는 태안바지락해장국이 되겠습니다. 
든든한 한 끼가 생각나실 때 언제든 다시 들러주시기 바랍니다. 감사합니다.",4.17.금
492,69dc7758e1b77bff816ee874,텍스트·콘텐츠형,5,"안면암왔다가 태안에서 꼭 와야하는 먹어야하는맛집이라고 인스타보고왔어요
맛나고 친절하시고 바지락도엄청 신선합니다",2026-04-13,2026-04-13,4.13.월,4.13.월,1,지니호야맘,영수증,음식이 맛있어요 | 재료가 신선해요 | 양이 많아요 | 특별한 메뉴가 있어요 | 친절해요,"안녕하세요. 태안바지락해장국입니다. 
좋게 평가해 주셔서 진심으로 감사합니다. 
방문하시는 모든 분이 편안하고 기분 좋게 식사하실 수 있도록 청결과 친절을 최우선으로 생각하고 있습니다. 
고객님의 따뜻한 리뷰에 저희 직원들 모두 큰 힘을 얻었습니다. 
항상 기분 좋은 방문이 되실 수 있도록 최선을 다하겠습니다. 감사합니다.",4.17.금
493,69db25c62bf33f0f50b1be3e,텍스트·콘텐츠형,4.5,"정말 너무 맛있어요. 요근래 먹은 해장국 중에 최고에요!! 고기완자도 탱글하니 맛있고, 매장도 깨끗합니다!",2026-04-12,2026-04-12,4.12.일,4.12.일,1,꾸꾸7445,영수증,음식이 맛있어요 | 재료가 신선해요 | 양이 많아요 | 매장이 넓어요 | 단체모임 하기 좋아요,"안녕하세요. 태안바지락해장국입니다. 
바지락 특유의 깔끔하고 개운한 맛을 내기 위해 매일 아침 엄선된 재료로 정성을 다해 끓여내고 있습니다. 
속 편안하고 든든한 식사가 되셨기를 바라며, 다음번에도 기분 좋은 해장이 필요하실 때 꼭 다시 찾아주십시오. 감사합니다.",4.17.금
494,69db1f4815a6b6fb297eb78c,텍스트·콘텐츠형,5,태안 골프장 오면 또오려고요,2026-04-12,2026-04-12,4.12.일,4.12.일,1,metacon69,영수증,음식이 맛있어요 | 재료가 신선해요 | 양이 많아요 | 가성비가 좋아요 | 현지 맛에 가까워요,"안녕하세요. 태안바지락해장국입니다. 
저희 음식을 맛있게 드셔주셔서 대단히 감사합니다. 
저희는 고객님께 바다의 신선함을 그대로 전달해 드리고자 바지락 해감부터 국물 조리까지 어느 하나 소홀히 하지 않고 있습니다. 
그 진심을 알아봐 주신 것 같아 매우 기쁩니다. 
앞으로도 변치 않는 정직한 맛으로 고객님의 성원에 보답하겠습니다. 
소중한 후기 감사합니다.",4.17.금
495,69db1e5ddea3afa0176005fe,텍스트·콘텐츠형,5,"태안 꽃축제 가다가 들렀어요 매장이 청결하고 푸짐해요 바지락이 넘 신선하구 맛나요
유명한 곳이라 빈자리없이 자리가 꽉 찼더라구요 맛집 알게되어 좋아요",2026-04-12,2026-04-12,4.12.일,4.12.일,1,루루4148,영수증,음식이 맛있어요 | 재료가 신선해요 | 매장이 넓어요 | 매장이 청결해요 | 주차하기 편해요,"안녕하세요. 태안바지락해장국입니다. 맛은 물론이고 매장 서비스와 분위기까지 좋게 평가해 주셔서 진심으로 감사합니다. 
방문하시는 모든 분이 편안하고 기분 좋게 식사하실 수 있도록 청결과 친절을 최우선으로 생각하고 있습니다. 
고객님의 따뜻한 격려 한마디에 저희 직원들 모두 큰 힘을 얻었습니다. 
항상 기분 좋은 방문이 되실 수 있도록 최선을 다하겠습니다. 감사합니다.",4.17.금
496,69dafb4970bd293eea37336a,텍스트·콘텐츠형,5,"내장탕해장국3개 일반해장국2개 완자2접시주문했어요
넒고얕은뚝배기인데 양이 생각보다많아요!
완자랑 같이먹음 엄청 배불러요
맛있게먹고갑니당~",2026-04-12,2026-04-12,4.12.일,4.12.일,1,WooLove,영수증,음식이 맛있어요 | 양이 많아요 | 특별한 메뉴가 있어요 | 매장이 넓어요 | 주차하기 편해요,"안녕하세요, 태안바지락해장국입니다! 
정성스러운 리뷰와 소중한 사진까지 남겨주셔서 정말 감사합니다. 
저희 바지락의 시원하고 깊은 국물 맛이 고객님께 기분 좋은 한 끼가 된 것 같아 사장으로서 큰 보람을 느낍니다. 
앞으로도 변함없는 신선함과 정성으로 모시겠습니다. 다음에 또 들러주세요!",4.17.금
497,69dae310098ade0134ecf8a7,텍스트·콘텐츠형,4.5,태안으로 캠핑 갔다가 바지락 해장국에들려 밥을 먹았어요 맛있어요,2026-04-12,2026-04-12,4.12.일,4.12.일,2,slswirjqnr,영수증,음식이 맛있어요,"안녕하세요, 태안바지락해장국입니다!
저희 가게를 찾아주시고 좋은 평가 남겨주셔서 감사합니다! 
매일 아침 엄선한 싱싱한 바지락으로 국물을 내고 있는데, 그 진심을 알아봐 주신 것 같아 기쁩니다. 
언제 오셔도 한결같은 맛으로 보답하겠습니다. 늘 건강하시고 행복하세요!",4.17.금
498,69d9ae44dcfb53c3285f14d9,텍스트·콘텐츠형,5,"맛있어서 지인들델꼬 2번째 방문입니다
더 맛있고 최고네요
또 올께요
감사합니다",2026-04-11,2026-04-11,4.11.토,4.11.토,2,aa****,영수증,음식이 맛있어요 | 재료가 신선해요 | 양이 많아요 | 특별한 메뉴가 있어요 | 인테리어가 멋져요,"안녕하세요, 고객님! 다시 뵙게 되어 정말 반갑습니다.
지인분들까지 모시고 귀한 발걸음 해주셨다니 사장으로서 너무나 큰 보람과 힘을 얻습니다. 두 번째 방문에서도 만족하셨다니 다행이에요! 앞으로도 역시 태안바지락해장국 오길 잘했다라는 말씀 들을 수 있도록 초심 잃지 않고 끓여내겠습니다. 조만간 또 뵙길 기대하겠습니다!",4.17.금
499,69d881b1f31e2439b36c8e9d,텍스트·콘텐츠형,5,"태안에 오면 꼭 먹고 가야 한대서 와봤어요~
싱싱한 바지락 가득 시원하게 속풀고 가요~
바지락장에 시래기밥 비벼먹는것도 별미네요~",2026-04-10,2026-04-10,4.10.금,4.10.금,1,Cinnia,영수증,음식이 맛있어요 | 양이 많아요 | 특별한 메뉴가 있어요 | 재료가 신선해요 | 매장이 넓어요,"안녕하세요, 태안바지락해장국입니다! 
정성스러운 리뷰를 남겨주셔서 정말 감사합니다. 
저희 바지락의 시원하고 깊은 국물 맛이 고객님께 기분 좋은 한 끼가 된 것 같아 사장으로서 큰 보람을 느낍니다. 
앞으로도 변함없는 신선함과 정성으로 모시겠습니다. 다음에 또 들러주세요!",4.17.금
500,69d845199a9664da6dd511cd,텍스트·콘텐츠형,5,"맛집 찾았다고 우리 총무님 칭찬 만땅 해드렸어요
완뚝하고 갑니다^^
태안 오면 꼭 또 들를게요~^^♡",2026-04-10,2026-04-10,4.10.금,4.10.금,1,짱언니짱,영수증,음식이 맛있어요 | 재료가 신선해요 | 양이 많아요 | 매장이 넓어요 | 매장이 청결해요,"안녕하세요, 태안바지락해장국입니다!
저희 가게를 찾아주시고 좋은 평가 남겨주셔서 감사합니다! 
매일 아침 엄선한 싱싱한 바지락으로 국물을 내고 있는데, 그 진심을 알아봐 주신 것 같아 기쁩니다. 
언제 오셔도 한결같은 맛으로 보답하겠습니다. 늘 건강하시고 행복하세요!",4.17.금
501,69d8457dc9e17972e9ed6883,텍스트·콘텐츠형,4.5,"맛나요
다음에 또 오겠습니다",2026-04-10,2026-04-10,4.10.금,4.10.금,1,dgwin9293,영수증,음식이 맛있어요 | 재료가 신선해요 | 양이 많아요 | 특별한 메뉴가 있어요 | 인테리어가 멋져요,"안녕하세요, 태안바지락해장국입니다! 
정성스러운 리뷰와 소중한 사진까지 남겨주셔서 정말 감사합니다. 
저희 바지락의 시원하고 깊은 국물 맛이 고객님께 기분 좋은 한 끼가 된 것 같아 사장으로서 큰 보람을 느낍니다. 앞으로도 변함없는 신선함과 정성으로 모시겠습니다. 다음에 또 들러주세요!",4.17.금
502,69d5cd103495b0d8e245fdcb,텍스트·콘텐츠형,5,반찬들이 다 맛있고 양도많아요 ㅎ 맛있게 잘먹었습니다,2026-04-08,2026-04-08,4.8.수,4.8.수,1,dwa****,영수증,음식이 맛있어요 | 양이 많아요 | 특별한 메뉴가 있어요 | 친절해요 | 매장이 청결해요,"안녕하세요, 태안바지락해장국입니다!
저희 가게를 찾아주시고 좋은 평가 남겨주셔서 감사합니다!
매일 아침 엄선한 싱싱한 바지락으로 국물을 내고 있는데, 그 진심을 알아봐 주신 것 같아 기쁩니다.
언제 오셔도 한결같은 맛으로 보답하겠습니다. 늘 건강하시고 행복하세요!",4.17.금
503,69d5c378e77691ff4761113d,텍스트·콘텐츠형,5,"바지락내장탕 하루 30그릇한정이라는데
꼭!꼭! 드세요
내장 듬뿍이고 유명해장국집보다 더 맛있었어요!
원조하나 내장탕 하나 꼭 두 가지다 먹어야 해요
완전 맛집👍🏻
양도 푸짐하고 빠르게 나와서 좋았어요",2026-04-08,2026-04-08,4.8.수,4.8.수,1,yes252,영수증,음식이 맛있어요 | 재료가 신선해요 | 양이 많아요 | 친절해요 | 매장이 청결해요,"안녕하세요, 
고객님! 저희 집 '히든카드'인 하루 30그릇 한정 내장탕을 놓치지 않고 드셨군요! 
게다가 원조 바지락해장국과 내장탕을 하나씩 시켜서 맛보시는 건 정말 고수들만 아시는 환상의 조합인데, 제대로 즐겨주셔서 사장으로서 정말 뿌듯합니다. 
유명 맛집보다 낫다는 극찬에 어깨가 으쓱해지네요! 앞으로도 푸짐한 양과 빠른 서비스 변치 않겠습니다. 감사합니다!",4.17.금
504,69d30ca121c298fead639a11,텍스트·콘텐츠형,5,여행와서 먹는 첫끼인데 아주 만족스럽게 먹고갑니다,2026-04-06,2026-04-06,4.6.월,4.6.월,1,wgt****,영수증,음식이 맛있어요 | 재료가 신선해요 | 양이 많아요 | 매장이 넓어요 | 혼밥하기 좋아요,"안녕하세요, 소중한 리뷰 남겨주셔서 진심으로 감사드립니다.
아주 만족해주셨다니 저희에게는 큰 힘이 됩니다. 
앞으로도 언제 방문하셔도 정갈하고 맛있는 한 끼를 드릴 수 있도록 정성껏 준비하겠습니다.
태안바지락해장국에 방문해주셔서 감사드립니다.",4.17.금
505,69d1ea7648b6fc3344af3b98,텍스트·콘텐츠형,,"정말 맛있어요!
밥이 무제한이라 많이 먹는 신랑도 좋고
일단 아이들이랑 와도 먹을반찬이 있어서 
너무 좋았습니다
다음에 또 올께요!",2026-04-05,2026-04-05,4.5.일,4.5.일,1,개똥엄마56,영수증,음식이 맛있어요 | 재료가 신선해요 | 양이 많아요 | 특별한 메뉴가 있어요 | 매장이 청결해요,"안녕하세요, 정성스러운 리뷰와 소중한 사진까지 남겨주셔서 정말 감사합니다. 
저희 바지락의 시원하고 깊은 국물 맛이 고객님께 기분 좋은 한 끼가 된 것 같아 사장으로서 큰 보람을 느낍니다. 
앞으로도 변함없는 신선함과 정성으로 모시겠습니다. 다음에 또 들러주세요!",4.17.금
506,69d1de388b8ea799d4af0571,텍스트·콘텐츠형,,진짜 :;;; 맛있어요 진짜 기다리셔도 돼요,2026-04-05,2026-04-05,4.5.일,4.5.일,1,Jminimin,영수증,음식이 맛있어요 | 양이 많아요,"안녕하세요, 저희 가게를 찾아주시고 좋은 평가 남겨주셔서 감사합니다! 
매일 아침 엄선한 싱싱한 바지락으로 국물을 내고 있는데, 그 진심을 알아봐 주신 것 같아 기쁩니다. 
언제 오셔도 한결같은 맛으로 보답하겠습니다. 늘 건강하시고 행복하세요!",4.17.금
507,69d1dd94b1bd026069de566f,텍스트·콘텐츠형,,여기밖에 없다해서 먹으러 왔는데 너무 맛나고 양도많고 먹는 즐거움 까지 있어요!! 가끔 생각날거 같고 태안올때 마다 떠오를거 같아요!,2026-04-05,2026-04-05,4.5.일,4.5.일,1,als****,영수증,양이 많아요 | 특별한 메뉴가 있어요,"안녕하세요, 저희 바지락 해장국을 맛있게 즐겨주셔서 감사합니다! 
가끔 생각나고 태안 올 때마다 떠오를 것 같다는 말씀에 사장인 제 마음이 든든해지네요. 
듬뿍 넣은 바지락만큼이나 고객님을 향한 감사의 마음도 가득 담아 대접해 드렸는데 진심이 통한 것 같습니다. 
문득 저희 국물 맛이 그리워질 때 언제든 다시 들러주세요. 변함없는 맛으로 기다릴게요!",4.17.금
508,69d1dad26aae6c201bce1e83,텍스트·콘텐츠형,,아침 일찍 왔는데도 사람이 많아서 1시간 넘게 기다렸어요!! 맛집인가봐요!!!! 잘먹었습니다~~,2026-04-05,2026-04-05,4.5.일,4.5.일,1,jae****,영수증,음식이 맛있어요 | 재료가 신선해요 | 양이 많아요 | 인테리어가 멋져요 | 매장이 넓어요,"안녕하세요, 고객님! 아침 일찍 방문해주셨는데도 1시간이나 기다리게 해드려 정말 죄송하고 또 감사합니다. 
그 긴 기다림이 아깝지 않을 만큼 만족스러운 식사가 되셨다니 사장으로서 정말 다행이고 뿌듯합니다. 
다음 방문 때는 조금 더 쾌적하게 드실 수 있도록 서비스와 운영에 더욱 신경 쓰겠습니다. 
귀한 발걸음 해주셔서 진심으로 감사합니다!",4.17.금
509,69d1e5687368f9aba374c408,텍스트·콘텐츠형,,"여행왔다가 가는길에 급으로 온 태안바지락 해장국
먹으면서 감탄하는거 오랜만인듯 
태안 올때마다 먹으러 와야겠어요 강추!",2026-04-05,2026-04-05,4.5.일,4.5.일,1,백구77,영수증,음식이 맛있어요 | 재료가 신선해요 | 특별한 메뉴가 있어요 | 혼밥하기 좋아요 | 매장이 넓어요,"안녕하세요, 태안 여행의 마지막 코스로 저희 가게를 선택해 주셔서 정말 감사합니다. 
급하게 들어오셨는데 식사 내내 감탄하셨다는 말씀을 들으니 제가 다 벅차오르네요.
여행의 피로가 저희 해장국 한 그릇에 싹 풀리셨길 바랍니다.
조심히 돌아가시고, 다음 태안 여행 때 또 뵙겠습니다!",4.17.금
510,69d1bb8d397c0510d8ff7f19,텍스트·콘텐츠형,,"태안여행 맛집 해장국~
맛있습니다^_^",2026-04-05,2026-04-05,4.5.일,4.5.일,2,유노0506,영수증,음식이 맛있어요 | 재료가 신선해요 | 양이 많아요,"안녕하세요. 태안바지락해장국입니다. 
저희 음식을 맛있게 드셔주셔서 대단히 감사합니다. 
저희는 고객님께 바다의 신선함을 그대로 전달해 드리고자 바지락 해감부터 국물 조리까지 어느 하나 소홀히 하지 않고 있습니다. 
그 진심을 알아봐 주신 것 같아 매우 기쁩니다. 
앞으로도 변치 않는 정직한 맛으로 고객님의 성원에 보답하겠습니다.  소중한 후기 감사합니다.",4.17.금
511,69d1a8c8e21b44992e9c7051,텍스트·콘텐츠형,,"태안맛집이라찾아왔어요
오후3시에 왓는데 재료 소진으로 못먹고 돌아가서 다음날 아침에 와서 먹었습니다.
조개살이 통통하고 신선해서 시래기랑 같이 먹으니 건강 보양식으로 딱 좋은것같아요
나중에 다시태안 오게 되면 다시 찾아올것같아요",2026-04-05,2026-04-05,4.5.일,4.5.일,1,kks****,영수증,음식이 맛있어요 | 재료가 신선해요 | 특별한 메뉴가 있어요,"안녕하세요, 고객님! 태안바지락해장국입니다. 헛걸음하셨다가 아침에 다시 와주셨다니요... 정말 죄송하고 또 진심으로 감사합니다.
귀한 시간 내어 재방문해주신 그 마음을 알기에 더욱 정성껏 준비했는데, 통통한 조갯살과 시래기의 조화가 입맛에 잘 맞으셨다니 다행입니다.
고객님께 저희 해장국이 든든한 보양식이 된 것 같아 큰 보람을 느낍니다. 
다음에 태안 오시면 꼭 다시 들러주세요.
그때는 더 환한 미소로 맞이하겠습니다!",4.17.금
512,69d1ee660baac5d94482a9a6,텍스트·콘텐츠형,,남편추천으로 건강식하게 맛있게 식사하고 갑니다ㅡ부모님 모시고와도 좋아하실거 같네요^^,2026-04-05,2026-04-05,4.5.일,4.5.일,1,hee****,영수증,음식이 맛있어요 | 재료가 신선해요 | 특별한 메뉴가 있어요,"안녕하세요, 고객님! 남편분 추천으로 저희 가게를 믿고 찾아주셔서 정말 감사합니다. 
무엇보다 소중한 부모님을 떠올려 주셨다는 말씀에 사장으로서 큰 감동과 책임감을 느낍니다. 부모님 모시고 다시 방문해 주신다면, 어르신들께서도 기력 보충하시고 편안하게 식사하실 수 있도록 정성을 다해 모시겠습니다. 
건강하고 따뜻한 하루 보내세요!",4.17.금
513,69d08e9e397c0510d8473db7,텍스트·콘텐츠형,,너무너무 맛있었어요 ㅜㅜ 서울에서 왔는데 너무 멀리있어서 아쉬울뿐 ㅜㅜ 다음에 태안 또 오게되면 오려고 합니다!!!,2026-04-04,2026-04-04,4.4.토,4.4.토,1,다미언니80,영수증,음식이 맛있어요 | 재료가 신선해요 | 양이 많아요 | 특별한 메뉴가 있어요,"안녕하세요, 태안바지락해장국입니다! 
정성스러운 리뷰와 소중한 사진까지 남겨주셔서 정말 감사합니다. 
저희 바지락의 시원하고 깊은 국물 맛이 고객님께 기분 좋은 한 끼가 된 것 같아 사장으로서 큰 보람을 느낍니다. 
앞으로도 변함없는 신선함과 정성으로 모시겠습니다. 다음에 또 들러주세요!",4.17.금
514,69d08ac7007e3dd20a317b8c,텍스트·콘텐츠형,,맛있어요!,2026-04-04,2026-04-04,4.4.토,4.4.토,1,서현맘8713,영수증,음식이 맛있어요 | 양이 많아요 | 건강한 맛이에요 | 잡내가 적어요 | 매장이 넓어요,"안녕하세요, 태안바지락해장국입니다!
저희 가게를 찾아주시고 좋은 평가 남겨주셔서 감사합니다! 
매일 아침 엄선한 싱싱한 바지락으로 국물을 내고 있는데, 그 진심을 알아봐 주신 것 같아 기쁩니다. 
언제 오셔도 한결같은 맛으로 보답하겠습니다. 늘 건강하시고 행복하세요!",4.17.금
515,69d0622152b8eb69e007ab6a,텍스트·콘텐츠형,,맛있어서 매번 이용하는 곳입니다. 오늘도 맛있네요,2026-04-04,2026-04-04,4.4.토,4.4.토,5,너구리맹구,영수증,음식이 맛있어요 | 재료가 신선해요 | 양이 많아요,"안녕하세요. 태안바지락해장국입니다. 
저희 매장을 매번 이용해주시고, 음식을 맛있게 드셔주셔서 대단히 감사합니다. 
저희는 고객님께 바다의 신선함을 그대로 전달해 드리고자 바지락 해감부터 국물 조리까지 어느 하나 소홀히 하지 않고 있습니다. 
그 진심을 알아봐 주신 것 같아 매우 기쁩니다. 
앞으로도 변치 않는 정직한 맛으로 고객님의 성원에 보답하겠습니다. 소중한 후기 감사합니다.",4.17.금
516,69cf432e9438ee7e215346ac,텍스트·콘텐츠형,,"얼큰하게 맛있고
개운하게 잘먹었어요.",2026-04-03,2026-04-03,4.3.금,4.3.금,1,곰재재,영수증,음식이 맛있어요 | 양이 많아요 | 특별한 메뉴가 있어요 | 매장이 넓어요 | 주차하기 편해요,"안녕하세요, 태안바지락해장국입니다! 
정성스러운 리뷰와 소중한 사진까지 남겨주셔서 정말 감사합니다. 
저희 바지락의 시원하고 깊은 국물 맛이 고객님께 기분 좋은 한 끼가 된 것 같아 사장으로서 큰 보람을 느낍니다.
앞으로도 변함없는 신선함과 정성으로 모시겠습니다. 다음에 또 들러주세요!",4.17.금
517,69cf55b80a0cc690d05c5061,텍스트·콘텐츠형,,태안에 이런 맛집이 있었나요??! 다 게국지 게장메뉴밖에 없어서 지겨웠는데 색다른 맛집이라 넘 좋아요~ 바지락이 엄청 많이 들어가서 국물 진짜 시원하고 밥도 곤드레 밥이라서 미쳐요ㅜㅜ 아기랑 함께 방문했는데 아기의자에 앉기 너무 작아서 안고 먹어여하나 했는데 사장님이 애기 봐주신다고 하셔서 너무 편하게 먹었어요ㅜㅜ 정말 감사합니다 ❤️ 번창하세요 또올게요~☺️,2026-04-03,2026-04-01,4.3.금,4.1.수,1,혜무니,영수증,음식이 맛있어요 | 특별한 메뉴가 있어요 | 가성비가 좋아요 | 매장이 넓어요 | 친절해요,"안녕하세요, 태안 여행 중에 저희 식당을 발견해주셔서 정말 반갑습니다. 
아기와 함께하는 외식이 얼마나 신경 쓰이는 일인지 잘 알기에, 잠시나마 편안한 식사 시간을 드리고 싶었는데 오히려 제가 더 힐링하는 시간이었어요! 저도 즐거웠답니다. 
곤드레밥과 시원한 바지락 국물로 기운 충전하셨길 바라며, 따뜻한 리뷰 감사합니다!",4.17.금
518,69cb49d6dc47220c8fcd9efa,텍스트·콘텐츠형,,맛에 감동 서비스의 감동 친절함의감동 ~,2026-03-31,2026-03-31,3.31.화,3.31.화,2,Smile3876,영수증,음식이 맛있어요 | 재료가 신선해요 | 친절해요 | 매장이 청결해요,"안녕하세요, 태안바지락해장국입니다!
저희 가게를 찾아주시고 좋은 평가 남겨주셔서 감사합니다! 
매일 아침 엄선한 싱싱한 바지락으로 국물을 내고 있는데, 그 진심을 알아봐 주신 것 같아 기쁩니다. 
언제 오셔도 한결같은 맛으로 보답하겠습니다. 늘 건강하시고 행복하세요!",4.17.금
519,69c8bcffdc5c9b6a9e5d5183,텍스트·콘텐츠형,,밥도 해장국도 너무 맛있어요!!,2026-03-29,2026-03-29,3.29.일,3.29.일,1,현아9015,영수증,음식이 맛있어요 | 재료가 신선해요 | 특별한 메뉴가 있어요,"안녕하세요, 태안바지락해장국입니다! 
정성스러운 리뷰와 소중한 사진까지 남겨주셔서 정말 감사합니다. 
저희 바지락의 시원하고 깊은 국물 맛이 고객님께 기분 좋은 한 끼가 된 것 같아 사장으로서 큰 보람을 느낍니다. 
앞으로도 변함없는 신선함과 정성으로 모시겠습니다. 다음에 또 들러주세요!",4.17.금
520,69c89d0153ad6046ddfb4e03,텍스트·콘텐츠형,,"여행중 맛집 검색하다가 발견한 맛집
내장탕 고기완자 조개장까지 너무 맛있었어요",2026-03-29,2026-03-29,3.29.일,3.29.일,1,hsb****,영수증,음식이 맛있어요,,
521,69c89835ea33af67cf10ea8b,텍스트·콘텐츠형,,주차도 편하고 매장도 넒어서 편하고 엄청 맛있어뇨!! 직원분들도 다 너무 친절하시네요 ㅎㅎㅎㅎ,2026-03-29,2026-03-29,3.29.일,3.29.일,1,zpfh,영수증,음식이 맛있어요 | 재료가 신선해요 | 양이 많아요 | 특별한 메뉴가 있어요 | 가성비가 좋아요,,
522,69c893144c402ea45c7fb52f,텍스트·콘텐츠형,,이곳으로 여행 올때마다 일부로라도 들려서 먹는 맛집입니다. 기회되면 꼭 드셔보세요 정말 맛있습니다.강추강추!!,2026-03-29,2026-03-29,3.29.일,3.29.일,2,그때의 난 282,영수증,음식이 맛있어요 | 재료가 신선해요 | 친절해요 | 매장이 청결해요,,
523,69c76365de2251ec3b4cc017,텍스트·콘텐츠형,,여자친구와 태안여행 중 처음 방문해봤는데 너무 맛있게 잘 먹고갑니다ㅎㅎ,2026-03-28,2026-03-28,3.28.토,3.28.토,1,페닉상태99,영수증,음식이 맛있어요 | 특별한 메뉴가 있어요 | 가성비가 좋아요 | 친절해요 | 매장이 청결해요,,
524,69c5fc6f90f8a7adc12f4cc8,텍스트·콘텐츠형,,오 조금 걱정했는데 리뷰 만큼 맛있어요!!추천,2026-03-27,2026-03-27,3.27.금,3.27.금,1,도로시862,영수증,음식이 맛있어요 | 재료가 신선해요,,
525,69c5fc852e3fe1c0f81fe045,텍스트·콘텐츠형,,"정말 맛있어요^^
국물이 진하고 강력추천합니다.
식당도 깨끗해요~
특히바지락장과 밥을 함께 먹으니
더욱 맛있네요~~^^",2026-03-27,2026-03-27,3.27.금,3.27.금,1,cute49,영수증,음식이 맛있어요 | 재료가 신선해요 | 양이 많아요 | 매장이 넓어요 | 매장이 청결해요,,
526,69c5fe9bf8df4fa8b99c83b6,텍스트·콘텐츠형,,"오빠 추천으로 방문했는데, 너무 맛있게 잘 먹었어요!
내장탕도 비리지 않고, 국물 얼큰 칼칼하구 양도 많아요!
시래기 밥도 맛있구, 밥 반찬은 부족하면 더 주신대요~

맛있어서 3인분 포장해서 서울 갑니다~🚗",2026-03-27,2026-03-27,3.27.금,3.27.금,1,gjh****,영수증,음식이 맛있어요 | 양이 많아요 | 특별한 메뉴가 있어요 | 재료가 신선해요 | 매장이 넓어요,,
527,69c5d10858a3cc887219f92f,텍스트·콘텐츠형,,특벌한 해장국이었고 정갈하게 나오고 맛나요 사장님 친절하세요,2026-03-27,2026-03-27,3.27.금,3.27.금,1,o3****,영수증,음식이 맛있어요 | 재료가 신선해요 | 양이 많아요 | 특별한 메뉴가 있어요 | 친절해요,,
528,69c34d742a346a9684498d54,텍스트·콘텐츠형,,여향왔다가 바지락해장국이라는 생소한 음식이 눈에 띄어서 들어왔는데… 이럴수가… 현지인 맛집!!! 한산할때 들어왔는데 5분뒤 꽉꽉!! 자리가 차버렸다. 바지락 해장국도 너무 맛있고 하루 30그릇 한정 바지락 내장탕도 꼭 먹어봐야하는 음식!,2026-03-25,2026-03-25,3.25.수,3.25.수,1,SJI09,영수증,음식이 맛있어요 | 재료가 신선해요 | 친절해요 | 매장이 청결해요,,
529,69c33cde88726fadefcd5ba9,텍스트·콘텐츠형,,정말 맛있어요,2026-03-25,2026-03-25,3.25.수,3.25.수,1,easa92,영수증,음식이 맛있어요 | 재료가 신선해요 | 양이 많아요 | 특별한 메뉴가 있어요,,
530,69c0c2e84374aba461b464ac,텍스트·콘텐츠형,,실한 바지락에 한가득 들어있는 얼큰한 바지락 해장국이었어요!! 왜 해장의 성지로 불리는지 알 것 같아요 ㅎㅎ,2026-03-23,2026-03-23,3.23.월,3.23.월,1,안녕044,영수증,음식이 맛있어요 | 양이 많아요 | 매장이 넓어요 | 매장이 청결해요 | 주차하기 편해요,,
531,69c0b77cdd07f22756d33154,텍스트·콘텐츠형,,"’태안 해장의 성지‘ 라는 타이틀을 걸고 바지락을 메인으로 해장국을 판매하는 식당.

태안이라는 지역이 뻘이 많아 이곳에서 많은 조개류가 채취되며, 특히 지금 봄! 제철 맞아 살이 올라오는 바지락을 이용하여 끓인 해장국.

태안여행 중 일행에게 이곳의 존재를 알게되어 해장겸사 점심식사로 방문하였다.
메뉴는 바지락 해장국과 깐양이 들어간 바지락 내장탕, 그리고 사이드로 바지락 고기완자를 판매한다.

바지락의 시원한 감칠맛과 칼칼함이 어우러져 해장으로 손색없는 한그릇의 해장국이다.
시래기밥도 좋은쌀을 쓰는지 밥맛도 좋으며, 바지락 양념간장에 슥슥 비벼 먹으면 밥만 먹어도 될 정도로 밥도둑이다.
밥은 리필도 가능하여 든든하게 한끼를 할 수 있다.

반찬은 과하지 않고 깔끔하게 오징어젓갈과 알타리피클만 제공한다.",2026-03-23,2026-03-23,3.23.월,3.23.월,1,락따뚜이,영수증,음식이 맛있어요 | 특별한 메뉴가 있어요 | 매장이 넓어요 | 주차하기 편해요,,
532,69bf793335672d3330d5cb92,텍스트·콘텐츠형,,"음식이 맛있어요  칼칼하니  숙취후 해장되요 
완자가 양이많이요 
해장국 1인분  완자 반쪽이  적당해요",2026-03-22,2026-03-22,3.22.일,3.22.일,1,배64,영수증,음식이 맛있어요,,
533,69bf7743705e7c6a5ebd8dbc,텍스트·콘텐츠형,,맛있습니다! 역시소문대로 끝내주네요ㅎㅎ국물최고,2026-03-22,2026-03-22,3.22.일,3.22.일,1,기표99,영수증,음식이 맛있어요 | 특별한 메뉴가 있어요 | 주차하기 편해요 | 음식이 빨리 나와요 | 단체모임 하기 좋아요,,
534,69bf3fbbe5f8c9725f55c0de,텍스트·콘텐츠형,,짱맛있아요~~~😍😍😍,2026-03-22,2026-03-22,3.22.일,3.22.일,1,cod****,영수증,음식이 맛있어요 | 양이 많아요 | 매장이 넓어요,,
535,69bf2b0ff1add0030e0100cc,텍스트·콘텐츠형,,해장성지 인정 !!!!,2026-03-22,2026-03-22,3.22.일,3.22.일,3,you****,영수증,음식이 맛있어요 | 재료가 신선해요 | 특별한 메뉴가 있어요 | 인테리어가 멋져요 | 매장이 넓어요,,
536,69be327e6c1e38b62e5703fe,텍스트·콘텐츠형,,정성스럽게 만든 내장탕 맛있고 양도많고 덕분에 기분좋네요 맛있습니다,2026-03-21,2026-03-21,3.21.토,3.21.토,1,ha****,영수증,음식이 맛있어요 | 재료가 신선해요 | 양이 많아요 | 가성비가 좋아요 | 매장이 넓어요,,
537,69be30ca1bf3131aaedd8c6d,텍스트·콘텐츠형,,넘 맛있게 잘먹고 갑니다,2026-03-21,2026-03-21,3.21.토,3.21.토,1,HwaBun맘,영수증,음식이 맛있어요 | 재료가 신선해요 | 양이 많아요 | 특별한 메뉴가 있어요 | 매장이 넓어요,,
538,69be2de34230fbeb836ecc58,텍스트·콘텐츠형,,"태안에 해루질 하러 오기전부터 와서 먹어봐야지 생각하고 들렸어요. 5학년 아이가 먹기 조금 매운편인데 시래기 바지락 좋아하는 울아들은 잘 먹었어요.
바지락 장에 시래기밥 비벼서 맛나다고 뚝딱했어요.
담에 태안에 오게 되면다시 들릴께요~~",2026-03-21,2026-03-21,3.21.토,3.21.토,1,em1125,영수증,음식이 맛있어요 | 특별한 메뉴가 있어요 | 양이 많아요 | 친절해요 | 주차하기 편해요,,
539,69be25ce15641292d5cc404c,텍스트·콘텐츠형,,해장국 맛이 진국이예요~~^^매장도 넓고 고기완자도 크고 완전 좋아요,2026-03-21,2026-03-21,3.21.토,3.21.토,1,로지니40,영수증,음식이 맛있어요 | 매장이 넓어요,,
540,69be2603677791d8b49e7c08,텍스트·콘텐츠형,,"바지락 해장국 얼큰하면서  맛있어요, 고기완자도 큼직해서 좋구요 시래기밥 꼭 비벼서 드세요^^",2026-03-21,2026-03-21,3.21.토,3.21.토,1,소윤준맘83,영수증,음식이 맛있어요 | 매장이 넓어요 | 주차하기 편해요 | 매장이 청결해요,,
541,69bf85460bbfe3220b3c4b81,텍스트·콘텐츠형,,"바지락이 들어간 해장국 처음 먹었는데 맛났어요~
지나가는 길이시면 들려서 식사하세요~",2026-03-22,2026-03-21,3.22.일,3.21.토,1,유노유노1,영수증,음식이 맛있어요 | 특별한 메뉴가 있어요,,
542,69bdefd474ac493e266d7060,텍스트·콘텐츠형,,부모님과 함께 방문해서 맛있게 잘 먹고 갑니다.,2026-03-21,2026-03-21,3.21.토,3.21.토,1,dur****,영수증,음식이 맛있어요 | 재료가 신선해요 | 양이 많아요 | 특별한 메뉴가 있어요,,
543,69bdea73c154b2a50a37da26,텍스트·콘텐츠형,,"전날 마신 술이 확 깨는 맛입니다. 바지락이 해감이 잘 되어 있어서 모래 씹히는 것도 없고, 살이 통통해서 골라 먹는 재미가 있네요. 국물이 깊은 맛이 나서 끝까지 다 마셨습니다. 같이 나오는 반찬들도 궁합이 예술이에요. 재방문 의사 200%입니다",2026-03-21,2026-03-21,3.21.토,3.21.토,1,Jinny Kim,영수증,음식이 맛있어요 | 재료가 신선해요 | 친절해요 | 주차하기 편해요,,
544,69be750fd050352be04c0a92,텍스트·콘텐츠형,,바지락의 감칠맛을 제대로 느낄수 있었어요. 간이 강한편이라 밥이랑 먹기 너무 좋았고 내장탕은 진짜 곱창전골처럼 진하고 맛있었어요 ㅎㅎ 반찬도 너무 맛있어서 한세트 사서 나왔네요 ㅎㅎ,2026-03-21,2026-03-21,3.21.토,3.21.토,1,호로록호로로록,영수증,음식이 맛있어요 | 특별한 메뉴가 있어요 | 가성비가 좋아요 | 재료가 신선해요 | 매장이 넓어요,,
545,69bcc445f5f96abd7bf95a3e,텍스트·콘텐츠형,,"태안 여행 왔다 신세계를 접합니다.
푸짐하고 신선하고..강추입니다",2026-03-20,2026-03-20,3.20.금,3.20.금,1,som****,영수증,음식이 맛있어요 | 재료가 신선해요 | 특별한 메뉴가 있어요 | 가성비가 좋아요,,
546,69bcbd89f5eddcec6e660e8f,텍스트·콘텐츠형,,진짜 맛있어요!!,2026-03-20,2026-03-20,3.20.금,3.20.금,1,챈1144,영수증,음식이 맛있어요 | 양이 많아요 | 매장이 청결해요 | 친절해요,,
547,69bca8920e224a740befe1c8,텍스트·콘텐츠형,,바지락내장탕 너무 맛있고 정갈해요! 포장까지해갑니다~ 👍👍,2026-03-20,2026-03-20,3.20.금,3.20.금,1,챠차라츄츄,영수증,음식이 맛있어요 | 재료가 신선해요 | 양이 많아요 | 매장이 넓어요 | 친절해요,,
548,69bcc1161174a8995d8049bd,텍스트·콘텐츠형,,"전국 어디에도 없는 해장국, 태안에서만 맛볼 수 있어요. 봄 바지락이 알이 통통해지고 맛이 꽉 차서 지금 최고의 맛을 봤습니다. 이 봄이 가기 전까지 또 갈 생각입니다. 최고 
사장님 너무친절 하시고  깔끔한 매장 음식 최고 👍",2026-03-20,2026-03-20,3.20.금,3.20.금,1,밤톨이일상,영수증,음식이 맛있어요 | 재료가 신선해요 | 양이 많아요 | 특별한 메뉴가 있어요 | 가성비가 좋아요,,
549,69ba2514d0b5c249c6ec35ed,텍스트·콘텐츠형,,"너무 맛있게 잘 먹었습니다
다음에 재방문 할께요",2026-03-18,2026-03-18,3.18.수,3.18.수,1,러블리야시마미,영수증,음식이 맛있어요 | 재료가 신선해요 | 친절해요,,
550,69ba04742def80bd08f356c0,텍스트·콘텐츠형,,,2026-03-18,2026-03-18,3.18.수,3.18.수,1,미소천사1396,영수증,음식이 맛있어요,,
551,69ba49c09cb9326c3d8434cd,텍스트·콘텐츠형,,아주아주 맛있어요,2026-03-18,2026-03-18,3.18.수,3.18.수,1,겨울바다71,영수증,음식이 맛있어요 | 재료가 신선해요 | 양이 많아요 | 친절해요,,
552,69b62de73a14d8a3cf24c76f,텍스트·콘텐츠형,,깜빡하고 먹다보니 사진을 못찍어 중간에 찍은사진이에요. 얼큰하고 정말 해장에 딱이네요. 시래기도 부드럽고 바지락장 정말 막있어요. 12시 10분쯤 왔는데 15분정도 웨이팅했어요.,2026-03-15,2026-03-15,3.15.일,3.15.일,1,하율하늘맘,영수증,음식이 맛있어요 | 재료가 신선해요 | 매장이 넓어요,,
553,69b62ac0dd3a99d98376d723,텍스트·콘텐츠형,,맛있었어요~! 밥도 많이 주고 좋았어요. 바지락장이 제일 맛있어요.  다른것도 맛있습니다!! 또 방문의사 있음!,2026-03-15,2026-03-15,3.15.일,3.15.일,1,뽀얌22,영수증,음식이 맛있어요 | 재료가 신선해요 | 양이 많아요 | 특별한 메뉴가 있어요,,
554,69b6255e0dc382d48cded20d,텍스트·콘텐츠형,,"지난번에 아는분이랑 한번 방문했다가 너무 맛있어서 주말에 또 왔네요🥹🤍
바지락 해장국 양도 많고 너무 맛있습니다..
고기완자도 처음 먹어보는데 진짜 맛있어요ㅋㅋ
자주자주 올거에요
태안맛집 맞음ㅋ👍",2026-03-15,2026-03-15,3.15.일,3.15.일,2,꿈꾸는 리니니52,영수증,음식이 맛있어요 | 재료가 신선해요 | 양이 많아요 | 특별한 메뉴가 있어요 | 가성비가 좋아요,,
555,69b61c66ff7debb528382590,텍스트·콘텐츠형,,바지락 해장국이라는 특이한 태안 맛집이에용 골프 치고도 많이 오시는 것 같아요,2026-03-15,2026-03-15,3.15.일,3.15.일,1,0803KSUMIN,영수증,음식이 맛있어요 | 재료가 신선해요 | 인테리어가 멋져요 | 매장이 넓어요,,
556,69b60d7ec23627fa1874feac,텍스트·콘텐츠형,,음식이 맛있고 얼큰하고 칼칼해서 맛있어요,2026-03-15,2026-03-15,3.15.일,3.15.일,1,뿐이66,영수증,음식이 맛있어요 | 재료가 신선해요 | 양이 많아요 | 특별한 메뉴가 있어요,,
557,69b4ed1cd15b276008cf7b8a,텍스트·콘텐츠형,,"매콤함 해장할만 하네요

가격도 적당

그런데 완자 소스는 다른것으로 바꾸는게 좋겠네요",2026-03-14,2026-03-14,3.14.토,3.14.토,1,모노63,영수증,음식이 맛있어요 | 가성비가 좋아요,,
558,69b4e417a82e3e1ec2d5a759,텍스트·콘텐츠형,,태안오면 무조건들려야하는 맛집입니다,2026-03-14,2026-03-14,3.14.토,3.14.토,1,초이슈이,영수증,음식이 맛있어요 | 재료가 신선해요 | 특별한 메뉴가 있어요 | 매장이 넓어요 | 인테리어가 멋져요,,
559,69b4f0fc483bfdc04660bf7f,텍스트·콘텐츠형,,"호불호 없이 모두가 좋아할 맛이에요!
적당히 칼칼하면서 반찬도 깔끔하고 양도 많아요~~
배부르게 잘 먹었습니다~",2026-03-14,2026-03-14,3.14.토,3.14.토,1,제 닉네임은요,영수증,음식이 맛있어요 | 양이 많아요 | 매장이 넓어요 | 매장이 청결해요,,
560,69b4db61f976a7d70be289fc,텍스트·콘텐츠형,,"태안에서 먹은 음식중 가장 맛있었어요~
기본 해장국은 물론 내장탕 고기완자까지 다 드셔야해요! 칼칼한 국물에 신선한 재료까지 ㅎㅎ
태안 오시면 꼭 방문하셔요!",2026-03-14,2026-03-14,3.14.토,3.14.토,1,als****,영수증,음식이 맛있어요 | 재료가 신선해요 | 인테리어가 멋져요,,
561,69b4d0c2121c781ce2b738a2,텍스트·콘텐츠형,,너무 맛있어요,2026-03-14,2026-03-14,3.14.토,3.14.토,1,doh****,영수증,음식이 맛있어요 | 인테리어가 멋져요 | 매장이 넓어요 | 친절해요 | 매장이 청결해요,,
562,69b4cae486fc018cb832c988,텍스트·콘텐츠형,,잘먹었습니다 맛있어요!,2026-03-14,2026-03-14,3.14.토,3.14.토,1,LEEKIY553,영수증,음식이 맛있어요 | 매장이 넓어요,,
563,69b4b634ef763a6b548ea8a1,텍스트·콘텐츠형,,"솔라고 CC 방문후 ... 아침으로 들린곳
신선한 바지락과 얼큰한 국물이 
정말 끝내줍니다. 6명 다들 완뚝했어요",2026-03-14,2026-03-14,3.14.토,3.14.토,1,풍선탄 꼬미,영수증,음식이 맛있어요 | 특별한 메뉴가 있어요 | 재료가 신선해요 | 단체모임 하기 좋아요 | 친절해요,,
564,69b4ac18601f4db03241020c,텍스트·콘텐츠형,,"아침에 어떤거먹나 찾아보다가
바지락해장국 생소해서 먹으러왔는데
상상그이상 이에요!!
바지락해장국은 진국이고
반찬은 더깔끔하고
고기완자는 아이도 너무잘먹었어요~~
완전 추천해요^^",2026-03-14,2026-03-14,3.14.토,3.14.토,1,85ming78,영수증,음식이 맛있어요 | 재료가 신선해요 | 매장이 넓어요,,
565,69b4b6e775fdc6bcff2b1ea2,텍스트·콘텐츠형,,아주맛있았습니다.,2026-03-14,2026-03-14,3.14.토,3.14.토,1,아야49,영수증,음식이 맛있어요,,
566,69b0db827741e92a7f2bd821,텍스트·콘텐츠형,,맛있구 누군가가 태안을 간다라고 하면 추천해주고 싶은 맛집이에요,2026-03-11,2026-03-11,3.11.수,3.11.수,1,전용원,영수증,음식이 맛있어요 | 재료가 신선해요 | 양이 많아요 | 특별한 메뉴가 있어요 | 인테리어가 멋져요,,
567,69b0c48cb46291ef7a7e5a46,텍스트·콘텐츠형,,"맛도 있고 일단 아기들에 대한 배려가 너무 좋은 식당이에여ㅠㅠ 아기들이 밥먹고 왔다해도 챙겨주시는 사장님
바지락내장탕 꼭 먹어보세요 맛있어용💜",2026-03-11,2026-03-11,3.11.수,3.11.수,1,안베리,영수증,음식이 맛있어요 | 재료가 신선해요 | 양이 많아요,,
568,69acc70432b3cb3fba1e3d2d,텍스트·콘텐츠형,,음식이 맛있어요. 그런데 조금 매워서 매운 거 못 먹는 사람들은 조금 힘들 수도 있어요. 맵기 조절 할 수 있게 덜 매운 해장국도 있으면 좋겠습니다. 전반적으로 서비스도 좋고 깔끔합니다.,2026-03-08,2026-03-08,3.8.일,3.8.일,1,mhc****,영수증,음식이 맛있어요 | 매장이 넓어요 | 혼밥하기 좋아요,,
569,69a50669fa74a5559d041802,텍스트·콘텐츠형,,"너무 맛있어요!!
가게도 깔끔하고 좋습니다
추천합니다",2026-03-02,2026-03-02,3.2.월,3.2.월,1,콩나물컹물컹,영수증,양이 많아요 | 재료가 신선해요 | 음식이 맛있어요,,
570,69a50aa9138b38c8aa864186,텍스트·콘텐츠형,,"태안 여행와서 바지락은 꼭 먹어보고싶어서 들른곳이예요 이 집이 가장 유명하더라구요 일단 웨이팅이 있을지 모르고 왔는데 비오는날에도 손님이 꽤많았어요 한 20분정도 웨이팅한거같구 음식은 기다린만큼 맛있어요! 해장국 두개, 고기완자 반접시 시켰는데 국물도 진하고 건더기도 실해서 바지락골라먹는 재미도있고 완자도 넘 맛있어요 밥도 리필 가능해서 남편은 두공기 뚝딱! 완자 꼭 추가하세요 맛있어용 태안여행에 맛집 추천입니다!!",2026-03-02,2026-03-02,3.2.월,3.2.월,1,soo****,영수증,음식이 맛있어요 | 재료가 신선해요 | 양이 많아요 | 특별한 메뉴가 있어요 | 매장이 넓어요,,
571,69a5044c162d3860cfbdefdf,텍스트·콘텐츠형,,"태안 올때마다 들려서 해장하고 가는 맛집이에요
오늘은 비도오고 조금 늦게 왓더니 사람들이 엄청 줄섯네요",2026-03-02,2026-03-02,3.2.월,3.2.월,1,스페셜리스트394,영수증,음식이 맛있어요 | 양이 많아요 | 매장이 청결해요 | 화장실이 깨끗해요,,
572,69a4f9d1b5fc1aa0204ef025,텍스트·콘텐츠형,,"해장국의 신세계였어요
정말 맛있어요^^
꾸준한 바지락 해장국 부탁해용^^",2026-03-02,2026-03-02,3.2.월,3.2.월,1,wjd****,영수증,음식이 맛있어요 | 재료가 신선해요 | 양이 많아요 | 인테리어가 멋져요 | 차분한 분위기예요,,
573,69a4f21ff0b131258e155f62,텍스트·콘텐츠형,,태안에 놀러와서 급검색으로 들어온 집인데  ㅋ 진짜 해장의 성지 맞네요 ㅋㅋ 시원하고 바지락이 진짜 싱싱해요 ^-^,2026-03-02,2026-03-02,3.2.월,3.2.월,1,su****,영수증,음식이 맛있어요 | 매장이 청결해요,,
574,69a4ebe2f07b3f78e34b7824,텍스트·콘텐츠형,,"칼칼한 해장국이 인상적이에요 
내장탕먹었는데 곱창이 많이있어 좋았어요 
서울올라가는 길 들리기 좋아요
아이도 완자랑 밥 잘먹어요",2026-03-02,2026-03-02,3.2.월,3.2.월,1,뽀마34,영수증,음식이 맛있어요 | 매장이 넓어요 | 친절해요,,
575,69a3d154f4976dcdd1408e9e,텍스트·콘텐츠형,,인위적인 맛이 아니라 바지락 자체에서 우러나온 감칠맛이 일품이에요. 밑반찬으로 나온 알타리짱아찌도 해장국이랑 궁합이 너무 좋네요. 특히 밥에 비벼먹는 바지락장이 일품이에요. 태안 여행 중 식사 고민하시는 분들께 강력 추천합니다.,2026-03-01,2026-03-01,3.1.일,3.1.일,1,김씨일상,영수증,음식이 맛있어요 | 재료가 신선해요 | 특별한 메뉴가 있어요 | 친절해요 | 매장이 청결해요,,
576,69a3cf7b3d154fe1a0038096,텍스트·콘텐츠형,,너무너무 맛있어요!!,2026-03-01,2026-03-01,3.1.일,3.1.일,1,납자루떼,영수증,양이 많아요 | 재료가 신선해요 | 음식이 맛있어요,,
577,69a3d33882ddd699f66bf715,텍스트·콘텐츠형,,태안에 와서 맛있는거 먹고싶어서 찾다가 왔는데 바지락해장국도 시원하이 맛나고 깔끔하고 좋네요ㅎㅎ 반찬으로 나오는 바지락장이랑 낙지젓갈도 맛이 좋아요ㅎㅎ,2026-03-01,2026-03-01,3.1.일,3.1.일,1,고고냥y,영수증,음식이 맛있어요 | 재료가 신선해요 | 양이 많아요 | 특별한 메뉴가 있어요 | 친절해요,,
578,69a3bf718ffd0bbf92ad43c6,텍스트·콘텐츠형,,한시간 넘게 시다렸고 맛있어요!! 시원하고 맛좋습니다,2026-03-01,2026-03-01,3.1.일,3.1.일,1,영양고래,영수증,음식이 맛있어요,,
579,69a3bb9c80f3414834efea85,텍스트·콘텐츠형,,"30분이상 기다릴이유가 있습니다
정말 맛있게 먹었어요",2026-03-01,2026-03-01,3.1.일,3.1.일,1,was****,영수증,음식이 맛있어요 | 재료가 신선해요 | 양이 많아요 | 특별한 메뉴가 있어요,,
580,69a3bfe965c1c41bed205ced,텍스트·콘텐츠형,,"얼큰하니 해장국으론 진짜 완전짱입니다
완전강추하니 와서 드셔보세요~!",2026-03-01,2026-03-01,3.1.일,3.1.일,1,xj****,영수증,음식이 맛있어요 | 양이 많아요 | 가성비가 좋아요 | 뷰가 좋아요 | 주차하기 편해요,,
581,69a3b689ec91c625dc768563,텍스트·콘텐츠형,,,2026-03-01,2026-03-01,3.1.일,3.1.일,1,mon****,영수증,음식이 맛있어요 | 양이 많아요 | 특별한 메뉴가 있어요,,
582,69a3b33e092cf87727f76c04,텍스트·콘텐츠형,,태안여행중 여행가제이 유튜브 보고 왔어요. 국물 얼큰하고 바지락도 엄청 많이 들었고 신선해요. 바지락하고 내장탕 다 맛있어요! 사이드 완자도 푸짐하고 맛있습니다.,2026-03-01,2026-03-01,3.1.일,3.1.일,1,get****,영수증,음식이 맛있어요 | 양이 많아요 | 가성비가 좋아요 | 친절해요,,
583,69a3a523da7130fe1876be6a,텍스트·콘텐츠형,,시원하고 해감 잘된 바지락에 맛있게 먹었습니다,2026-03-01,2026-03-01,3.1.일,3.1.일,1,st0****,영수증,음식이 맛있어요 | 재료가 신선해요 | 양이 많아요 | 가성비가 좋아요 | 매장이 넓어요,,
584,69a3a4f92aedeeb7fd824f00,텍스트·콘텐츠형,,,2026-03-01,2026-03-01,3.1.일,3.1.일,1,aaa****,영수증,음식이 맛있어요 | 재료가 신선해요 | 특별한 메뉴가 있어요,,
585,69a3b1cc2f29973f9da3a0c1,텍스트·콘텐츠형,,완전 해장! 너무 맛있게 잘 먹었습니다😊😊😊,2026-03-01,2026-03-01,3.1.일,3.1.일,1,율뿡뿡,영수증,음식이 맛있어요 | 재료가 신선해요 | 양이 많아요 | 친절해요 | 매장이 청결해요,,
586,69a39935b194a0ae2326d23d,텍스트·콘텐츠형,,시래기 밥에 바지락장 비벼먹고 해장국 말아먹는 독특한 집입니다,2026-03-01,2026-03-01,3.1.일,3.1.일,1,취미79,영수증,음식이 맛있어요 | 재료가 신선해요 | 양이 많아요 | 특별한 메뉴가 있어요 | 가성비가 좋아요,,
587,69a397ed4b98fe7f28b40850,텍스트·콘텐츠형,,태안 놀러와서 특색음식을 찾아왔는데 맛나네요~ 얼큰하고 개운해요~,2026-03-01,2026-03-01,3.1.일,3.1.일,1,수민4938,영수증,음식이 맛있어요 | 재료가 신선해요 | 양이 많아요 | 특별한 메뉴가 있어요 | 건강한 맛이에요,,
588,69a38b7b0048872c958d5e75,텍스트·콘텐츠형,,맛있게 먹고  어머니거 포장해 가요.,2026-03-01,2026-03-01,3.1.일,3.1.일,1,긍정의 신14,영수증,음식이 맛있어요 | 매장이 넓어요 | 주차하기 편해요,,
589,69ab6a0885747dacd4f13773,텍스트·콘텐츠형,,"바지락내장탕 잡내도ㅠ안나고 너무 맛있습니다.
1인상으로 나와 깔끔하게 나와 먹기 좋았어요
재방문의사 100%입니다.👍",2026-03-07,2026-02-28,3.7.토,2.28.토,1,coh****,결제내역,음식이 맛있어요 | 양이 많아요 | 반찬이 잘 나와요 | 매장이 넓어요 | 매장이 청결해요,,
590,69a279eac323b3e0ca5a51a8,텍스트·콘텐츠형,,"태안 파크골프장 운동 마치고 지인들과
8분거리 찾은 줄서서 먹은 맛집
재방문하고 픈 장소입니다
시원하고 씨레기가  듬뿍
푸짐하게 담긴 해장국
 맛잇고 좋아요👍👍👍",2026-02-28,2026-02-28,2.28.토,2.28.토,1,cjs****,영수증,재료가 신선해요 | 양이 많아요 | 가성비가 좋아요 | 단체모임 하기 좋아요 | 뷰가 좋아요,,
591,69a25dfc60dc6cae7c1a42ba,텍스트·콘텐츠형,,처음 와봤는데 너무맛있어요~!!,2026-02-28,2026-02-28,2.28.토,2.28.토,1,yongseob,영수증,재료가 신선해요 | 양이 많아요 | 음식이 맛있어요 | 가성비가 좋아요 | 특별한 메뉴가 있어요,,
592,69a26a79f9f7f32b6c5fbbe3,텍스트·콘텐츠형,,바지락 싱싱하고 맛있어요,2026-02-28,2026-02-28,2.28.토,2.28.토,1,sha****,영수증,음식이 맛있어요 | 특별한 메뉴가 있어요 | 재료가 신선해요,,
593,69a24d22edcf0d643faba35c,텍스트·콘텐츠형,,,2026-02-28,2026-02-28,2.28.토,2.28.토,1,hon****,영수증,음식이 맛있어요 | 재료가 신선해요 | 양이 많아요 | 특별한 메뉴가 있어요 | 매장이 넓어요,,
594,69a240c1bfcc7e10378966f1,텍스트·콘텐츠형,,"제가 좋아하는 '여행가 제이' 유튭보고 나들이겸 다녀왔어요. 바지락도 많고 우거지도 맛있고 반찬도 깔끔하니 잘 먹고 왔습니다~~
시래기밥만 먹어도 맛있었어요~",2026-02-28,2026-02-28,2.28.토,2.28.토,1,아이가셋123,영수증,음식이 맛있어요 | 특별한 메뉴가 있어요 | 매장이 넓어요 | 단체모임 하기 좋아요 | 친절해요,,
595,69a22f7a498dd5413ee9bbc0,텍스트·콘텐츠형,,"'태안바지락해장국' 방문기
​태안 여행 중 우연히 들렀다가 제대로 된 '내공'을 맛보고 왔습니다. 이곳의 시그니처이자 하루 딱 30그릇 한정이라는 바지락 내장탕을 운 좋게 맛볼 수 있었는데요. 왜 한정 판매를 고집하시는지 한 입 먹자마자 바로 고개가 끄덕여지는 맛이었습니다.",2026-02-28,2026-02-28,2.28.토,2.28.토,1,김철웅80,영수증,음식이 맛있어요 | 재료가 신선해요 | 메뉴 구성이 알차요,,
596,69a12d7be83eb581bd1c80d7,텍스트·콘텐츠형,,바지락해장국 처음 먹어보는데 너무 맛있고 해장하기 좋아요! 다음에 재방문할려구요!~,2026-02-27,2026-02-27,2.27.금,2.27.금,1,hyeoniiiiiii,영수증,음식이 맛있어요 | 재료가 신선해요 | 양이 많아요 | 매장이 넓어요 | 혼밥하기 좋아요,,
597,69a1127f93c4dcb4cea4e86c,텍스트·콘텐츠형,,,2026-02-27,2026-02-27,2.27.금,2.27.금,1,young5059,영수증,음식이 맛있어요,,
598,699e48eaf95ca5200324af29,텍스트·콘텐츠형,,전역하는 아들 부대에서 픽업해서 아침먹으러왔어요.  바지락해장국...양도 많고 바지락도 많고 정갈하게 잘 나오는데 가갹도 좋네요~~ 음식도 맛있어요^^ 잘 먹고갑니다.,2026-02-25,2026-02-25,2.25.수,2.25.수,1,앙쥬764,영수증,음식이 맛있어요 | 양이 많아요 | 특별한 메뉴가 있어요 | 매장이 넓어요 | 주차하기 편해요,,
599,699fe01dd987528712f5548e,텍스트·콘텐츠형,,"사장님 엄청 친절하시고
식당 분위기도 깔끔하고 좋아요.
해장국에 바지락도 엄청 들어있구요 신선합니다.
위치도 좋고 주차하기도 편하고 좋네요.",2026-02-26,2026-02-24,2.26.목,2.24.화,1,KooPD,결제내역,음식이 맛있어요 | 재료가 신선해요 | 친절해요 | 매장이 청결해요 | 주차하기 편해요,,
600,699bbea771bfca54846bd744,텍스트·콘텐츠형,,음식이 맛있고 사장님이 친절하십니다. 매장도 청결합니다.,2026-02-23,2026-02-23,2.23.월,2.23.월,1,NEIL40,영수증,음식이 맛있어요 | 차분한 분위기예요 | 친절해요 | 매장이 청결해요 | 주차하기 편해요,,
601,699b97a6cd300aa51a1c2485,텍스트·콘텐츠형,,"아침부터 맛있는 해장국 먹었네요
완자도 맛있어요!",2026-02-23,2026-02-23,2.23.월,2.23.월,1,소다자매아빠,영수증,음식이 맛있어요 | 매장이 넓어요 | 친절해요 | 주차하기 편해요,,
602,699a8655c273f4a13bcc6858,텍스트·콘텐츠형,,"와……. 태안에서 가장 맛있게 먹은거 같아요 
아이도 어른도 행복한 한상 
배두둑하게 마지막 밥 잘먹고 옵니당!!!
주차도 편하고 너무 좋아용^^",2026-02-22,2026-02-22,2.22.일,2.22.일,1,ehe****,영수증,음식이 맛있어요 | 인테리어가 멋져요 | 주차하기 편해요 | 매장이 청결해요 | 친절해요,,
603,699a785ff3761ec42f47d213,텍스트·콘텐츠형,,얼큰하니 맛있어용 바지락도 많이 들어있구 친절하시고 깨끗해서 더 좋습니다!!,2026-02-22,2026-02-22,2.22.일,2.22.일,1,sta****,영수증,양이 많아요 | 재료가 신선해요 | 음식이 맛있어요,,
604,699a6ca4ea6e998dbc9accf4,텍스트·콘텐츠형,,"메뉴 단촐하지만 가성비 좋고 맛있어요~
공기밥이 아닌 시레기밥이라 더 건강한맛
매장도 깔끔하고 주차공간도 좋아요",2026-02-22,2026-02-22,2.22.일,2.22.일,1,쩡8961,영수증,음식이 맛있어요 | 재료가 신선해요 | 가성비가 좋아요 | 친절해요 | 매장이 청결해요,,
605,69991bd8a87b973da9d28ca9,텍스트·콘텐츠형,,"시래기 밥 반은 바지락장에 비벼먹고, 반은 해장국에 말아서 맛있게 잘 먹었습니다",2026-02-21,2026-02-21,2.21.토,2.21.토,1,Kongg9,영수증,음식이 맛있어요 | 재료가 신선해요 | 매장이 넓어요,,
606,69991faec5c152933ce5d288,텍스트·콘텐츠형,,"태안여행 중 찾아 온 곳. 조금 이른 점심시간이었는데 손님이 많았다. 바지락해장국, 바지락 내장탕 시켰는데 둘 다 얼큰하고 맛있다. 내장탕은 하루 30그릇 한정. 
믿반찬도 깔끔하고 맛있다. 계산하고 바지락장,알타리장아찌 사옴",2026-02-21,2026-02-21,2.21.토,2.21.토,1,사랑해행복해,영수증,음식이 맛있어요 | 특별한 메뉴가 있어요 | 매장이 넓어요 | 매장이 청결해요 | 친절해요,,
607,6999126a81790846b0eaba5b,텍스트·콘텐츠형,,넘 맛있어요!!!!! 내장탕 바지락 들어간것도 첨이고 너무 좋아요,2026-02-21,2026-02-21,2.21.토,2.21.토,1,ste****,영수증,음식이 맛있어요 | 재료가 신선해요 | 특별한 메뉴가 있어요 | 매장이 넓어요 | 매장이 청결해요,,
608,6997f081d5d945004ecc98be,텍스트·콘텐츠형,,"맛있어요
집 가까이 있어서 가기 편하고 맛있어서 지인들과 같이 가기좋은 생각나는 집이예요",2026-02-20,2026-02-20,2.20.금,2.20.금,1,마음비우기17,영수증,음식이 맛있어요 | 재료가 신선해요 | 양이 많아요 | 매장이 청결해요 | 주차하기 편해요,,
609,6997ceb80176ca4aa08c449b,텍스트·콘텐츠형,,"너무 맛있는 바지락해장국🤓🤍
자주자주 먹을거에요ㅠㅠ 
양도 짱많음",2026-02-20,2026-02-20,2.20.금,2.20.금,1,꿈꾸는 리니니52,영수증,음식이 맛있어요 | 재료가 신선해요 | 양이 많아요 | 특별한 메뉴가 있어요,,
610,6997ae2a7c7c0f4ed195fe86,텍스트·콘텐츠형,,"아침먹으러 왔는데 바지락이 많아 좋았어요 
태안여행와서 먹기 좋아요",2026-02-20,2026-02-20,2.20.금,2.20.금,1,아이리스4997,영수증,재료가 신선해요 | 음식이 맛있어요 | 인테리어가 멋져요 | 매장이 넓어요 | 친절해요,,
611,69969df4e89ffa32748b6b95,텍스트·콘텐츠형,,"맛있어요 캠핑갔다가 가끔해장하려고 들리는곳 ㅎ
배부르게 맛있게먹고가요",2026-02-19,2026-02-19,2.19.목,2.19.목,2,sho****,영수증,특별한 메뉴가 있어요 | 음식이 맛있어요 | 건강한 맛이에요 | 반찬이 잘 나와요,,
612,69968ff533800c7be7efdc0b,텍스트·콘텐츠형,,태안여행왔다가 발견한 맛집! 바지락해장국은 처음 먹어보는데 너무 맛있습니다. 바지락내장탕도 맛있는데 일반이 더 맛있었어요! 바지락장도 은근별미. 👍,2026-02-19,2026-02-19,2.19.목,2.19.목,1,ilovei,영수증,음식이 맛있어요 | 양이 많아요 | 친절해요 | 매장이 청결해요 | 주차하기 편해요,,
613,699285e24e6d3da5ef25b682,텍스트·콘텐츠형,,"국물 맛이 과하지 않고 담백해서 부담 없이 먹기 좋다.
바지락도 신선하고 시원한 맛이 살아 있어 해장용으로 딱 좋은 한 그릇.
속 편하게 풀고 싶을 때 추천.",2026-02-16,2026-02-16,2.16.월,2.16.월,1,서해하늘43,영수증,음식이 맛있어요,,
614,699273aec4b710366f843d43,텍스트·콘텐츠형,,가족여행에서 방문 해장도되고 맛도있고 양도많고 진짜 짱맛탱!! 우리집 근처에도 있엇으면 좋겟다 ㅠㅠ 다음에 또올게요,2026-02-16,2026-02-16,2.16.월,2.16.월,1,lee****,영수증,음식이 맛있어요 | 재료가 신선해요 | 양이 많아요,,
615,69915c338d5d7cbbdc6fde6b,텍스트·콘텐츠형,,"바지락해장국이랑 내장탕 먹었어요.
넘 맛있어요!!",2026-02-15,2026-02-15,2.15.일,2.15.일,1,새벽밤바람,영수증,음식이 맛있어요 | 재료가 신선해요,,
616,699159e5cfbf325f1c8429f2,텍스트·콘텐츠형,,바지락 해장국은 처음 먹어봤는데 얼큰하고 맛있어요! 가게 분위기도 청결하고 좋네요. 잘 먹고 갑니다-~😋,2026-02-15,2026-02-15,2.15.일,2.15.일,1,크순,영수증,음식이 맛있어요 | 재료가 신선해요 | 특별한 메뉴가 있어요 | 매장이 넓어요 | 매장이 청결해요,,
617,69915e605d270de3e516c182,텍스트·콘텐츠형,,"지나가는 길 들렸다가 맛있어서 바로 맛집저장했습니다 :)
잘 먹고갑니다!!",2026-02-15,2026-02-15,2.15.일,2.15.일,1,tjd****,결제내역,음식이 맛있어요 | 양이 많아요 | 반찬이 잘 나와요 | 매장이 넓어요 | 음식이 빨리 나와요,,
618,69913f5c3396eef1e623c914,텍스트·콘텐츠형,,바지락해장국 너무 맛나요~신랑이 먼저 먹고 맛나다고적극추천해서왔는데 만족해요. 해장으로도 좋을듯,2026-02-15,2026-02-15,2.15.일,2.15.일,1,key****,영수증,음식이 맛있어요 | 특별한 메뉴가 있어요 | 친절해요 | 매장이 청결해요,,
619,699123785f1be9e9e5f15623,텍스트·콘텐츠형,,추천 받아서 왔는데 손님도 많고 너무 좋은거 같아요 음식들도 다 너무 맛있어요!,2026-02-15,2026-02-15,2.15.일,2.15.일,1,양병용75,영수증,음식이 맛있어요 | 특별한 메뉴가 있어요 | 가성비가 좋아요 | 현지 맛에 가까워요 | 인테리어가 멋져요,,
620,698ff1bf8b4b6695634cd3d7,텍스트·콘텐츠형,,"태안 올 때마다 매번 가는 가게
맛있어요
개운하고 얼큰한 바지락 해장국 추천합니다 진짜 맛있음
우리집 주변에도 생겼으면 좋겠다는 생각이 들정도로 맛있어요",2026-02-14,2026-02-14,2.14.토,2.14.토,1,danoshi,영수증,음식이 맛있어요 | 재료가 신선해요 | 양이 많아요 | 가성비가 좋아요 | 단체모임 하기 좋아요,,
621,698fe35c34541a24079294a2,텍스트·콘텐츠형,,태안 바지락해장국이에요. 처음 먹어봤는데. 국물도 시원하고 맛있어요 내장탕은 안머거봤는데. 내장탕도 맛있을거같아요. 바지락 고기완자는 그냥 고기완자같아요 이름처럼 바지락맛이 많이나지는않아요. 그래도 전체적으로 깔끔하고 맛있어요!!,2026-02-14,2026-02-14,2.14.토,2.14.토,1,jijicor536,영수증,음식이 맛있어요 | 재료가 신선해요 | 특별한 메뉴가 있어요 | 친절해요 | 화장실이 깨끗해요,,
622,698e804e83198330aa5f4448,텍스트·콘텐츠형,,"오늘도 맛있게 먹었습니다.
감사합니다.",2026-02-13,2026-02-13,2.13.금,2.13.금,1,g880,영수증,음식이 맛있어요 | 재료가 신선해요 | 양이 많아요 | 인테리어가 멋져요 | 매장이 넓어요,,
623,6991d10e18f35e0f1095ebb0,텍스트·콘텐츠형,,맛읶고 좋아요,2026-02-15,2026-02-10,2.15.일,2.10.화,1,여유20,영수증,음식이 맛있어요 | 특별한 메뉴가 있어요 | 매장이 넓어요 | 친절해요 | 매장이 청결해요,,
624,698a81d48ec0ccde346035d6,텍스트·콘텐츠형,,비주얼도 좋고 음식도 깔끔하고 너무 맛있어요~^  아기 있다고 아기밥과 김을 따로 챙겨주셔서 감동이요~~^,2026-02-10,2026-02-10,2.10.화,2.10.화,1,suk****,영수증,음식이 맛있어요 | 재료가 신선해요 | 양이 많아요 | 인테리어가 멋져요 | 매장이 넓어요,,
625,698952bc46bf416c58fa6384,텍스트·콘텐츠형,,,2026-02-09,2026-02-09,2.9.월,2.9.월,3,하율e,영수증,음식이 맛있어요 | 재료가 신선해요 | 매장이 넓어요 | 친절해요 | 매장이 청결해요,,
626,6988106ee0b65a8e95dbdaa4,텍스트·콘텐츠형,,"진짜 실습때 오고 실습끝나고 가족이랑 다시왔어여 맛있음 밥도 시래기밥, 부모님은 바지락장을 좋아해서 포장까지 해갔고 밑반찬도 맛있어요",2026-02-08,2026-02-08,2.8.일,2.8.일,1,wlsrus510,영수증,음식이 맛있어요 | 재료가 신선해요 | 양이 많아요 | 특별한 메뉴가 있어요 | 가성비가 좋아요,,
627,698807b62151558c904bac29,텍스트·콘텐츠형,,바지락 해장국 완전 처음 먹어보는데 맛있어요ㅠ 국물도 짱 시원하구 반찬까지도 너무 맛있습니다!! 매장도 깨끗하고 좋아용🫶🏻,2026-02-08,2026-02-08,2.8.일,2.8.일,1,yjy****,영수증,음식이 맛있어요 | 재료가 신선해요 | 양이 많아요 | 매장이 넓어요 | 매장이 청결해요,,
628,698806f3c3e70d8dd18cc4e5,텍스트·콘텐츠형,,"처음 먹어보는 바지락 해장국!̆̎
해장 제대로 되는 맛이에요👍🏻
반찬 3종 깔끔하고 맛있어요 태안오면 또 올께요👏🏻",2026-02-08,2026-02-08,2.8.일,2.8.일,1,tod****,영수증,음식이 맛있어요 | 양이 많아요 | 가성비가 좋아요,,
629,6987f978164d0e1269521d84,텍스트·콘텐츠형,,"신선하고 아주 맛있어요
3번째 방문이예요
알타리짱아찌가 맛있어요
또 올거예여",2026-02-08,2026-02-08,2.8.일,2.8.일,2,kok****,영수증,음식이 맛있어요 | 재료가 신선해요 | 양이 많아요,,
630,6987f4771c5ef9763caa326f,텍스트·콘텐츠형,,국물이 깔끔하고 너무 맛있습니다 해장의 성지로 추천드립니다,2026-02-08,2026-02-08,2.8.일,2.8.일,1,으응123,영수증,음식이 맛있어요 | 친절해요 | 매장이 청결해요,,
631,6986a545a2aeb7410be53f28,텍스트·콘텐츠형,,너무 맛나요~~^^ 최고최거,2026-02-07,2026-02-07,2.7.토,2.7.토,1,mimossuni,영수증,양이 많아요 | 재료가 신선해요 | 인테리어가 멋져요,,
632,6986a7608617ee9628e9a670,텍스트·콘텐츠형,,"시레기밥에 바지락장만 먹어도 너무 맛있습니다! 
바지락해장국과 내장들어간것으로 먹었는데 자극적이지 않고 맛있게 잘 먹고갑니다! 
시간만 되면 어머니꺼 포장해가고싶네요",2026-02-07,2026-02-07,2.7.토,2.7.토,1,360****,영수증,음식이 맛있어요 | 특별한 메뉴가 있어요,,
633,69871242db05875c9cda8f8f,텍스트·콘텐츠형,,여행 갔다 아침  메뉴로 먹게 된 바지락해장국~  특별하고 맛있게 먹고 밑반찬으로 나온 젓갈도 맛있어서 구매해 왔네요~,2026-02-07,2026-02-07,2.7.토,2.7.토,1,자유로움을 꿈꾸는 50대,영수증,음식이 맛있어요 | 친절해요 | 매장이 청결해요,,
634,69855f5b71a78f4b2ab13edf,텍스트·콘텐츠형,,"태안만의 메뉴 바지락해장국, 반찬도 정갈하고 맛도 깔쌈하고 태안 또 여행오면 재방문 할 예정이에요~ 맛나게먹고갑니다!",2026-02-06,2026-02-06,2.6.금,2.6.금,1,second00,영수증,음식이 맛있어요 | 특별한 메뉴가 있어요 | 재료가 신선해요 | 매장이 넓어요 | 친절해요,,
635,6983008844a978dd88207b72,텍스트·콘텐츠형,,"해장국집은 자칫 위생에 문제가 있을수 있고 식기류도 올드할수있는데 여기는 맛도 좋고 매장이 깔끔하네요
사장님도 무뚝뚝한 인상이지만 친절하시네요
외지에서 왔지만 좋은기억 남기고 갑니다",2026-02-04,2026-02-03,2.4.수,2.3.화,1,jager,결제내역,음식이 맛있어요 | 잡내가 적어요 | 재료가 신선해요 | 매장이 넓어요 | 매장이 청결해요,,
636,69802c0ad1b5644db11350f8,텍스트·콘텐츠형,,칼칼하니 맛있어요. 조개장에 밥 비벼먹는것도 별미네요,2026-02-02,2026-02-02,2.2.월,2.2.월,1,Gu7394,영수증,음식이 맛있어요 | 양이 많아요 | 매장이 넓어요 | 단체모임 하기 좋아요,,
637,69801ed337fdfd0ac2ce0739,텍스트·콘텐츠형,,너무 맛있어요 다음에 또 올거같아요 바지락도 많고 국물이 깔끔해요,2026-02-02,2026-02-02,2.2.월,2.2.월,1,xhsl8787,영수증,음식이 맛있어요,,
638,698382903879713461266239,텍스트·콘텐츠형,,"하나하나 다 너무 맛있어요 
맛없없,,,, 너무 배부르게 잘먹구왔어요",2026-02-05,2026-02-01,2.5.목,2.1.일,1,HY222,영수증,음식이 맛있어요 | 재료가 신선해요 | 특별한 메뉴가 있어요 | 단체모임 하기 좋아요 | 친절해요,,
639,697ea7c0f0a347daf3d84873,텍스트·콘텐츠형,,"깔끔한매장분위기에 음악도 잔잔히 너무 좋아요
고급스럽고 깔끔합니다
바지락내장탕 얼큰하고 깊이있이 맛있고
곤드레밥도 비빔장에 너무 맛있네요~^^
태안오면 재방문의사 100%입니다
잘먹었습니다^^",2026-02-01,2026-02-01,2.1.일,2.1.일,1,aa****,영수증,음식이 맛있어요 | 재료가 신선해요 | 양이 많아요 | 특별한 메뉴가 있어요 | 인테리어가 멋져요,,
640,697e97b1c7460afbe3025e24,텍스트·콘텐츠형,,매주 먹으러 오는데 넘 맛나요 바지락 내장탕 최고에요^^,2026-02-01,2026-02-01,2.1.일,2.1.일,1,청년이81,영수증,음식이 맛있어요 | 재료가 신선해요 | 양이 많아요 | 인테리어가 멋져요 | 매장이 넓어요,,
641,697d89428e954a012a85f46b,텍스트·콘텐츠형,,재료도 신선하고 특색있는 메뉴 넘 맛있어요~^^ 👍 👍,2026-01-31,2026-01-31,1.31.토,1.31.토,1,루루2010,영수증,음식이 맛있어요 | 재료가 신선해요 | 양이 많아요 | 특별한 메뉴가 있어요,,
642,697d7e6e80839bfefaf927db,텍스트·콘텐츠형,,"바지락 해장국 방문했는데 정말 맛집입니다!!
국물 시원하고 반찬으로 나온 낙지 젓갈 너무 맛있어서 판매하시는 거 구매했네요~~
잘 먹었습니다^^",2026-01-31,2026-01-31,1.31.토,1.31.토,1,라니3569,영수증,음식이 맛있어요 | 재료가 신선해요 | 양이 많아요 | 특별한 메뉴가 있어요 | 인테리어가 멋져요,,
643,697d69b8c6b1a004f1e9ea8c,텍스트·콘텐츠형,,"태안여행왔다가 우연히 들린 맛집
바지락해장국 먹으러
일부러 또올려구요
현지인들도 많이오시네요
맛집인정",2026-01-31,2026-01-31,1.31.토,1.31.토,1,썬맘7,영수증,음식이 맛있어요 | 재료가 신선해요 | 특별한 메뉴가 있어요 | 가성비가 좋아요,,
644,697d6399951da5ee29fc939b,텍스트·콘텐츠형,,너무 맛있어요!! 다음에 와서도 또 먹을 집,2026-01-31,2026-01-31,1.31.토,1.31.토,1,coo****,영수증,음식이 맛있어요 | 매장이 넓어요 | 친절해요,,
645,697bffd0a09161a409943833,텍스트·콘텐츠형,,"맛도 좋고 음식이 깔끔하게 나오네요
커피도 넘 맛있어요",2026-01-30,2026-01-30,1.30.금,1.30.금,1,lky****,영수증,음식이 맛있어요 | 재료가 신선해요 | 특별한 메뉴가 있어요 | 매장이 넓어요 | 친절해요,,
646,697971196a667f57aed1832e,텍스트·콘텐츠형,,"태안이 바지락이 유명하죠
지역특색을 잘 살린 메뉴인것 같습니다
얼큰하고 개운한 한그릇 잘먹었습니다",2026-01-28,2026-01-28,1.28.수,1.28.수,1,서현철29,영수증,음식이 맛있어요 | 인테리어가 멋져요 | 친절해요,,
647,6977711576941c85b6b39e8b,텍스트·콘텐츠형,,"맛있어요 깔끔하고 얼큰하고 
식구들 주려고 포장까지 해 왔습니다
다음에 태안 쪽 가면 꼭 다시 갈거 같아요",2026-01-26,2026-01-26,1.26.월,1.26.월,1,보들보들87,영수증,음식이 맛있어요 | 특별한 메뉴가 있어요 | 매장이 청결해요 | 주차하기 편해요 | 음식이 빨리 나와요,,
648,6975aeb71935c02e677f8264,텍스트·콘텐츠형,,"너무너무 맛있어오 이거먹으러 태안옵니다,, 짱!!!",2026-01-25,2026-01-25,1.25.일,1.25.일,1,채채짱짱최고,영수증,음식이 맛있어요 | 양이 많아요 | 재료가 신선해요 | 매장이 넓어요,,
649,6975a933fb1b8bebabfdc40d,텍스트·콘텐츠형,,맛있어요~ 메뉴판뒤에 맛있게 먹는법 있습니다! 보고 드세요 ㅎㅎ 바지락도 많이들어있고 시래기도  질기지않고 맛있어요~  바지락장 맛있어서 따로 구매했네요^^  다음에 또 여행오면 오겠습니다^^,2026-01-25,2026-01-25,1.25.일,1.25.일,1,항아94,영수증,음식이 맛있어요 | 재료가 신선해요 | 양이 많아요 | 매장이 청결해요 | 환기가 잘 돼요,,
650,69759bd757d4a6fd920a0aa8,텍스트·콘텐츠형,,매콤 맛나고 바지락 듬뿍이라 넘 좋네용,2026-01-25,2026-01-25,1.25.일,1.25.일,1,awesome79,영수증,음식이 맛있어요 | 재료가 신선해요 | 매장이 넓어요 | 매장이 청결해요 | 주차하기 편해요,,
651,696c85ad1bbb0f969532bb62,텍스트·콘텐츠형,,"정말 매력이 넘치는 해장국.
곤드레밥에 이정도 바지락이면
너무 매력이 넘친다.",2026-01-18,2026-01-18,1.18.일,1.18.일,1,random foodtrip,영수증,음식이 맛있어요,"안녕하세요, 소중한 리뷰 남겨주셔서 진심으로 감사드립니다.
곤드레밥과 함께 푸짐하게 들어간 바지락의 조합을 매력적으로 느껴주셔서 정말 기쁘며, 해장국의 깊은 맛과 든든함을 만족해주셔서 큰 힘이 됩니다. 언제 방문하셔도 변함없이 정성 가득한 한 끼를 드릴 수 있도록 노력하겠습니다.
태안바지락해장국에 방문해주셔서 감사드립니다.",1.21.수
652,696c92ba4fe836addb079785,텍스트·콘텐츠형,,전날 술마시고 해장하러 갔는데 너무 맛있어요 고기완자도 명절때 먹는 동그랑땡 같아서 너무 맛있고 생각했던것보다 많이커요. 해장국 내장탕 다 먹어봤는데 둘다 맛있어요. 우선 한상처럼 깔끔하게 나오는게 손님 모시고 가도 좋을거 같고 그렇게 깔끔하게 나오니까 대접 받는거 같고 더 맛있게 느꺼졌어요 메뉴중에 짜배기가 도대체 뭘까 했는데 컵에 얼음이랑 소주 담아서 나오는거라네요ㅎ신기했어요ㅎ 나중에 태안방문하면 또오고싶은집이었어요~,2026-01-18,2026-01-18,1.18.일,1.18.일,1,먹방뎅이,결제내역,음식이 맛있어요 | 매장이 넓어요 | 주차하기 편해요,"안녕하세요, 정성스럽고 자세한 리뷰 남겨주셔서 진심으로 감사드립니다.
해장국과 내장탕 모두 맛있게 드셔주시고, 고기완자의 크기와 맛까지 좋게 봐주셔서 정말 기쁩니다. 한상처럼 깔끔하게 나오는 구성 덕분에 대접받는 느낌이 들었다고 말씀해주신 부분이 특히 큰 힘이 되며, 짜배기 메뉴도 재미있게 경험해주셔서 감사합니다. 다음에 태안에 방문하실 때도 꼭 다시 찾고 싶다고 해주셔서 더욱 감사드리며, 언제 오셔도 만족스러운 식사가 되실 수 있도록 정성껏 준비하겠습니다.
태안바지락해장국에 방문해주셔서 감사드립니다.",1.21.수
653,696c3502c648461d6ffd05e4,텍스트·콘텐츠형,,"겨울 골프 즐기러 나섰다 검색후 찾은 태안 맛집입니다
라운딩 후 해장국에 완자 막걸리 조합도 좋을듯하여 다음에 또 방문하려고 저장했네요
가족들용으로 포장도 해갑니다~~
추천요",2026-01-18,2026-01-18,1.18.일,1.18.일,1,진81,영수증,음식이 맛있어요 | 재료가 신선해요 | 특별한 메뉴가 있어요 | 매장이 넓어요 | 매장이 청결해요,,
654,696ec918eacdbff720f872a8,텍스트·콘텐츠형,,"바지락 해장국....
바지락의 시원함과 해장국의 칼칼하고 걸죽한 맛이 조화된 느낌입니다.
매장도 깔끔하고 시레기밥과 함께 서빙되는 짜지않은 조개젓갈과 낙지젓갈도 너무 맛있습니다.",2026-01-20,2026-01-18,1.20.화,1.18.일,1,75kimsy,영수증,특별한 메뉴가 있어요 | 음식이 맛있어요 | 매장이 청결해요 | 주차하기 편해요,"안녕하세요, 소중한 리뷰 남겨주셔서 진심으로 감사드립니다.
바지락의 시원한 맛과 해장국의 칼칼하고 걸죽한 풍미가 잘 어우러졌다고 느껴주셔서 정말 기쁘며, 매장 청결과 시래기밥, 조개젓갈과 낙지젓갈까지 모두 만족해주셔서 큰 힘이 됩니다. 앞으로도 언제 방문하셔도 정갈하고 맛있는 한 끼를 드릴 수 있도록 정성껏 준비하겠습니다.
태안바지락해장국에 방문해주셔서 감사드립니다.",1.21.수
655,696acd4077f8f348bb37e142,텍스트·콘텐츠형,,너무맛있어요. 주말마다 오는곳입니다.,2026-01-17,2026-01-17,1.17.토,1.17.토,4,너구리맹구,영수증,음식이 맛있어요 | 재료가 신선해요 | 양이 많아요,,
656,6969bb87052a79b6787648aa,텍스트·콘텐츠형,,맛있습니다 음식도 깔끔하고요,2026-01-16,2026-01-16,1.16.금,1.16.금,1,joh****,영수증,음식이 맛있어요 | 재료가 신선해요 | 인테리어가 멋져요 | 매장이 넓어요,,
657,69670d49f1509a95d48154d2,텍스트·콘텐츠형,,,2026-01-14,2026-01-14,1.14.수,1.14.수,1,미3557,영수증,음식이 맛있어요 | 특별한 메뉴가 있어요 | 양이 많아요,,
658,69704fa342e4e2c6390dd280,텍스트·콘텐츠형,,태안의 좋은공기와 경치를 담은 빨간 맛 정밀 잊을수앖는 마약같은 맛이었어요 너무 깊고 풍부한 맛과 해장의 성지라는 타이틀에 걸맞는 시원함까지 .. 재방문 의사 5000000프로입니다 번창하세요!!!^^,2026-01-21,2026-01-13,1.21.수,1.13.화,1,urm****,영수증,음식이 맛있어요 | 재료가 신선해요 | 매장이 넓어요 | 단체모임 하기 좋아요 | 뷰가 좋아요,,
659,697b3791cfed954b30b6a9b4,텍스트·콘텐츠형,,"태안 여행 중 현지 분들 추천으로 방문한 태안바지락해장국이에요.
관광객 맛집 느낌보다는 동네에서 오래 사랑받아온 집 같아서 더 좋았어요.
태안 바지락 해장국 중 빨간 국물로 나오는 게 인상적이었는데,
사장님이 직접 개발하신 국물이라고 하더라고요.
보통 하얀 국물만 먹다가 완전 다른 스타일이라 기억에 남았어요.
태안 앞바다 바지락이 정말 듬뿍 들어가 있어서
국물보다 건더기가 먼저 보일 정도였고,
잡내 없이 시원하고 깊은 맛이라 부담 없이 잘 먹었어요.
서울에서 먹던 바지락 해장국이랑은 확실히 달랐어요.
해장국에 시래기밥 같이 말아 먹는 조합도 좋았고,
속이 편안해져서 여행 중 든든한 한 끼로 만족스러웠어요.
다음엔 하루 30그릇 한정이라는 바지락 내장탕도 꼭 먹어보고 싶어요!!",2026-01-29,2026-01-13,1.29.목,1.13.화,1,헬로워니워니,영수증,음식이 맛있어요 | 재료가 신선해요 | 특별한 메뉴가 있어요 | 메뉴 구성이 알차요 | 친절해요,,
660,6975bec7612096ae50e71d04,텍스트·콘텐츠형,,해장의 성지 답네요! 매콤한것도 땡기고 바지락도 땡길때 딱이에요! 곤드레밥에 바지락장 같이 먹어면 진짜 짱맛있고 건더기도 실하고 국물도 극락이에요,2026-01-25,2026-01-13,1.25.일,1.13.화,1,노을노을37,영수증,음식이 맛있어요 | 양이 많아요 | 특별한 메뉴가 있어요 | 매장이 넓어요 | 단체모임 하기 좋아요,,
661,6972110fe608eb8bdd109075,텍스트·콘텐츠형,,"태안 여행하다가 우연히 알게 된 로컬 해장 맛집.

태안 바지락 해장국 하면 보통 하얀 국물 떠올리는데, 여긴 태안에서 유일한 ‘빨간 국물’ 바지락 해장국이에요. 사장님이 직접 개발한 국물이라서 다른 지역에선 보기 힘든 스타일.

🦪 태안 앞바다 바지락이 진짜 듬뿍 국물보다 건더기가 먼저 보일 정도라 “서울에서 먹던 바지락 해장국이랑은 급이 다르다”는 말이 딱 맞아요.

🍚 해장은 역시 조합 해장국 + 시래기밥 기본으로 먹고 국물에 말아 한 숟갈 뜨면 속이 바로 풀림. 시래기밥 추가는 무료라 더 든든.

🥣 단골들은 이걸로 갑니다 ✔️ 바지락 내장탕 최초 개발 집 ✔️ 하루 30그릇 한정",2026-01-22,2026-01-13,1.22.목,1.13.화,1,룰루루99,영수증,인테리어가 멋져요 | 매장이 넓어요 | 음식이 맛있어요 | 재료가 신선해요 | 양이 많아요,,
662,697602a9f899411811e9ab54,텍스트·콘텐츠형,,"태안 바지락 해장국은 보통 하얀 국물로 많이 먹잖아요.
근데 여기는 사장님이 직접 개발한 빨간 국물 바지락 해장국이라
처음 한 숟갈 뜨는 순간 “어? 이거 뭐지?” 하고 바로 각인됩니다.
다른 지역에서는 잘 못 본 스타일이라 태안 명물처럼 불리는 이유가 있더라구요.

🦪 그리고 바지락 양이… 진짜 다름.
국물보다 건더기가 먼저 보이는 비주얼이에요.
태안 앞바다 바지락이라 그런지 신선함도 좋고,
서울에서 먹던 바지락 해장국이랑은 느낌이 확 달라요.",2026-01-25,2026-01-13,1.25.일,1.13.화,1,난리범석,영수증,음식이 맛있어요 | 재료가 신선해요 | 특별한 메뉴가 있어요 | 양이 많아요 | 고기 질이 좋아요,,
663,6979d65149bd59c2209675ee,텍스트·콘텐츠형,,"태안 여행 마무리로 들른 태안바지락해장국✨
태안에서 유일한 빨간 국물 바지락 해장국인데 자극적이지 않고 깊게 매콤해서 속이 정말 편했어요.
바지락 양이 아낌없어서 국물보다 건더기가 먼저 보일 정도라 만족도 높고, 시래기밥이랑 같이 먹으니 해장 제대로 됩니다.
시래기밥 추가 무료라 든든함까지 챙길 수 있었고, 로컬 맛집 분위기라 더 믿음 가는 곳이에요.
태안 오면 한 번은 꼭 들러야 할 해장국집이에요.",2026-01-28,2026-01-13,1.28.수,1.13.화,2,이슈631,영수증,음식이 맛있어요 | 재료가 신선해요 | 양이 많아요 | 특별한 메뉴가 있어요 | 반찬이 잘 나와요,,
664,696b9f7dbe6bd9ff4252a790,텍스트·콘텐츠형,,"이집은 진짜 해장의성지다!!
태안 갈때마다 필수로 들르는 해장맛집!!
친구들이랑 태안여행갔다가 전날 밤샘 과음하고 죽을것 같아서 여기 무조건 가자고 애들 끌고감..
태안의 명물 신선한 바지락이 듬뿍!!
여기에만 있다는 빨간국물의 바지락해장국!!
바지락 내장탕은 하루 30그릇 한정!!
국물보다 건데기가 더 많은거 실화냐구요!!
바지락에 시래기까지 듬뿍이니 해장끝판왕!!
시래기밥은 진짜 넘나 맛나서 리필해먹었어요
리필밥까지 무료료 주시다니 갓성비 서비스 넘나좋아!!
게다가 다 먹고 카페까지 서비스!
다 퍼주는 시골인심 다 주고 뭐가 남나요?♡
저거 한그릇 싹 비우니까 숙취가 싹풀림!!
태안가면 여기 두번가세요 세번가세요!!!",2026-01-17,2026-01-13,1.17.토,1.13.화,4,라이프민02,영수증,음식이 맛있어요 | 재료가 신선해요 | 특별한 메뉴가 있어요 | 친절해요 | 주차하기 편해요,,
665,696643cb3348281b081f5435,텍스트·콘텐츠형,,작년에 왔다가 반해서 올해 태안여행와서 또 왔어요. 바지락 해장국이라는게 처음엔 생소했는데 넘 맛나더라구요 ㅎㅎ  매콤한 빨간 국물 안에 바지락이 듬뿍 들어 있어서 한 숟갈 뜨자마자 어제 과음한 속이 확 풀리는 느낌이였어요. 바지락해장국은 시원하면서도 깊은 감칠맛이 있고 바지락내장탕은 고소하고 진한 맛이라 취향 따라 고르기 좋았어요. 같이 나온 고기완자전은 바지락이 들어 있어서 식감이 살아 있고 달큰한 소스 찍어 먹으니까 더 맛있더라구요. 감칠맛 끝내주는 바지락장이랑 낙지젓갈도 곤드래밥이랑 먹기 딱 좋고 곤드래밥은 리필도 가능해서 든든하게 잘 먹고 나왔어요. 태안 가면 칼국수만 먹다가 요기는 완전 신세계였어요 해장하러 갔다가 또 한잔하고 싶어지더라구요 ㅎㅎ,2026-01-13,2026-01-13,1.13.화,1.13.화,3,뷰티송송,영수증,음식이 맛있어요 | 재료가 신선해요 | 양이 많아요 | 친절해요 | 매장이 넓어요,"안녕하세요, 정성스럽고 자세한 리뷰 남겨주셔서 진심으로 감사드립니다.
작년에 이어 올해 태안 여행에서도 다시 찾아주셨다니 정말 큰 힘이 되며, 바지락 해장국의 시원하고 깊은 감칠맛부터 바지락내장탕의 고소한 풍미, 고기완자전과 바지락장, 낙지젓갈, 곤드래밥까지 하나하나 맛있게 즐겨주셔서 더욱 기쁘게 생각합니다. 특히 해장하러 오셨다가 또 한잔하고 싶어질 만큼 만족스러우셨다는 말씀이 저희에게는 최고의 칭찬입니다. 앞으로도 태안에 오시면 꼭 떠오르는 특별한 한 끼가 될 수 있도록 정성껏 준비하겠습니다.
태안바지락해장국에 방문해주셔서 감사드립니다.",1.21.수
666,69635328feddbb1bf076ab74,텍스트·콘텐츠형,,너무  맛있게먹고  왔어요  밥도  고소하니 맛있어요  바지락과 시래기조합 좋아요~다음여행때  또가고싶네요,2026-01-11,2026-01-11,1.11.일,1.11.일,1,zzn****,영수증,음식이 맛있어요 | 재료가 신선해요 | 친절해요 | 매장이 청결해요 | 주차하기 편해요,,
667,6963098d274cbfdc2901af31,텍스트·콘텐츠형,,"처음 와보고 너무 맛있어서 두번째 다시 방문해봤는데
역시 맛있어요 웨이팅 할 맛이에요😙👍🏻",2026-01-11,2026-01-11,1.11.일,1.11.일,2,Ollie,영수증,음식이 맛있어요 | 재료가 신선해요 | 양이 많아요 | 차분한 분위기예요,,
668,695b2b56cf8b205ee037398d,텍스트·콘텐츠형,,"바지락해장국이 어떨지 궁금했는데 
얼큰하고 국물도 진하니 너무 맛있네요 
바지락고기완자도 맛있어요 
잘먹었습니다",2026-01-05,2026-01-05,1.5.월,1.5.월,1,빈스빈스220,영수증,음식이 맛있어요 | 양이 많아요 | 특별한 메뉴가 있어요 | 매장이 넓어요 | 친절해요,,
669,6959b71a6bd838aa774b6fed,텍스트·콘텐츠형,,단골입니다. 겨울날 생각나서 또와요ㅎㅎ,2026-01-04,2026-01-04,1.4.일,1.4.일,3,너구리맹구,영수증,음식이 맛있어요 | 재료가 신선해요 | 양이 많아요,,
670,69588c4c263a8681161d3f8e,텍스트·콘텐츠형,,"뜨근하고 시원하니 맛있게 먹었습니다~사장님이 친절하시고, 후식으로 준비되어 있는 커피가 맛있어서 너무 좋았어요:)",2026-01-03,2026-01-03,1.3.토,1.3.토,1,유또치르,영수증,음식이 맛있어요 | 재료가 신선해요 | 양이 많아요,,
671,6958601c1d429eec40a3c2bf,텍스트·콘텐츠형,,해장국 중에 가장 맛있는 집인 것 같아요! 국물도 맛있고 밥도 시레기 밥으로 나와서 맛있습니다 꼭 가게에서 추천하는 먹는법 대로 먹어보세요 정말 맛있어요,2026-01-03,2026-01-03,1.3.토,1.3.토,1,정하혁,영수증,음식이 맛있어요 | 재료가 신선해요 | 인테리어가 멋져요 | 단체모임 하기 좋아요 | 친절해요,,
672,69573fcaf1e29c2bb15773f1,텍스트·콘텐츠형,,양도 푸짐하고 맛있어요,2026-01-02,2026-01-02,1.2.금,1.2.금,4,y8011y,영수증,음식이 맛있어요 | 양이 많아요 | 친절해요 | 매장이 청결해요,,
673,6955d37fc83f9c8bb51638d5,텍스트·콘텐츠형,,아침 해장으로 딱이였습니다😋 바지락도 신선하고 시레기밥도 맛있게 잘 먹었습니다👍🏻 새해 첫 음식 잘 먹었습니다☀️,2026-01-01,2026-01-01,1.1.목,1.1.목,1,010010000,영수증,음식이 맛있어요 | 재료가 신선해요 | 양이 많아요 | 메뉴 구성이 알차요 | 주차하기 편해요,,
674,6955d9650b342ed3de2bbbcd,텍스트·콘텐츠형,,바지락해장국 처음 먹어보는데 너무 맛있구 이거먹으러 태안 오겠어요;;;;; 반찬도 너무 맛나서 사가용 다음에 또 올게요 !!!,2026-01-01,2026-01-01,1.1.목,1.1.목,1,orgm****,영수증,음식이 맛있어요 | 양이 많아요 | 건강한 맛이에요 | 반찬이 잘 나와요 | 매장이 넓어요,,
675,69552ecb782deb530937af32,텍스트·콘텐츠형,,"웨이팅 없이 들어왔는데 좀 지나니 사람이 꽉참!!
해장용으로도 좋고 든든하게 먹기 좋아요ㅡ 맛이 좀 강력함 (짜고 달고 함;;;) 자극적인 맛 좋아하면 추천 (저는 개인적으로 호였음)

고기완자는 이름처럼 고기!! 이름값 함",2026-25-12,2026-25-12,25.12.31.수,25.12.29.월,1,옴뇸뇸DAN,영수증,재료가 신선해요 | 양이 많아요 | 특별한 메뉴가 있어요 | 가성비가 좋아요 | 매장이 청결해요,"안녕하세요, 소중한 리뷰 남겨주셔서 진심으로 감사드립니다.
웨이팅 없이 편하게 들어오셨다가 금세 매장이 가득 찬 모습을 보시고 놀라셨을 것 같은데, 해장용으로도 든든한 한 끼로도 만족해주셔서 정말 기쁩니다. 자극적인 맛을 좋아하시는 분들께 잘 맞았다고 솔직하게 표현해주신 점도 감사드리며, 고기완자가 이름처럼 제대로 고기 맛을 느낄 수 있었다는 말씀에 큰 힘이 됩니다.
태안바지락해장국에 방문해주셔서 감사드립니다.",1.21.수
676,6950b686615654cd4e075515,텍스트·콘텐츠형,,"반찬도 깔끔하고, 해장국도 너무 맛있어요! 아이들과 가면 미취학(아기밥 + 김)도 주시고, 바지락장에 비벼주니 너무 잘 먹네요!",2026-25-12,2026-25-12,25.12.28.일,25.12.28.일,1,UIOPJKL,영수증,음식이 맛있어요 | 재료가 신선해요,,
677,6950ab842b7b89a0b9ca55fd,텍스트·콘텐츠형,,,2026-25-12,2026-25-12,25.12.28.일,25.12.28.일,1,heej15,영수증,음식이 맛있어요 | 재료가 신선해요 | 양이 많아요 | 특별한 메뉴가 있어요 | 매장이 넓어요,,
678,6950a693a620e3f1824c69e8,텍스트·콘텐츠형,,"원조바지락해장국 12000
바지락고기완자 반 6900

양도 푸짐하고 너무 맛있어요.
얼큰한데 많이 맵지 않아서 아이도 잘먹었어요.
식당이 넓고 깨끗하네요.
배불리 먹고갑니다.^^",2026-25-12,2026-25-12,25.12.28.일,25.12.28.일,1,말차러버 까칠녀,영수증,음식이 맛있어요 | 재료가 신선해요 | 양이 많아요 | 매장이 청결해요 | 매장이 넓어요,"안녕하세요, 소중한 리뷰 남겨주셔서 진심으로 감사드립니다.
양도 푸짐하고 맛있게 드셔주시고, 얼큰하지만 자극적이지 않아 아이와 함께 편하게 식사하셨다니 정말 기쁘게 생각합니다. 매장의 넓고 깔끔한 환경까지 좋게 봐주셔서 더욱 감사드리며, 앞으로도 가족 모두가 만족하실 수 있는 식사를 제공해드릴 수 있도록 노력하겠습니다.
태안바지락해장국에 방문해주셔서 감사드립니다.",1.21.수
679,6950ab3158188867e5d817cf,텍스트·콘텐츠형,,해장이필요로해서 찾아보다가 리뷰보고 방문했는데 태안에서 먹은곳들중에 제일맛있게먹었어요 해장의성지 인정합니다 담에또올게요,2026-25-12,2026-25-12,25.12.28.일,25.12.28.일,1,으캬캬앙이,영수증,음식이 맛있어요 | 재료가 신선해요 | 양이 많아요 | 매장이 넓어요,,
680,69509f316b407f6067ea6ce9,텍스트·콘텐츠형,,"바지락해장국이라는 메뉴가 처음이라서 먹어봤는데 너무 만족했습니다
깔끔하고 양도 진짜 많았지만 너무 맛있어서 거의 다 먹었습니다
다음에도 또 오고싶은 맛입니다",2026-25-12,2026-25-12,25.12.28.일,25.12.28.일,1,kdy89,영수증,음식이 맛있어요 | 재료가 신선해요 | 양이 많아요 | 주차하기 편해요 | 매장이 청결해요,,
681,694f2b0f0f31ef5844504e09,텍스트·콘텐츠형,,,2026-25-12,2026-25-12,25.12.27.토,25.12.27.토,1,kor****,영수증,음식이 맛있어요 | 매장이 넓어요 | 매장이 청결해요,,
682,694e033f5a727ba43c5649aa,텍스트·콘텐츠형,,태안 놀러왔다가 아점먹으러왔는데  추운겨울 속이 따뜻해지네요 ~~바지락 양이 크게많다생각은 안드네요.  그돈에 일부러가서먹진않을 듯요 처음이자 마지막집!!!,2026-25-12,2026-25-12,25.12.26.금,25.12.26.금,1,ljy****,영수증,음식이 맛있어요 | 매장이 넓어요 | 매장이 청결해요,,
683,694cb0b70593f8d7b23950e0,텍스트·콘텐츠형,,맛있어요`~~~~~~~~~,2026-25-12,2026-25-12,25.12.25.목,25.12.25.목,1,aud****,영수증,특별한 메뉴가 있어요 | 뷰가 좋아요 | 특별한 날 가기 좋아요,,
684,694c88b3f37e84e947609785,텍스트·콘텐츠형,,두번째 방문입니다. 여행중 일부러 들릴정도로 맛있는 맛집입니다... 태안오시면 꼭 들리세요... 바지락이 엄청 실하고  손 아플정도로 많습니다... 맛이 정말 일품입니다...,2026-25-12,2026-25-12,25.12.25.목,25.12.25.목,2,배고프다5,결제내역,음식이 맛있어요 | 재료가 신선해요 | 양이 많아요 | 특별한 메뉴가 있어요 | 친절해요,,
685,6948d426a8090e95545d0104,텍스트·콘텐츠형,,"태안에 여행왔다 로컬 음식 먹으러 들렀어요.
바지락 해장국은 처음 먹어보는데 너무 맛있네요.
태안에 오시면 꼭 들러서 먹어보세요~적극추천입니다^^",2026-25-12,2026-25-12,25.12.22.월,25.12.22.월,1,겡이20,영수증,음식이 맛있어요 | 인테리어가 멋져요 | 친절해요,"안녕하세요, 소중한 리뷰 남겨주셔서 진심으로 감사드립니다.
태안 여행 중 로컬 음식으로 바지락 해장국을 선택해 주시고, 처음 드셔보셨는데도 맛있게 즐겨주셨다니 정말 기쁩니다. 적극 추천해주신 말씀까지 더해주셔서 큰 힘이 되며, 태안에 오시는 분들께 좋은 기억으로 남을 수 있도록 항상 정성껏 준비하겠습니다.
태안바지락해장국에 방문해주셔서 감사드립니다.",1.21.수
686,694745211f7aceed975d3dfc,텍스트·콘텐츠형,,"두번째 방문입니다
하루 30그릇 한정 바지락내장탕도 먹어봤어요
그냥 바지락해장국은 얼큰시원, 바지락내장탕은 얼큰담백한맛이 입니다
또 올께요",2026-25-12,2026-25-12,25.12.21.일,25.12.21.일,1,크리스코코맘5,영수증,음식이 맛있어요 | 재료가 신선해요 | 양이 많아요 | 특별한 메뉴가 있어요,,
687,69473d968603e5e695f10dbc,텍스트·콘텐츠형,,음식이 너무 맛있어서 두번째 방문을 하였네요. 꼭한번 들려서 드셔보세요.,2026-25-12,2026-25-12,25.12.21.일,25.12.21.일,2,너구리맹구,영수증,양이 많아요 | 음식이 맛있어요 | 단체모임 하기 좋아요 | 화장실이 깨끗해요,,
688,6945db63d886f600ad9829e0,텍스트·콘텐츠형,,"정갈하게 나오는 식사~ 맛까지 좋아서 태안 여행시 꼭 들려보시길 추천 드려요! 
바지락내장탕과 고기완자!!
정말맛있게 잘먹고갑니다.
사장님번창하세요!!",2026-25-12,2026-25-12,25.12.20.토,25.12.20.토,1,milkylily,영수증,음식이 맛있어요 | 재료가 신선해요 | 특별한 메뉴가 있어요 | 친절해요 | 매장이 청결해요,"안녕하세요, 정성스럽고 따뜻한 리뷰 남겨주셔서 진심으로 감사드립니다.
정갈한 상차림과 바지락내장탕, 고기완자까지 모두 맛있게 드셔주시고 태안 여행 시 꼭 추천하고 싶다고 말씀해주셔서 정말 큰 힘이 됩니다. 응원의 말씀까지 전해주셔서 감사드리며, 앞으로도 변함없이 만족스러운 식사를 드릴 수 있도록 정성껏 준비하겠습니다.
태안바지락해장국에 방문해주셔서 감사드립니다.",1.21.수
689,693f835946a71560828fb2aa,텍스트·콘텐츠형,,맛집찾아보고 유명해서 와봤는데 너무 맛잇어요 깔끔하고 반찬도 맛잇네용,2026-25-12,2026-25-12,25.12.15.월,25.12.15.월,1,gks****,영수증,음식이 맛있어요 | 재료가 신선해요 | 양이 많아요 | 특별한 메뉴가 있어요 | 매장이 넓어요,"안녕하세요, 태안바지락해장국입니다!
맛집으로 찾아와 주셨는데
기대에 부응한 식사가 되었다니 정말 기쁩니다.
깔끔한 해장국과 반찬까지 맛있게 드셔주셔서 감사드리며
태안바지락해장국을 찾아주셔서 감사드립니다.",25.12.16.화
690,693f650b71120a92978595c3,텍스트·콘텐츠형,,두번째 방문이에요 태안 여행올때마다 여기서 아침먹은거 같아요 ㅎ 다른데에서는 먹을수 없는 맛이에요~ 너무 맛있어요,2026-25-12,2026-25-12,25.12.15.월,25.12.15.월,2,여우비8644,영수증,음식이 맛있어요 | 재료가 신선해요 | 매장이 넓어요 | 인테리어가 멋져요,"안녕하세요, 태안바지락해장국입니다!
두 번째 방문해주시고
태안 여행 때마다 아침 식사로 찾아주신다니 정말 감사합니다.
다른 곳에서는 맛볼 수 없는 맛이라고 해주셔서 큰 힘이 되며
태안바지락해장국을 찾아주셔서 감사드립니다.",25.12.16.화
691,693e20aaa026abb7ae045285,텍스트·콘텐츠형,,"태안여행왔는데 먹었던 집 중 제일 맛있었어요
최고입니다 바지락 해장국이 엄청 시원하고 마지막에 다시마식초 넣으니 진짜 감칠맛 깔끔 시원 !! 태안오면 꼭 들를 집이에요",2026-25-12,2026-25-12,25.12.14.일,25.12.14.일,1,미스유86,영수증,음식이 맛있어요 | 재료가 신선해요 | 양이 많아요 | 특별한 메뉴가 있어요,"안녕하세요, 태안바지락해장국입니다!
태안 여행 중 드셨던 곳 중
가장 맛있게 기억해주셔서 정말 감사드립니다.
다시마식초까지 더해 감칠맛과 시원함을 느끼셨다니 기쁘며
태안바지락해장국을 찾아주셔서 감사드립니다.",25.12.16.화
692,693e18677ebf1f4c08b6bdf7,텍스트·콘텐츠형,,"일요일 10시 전후에 혼자 방문했고 다행히 식사할 수 있었어요. 정갈한 반찬, 든든한 해장국, 친절한 종업원 분들. 시래기밥은 2번 이상 리필하는 게 죄송할 정도로 너무 맛있고, 질이 좋아요. 태안에 거주하는 기간 동안 자주 방문하고 싶어요. 저녁 시간에는 먹지 못하는 게 유일한 아쉬운 점이에요.",2026-25-12,2026-25-12,25.12.14.일,25.12.14.일,1,아프리카새,영수증,음식이 맛있어요 | 양이 많아요 | 특별한 메뉴가 있어요 | 반찬이 잘 나와요 | 메뉴 구성이 알차요,"안녕하세요, 태안바지락해장국입니다!
혼자 방문하셨는데도 편안하게 식사하셨다니 다행이고
정갈한 반찬과 든든한 해장국, 시래기밥까지
맛있게 드셔주셔서 정말 감사드립니다.
태안바지락해장국을 찾아주셔서 감사드립니다.",25.12.16.화
693,693cfb9f0c069d621e66e242,텍스트·콘텐츠형,,"바지락해장국은 처음봤는데 
상상하던 국물맛이 아니었고 
근데 엄청 시원하고 깊고 진함 
진~함
바지락향이 나는데 진짜 시원 칼칼 깔끔한 맛 
넘 정신없이 먹다가 식초를 못넣어봤네 ㅠ 

또 들를곳!",2026-25-12,2026-25-12,25.12.13.토,25.12.13.토,1,네모의,영수증,음식이 맛있어요 | 특별한 메뉴가 있어요 | 재료가 신선해요 | 매장이 넓어요 | 매장이 청결해요,"안녕하세요, 태안바지락해장국입니다!
처음 드셔본 바지락 해장국이
예상과는 달랐지만 시원하고 깊은 맛으로 기억되셨다니 기쁩니다.
다음엔 다시마식초까지 꼭 더해 드셔보시길 바라며
태안바지락해장국을 찾아주셔서 감사드립니다.",25.12.16.화
694,693cd9fc52ff24b2baea9feb,텍스트·콘텐츠형,,해장에 딱이네요ㅅㅇ,2026-25-12,2026-25-12,25.12.13.토,25.12.13.토,1,김진철3,영수증,음식이 맛있어요 | 단체모임 하기 좋아요 | 친절해요,"안녕하세요, 태안바지락해장국입니다!
해장에 딱 맞게 드셔주셨다니
저희도 정말 기쁩니다.
언제 드셔도 시원하고 든든한 한 그릇으로 준비하겠습니다.
태안바지락해장국을 찾아주셔서 감사드립니다.",25.12.16.화
695,693d05ec5a523edde72e3c52,텍스트·콘텐츠형,,굿,2026-25-12,2026-25-12,25.12.13.토,25.12.12.금,1,won****,영수증,음식이 맛있어요,"안녕하세요, 태안바지락해장국입니다!
짧은 한마디로도 만족을 전해주셔서
정말 감사드립니다.
언제든 생각날 때 편하게 찾아주세요.
태안바지락해장국을 찾아주셔서 감사드립니다.",25.12.16.화
696,6934e9bbf95d80ca5c119174,텍스트·콘텐츠형,,너무 맛있어요!!!,2026-25-12,2026-25-12,25.12.7.일,25.12.7.일,1,hon****,영수증,음식이 맛있어요 | 재료가 신선해요 | 양이 많아요 | 인테리어가 멋져요,"안녕하세요, 태안바지락해장국입니다!
너무 맛있게 드셨다니
저희에게 큰 힘이 되는 말씀입니다.
앞으로도 변함없는 맛으로 보답하겠습니다.
태안바지락해장국을 찾아주셔서 감사드립니다.",25.12.16.화
697,6934ebd19315c9fc1a76347d,텍스트·콘텐츠형,,평소 즐겨먹는 곳이라 좋아해서 지인들 데리고 왔믄데 맛있다고 해서 좋아요^^,2026-25-12,2026-25-12,25.12.7.일,25.12.7.일,4,소공연,영수증,음식이 맛있어요 | 재료가 신선해요 | 양이 많아요,"안녕하세요, 태안바지락해장국입니다!
평소 즐겨 찾아주시는 곳이라니 더욱 감사한 마음입니다.
소중한 지인분들과 함께 방문하셔서
모두 맛있게 드셨다니 저희도 정말 기쁩니다.
태안바지락해장국을 찾아주셔서 감사드립니다.",25.12.12.금
698,6934db767ac120af53a89cab,텍스트·콘텐츠형,,"태안올때마다 먹는 바지락 해장국 너무맛있어요~
바지락장이랑 바지락고기완자랑 같이먹는것도 너무 좋아요!",2026-25-12,2026-25-12,25.12.7.일,25.12.7.일,1,라아아면,영수증,음식이 맛있어요 | 재료가 신선해요 | 양이 많아요 | 잡내가 적어요 | 현지 맛에 가까워요,"안녕하세요, 태안바지락해장국입니다!
태안에 오실 때마다 찾아주신다니 정말 감사드립니다.
바지락 해장국과 함께 바지락장, 바지락고기완자 조합도 좋게 드셔주셔서 기쁩니다.
태안바지락해장국을 찾아주셔서 감사드립니다.",25.12.12.금
699,6934d3067b10450135263815,텍스트·콘텐츠형,,"진한 해장국에 칼칼한 바지락맛 추가돼서 맛있었습니다.
처음먹는 해장국인데 맛있었습니다. 재방문할게요~",2026-25-12,2026-25-12,25.12.7.일,25.12.7.일,1,아우름1212,영수증,음식이 맛있어요 | 재료가 신선해요 | 특별한 메뉴가 있어요 | 매장이 넓어요,"안녕하세요, 태안바지락해장국입니다!
진한 해장국에 칼칼한 바지락 맛을
맛있게 느껴주셔서 정말 기쁩니다.
처음 드셔보셨는데도 만족해주셔서 감사드리며
태안바지락해장국을 찾아주셔서 감사드립니다.",25.12.12.금
700,6933a657a32e50242d800fa1,텍스트·콘텐츠형,,"밥과 해장국 그리고 정갈한 세 가지 밑반찬이 개인 쟁반에 담겨 나와 깔끔하게 식사할 수 있었습니다. 대접받는 느낌이 들어 좋았어요.
해장국은 뚝배기에 가득 담겨 나왔는데, 국물은 얼큰하고 진해 보였어요.
국물 맛: 첫 입에 느껴지는 바지락의 시원함과 칼칼한 얼큰함이 속을 확 풀어주는 듯했습니다. 태안 바지락이 신선해서인지 국물이 잡내 없이 깔끔하고 깊은 감칠맛을 냈어요.",2026-25-12,2026-25-12,25.12.6.토,25.12.6.토,1,히노아,영수증,음식이 맛있어요 | 재료가 신선해요 | 양이 많아요 | 특별한 메뉴가 있어요 | 인테리어가 멋져요,"안녕하세요, 태안바지락해장국입니다!
정갈한 개인 쟁반 구성으로 깔끔하게 식사하셨다니 기쁘고
대접받는 느낌까지 좋게 받아주셔서 감사합니다.
신선한 태안 바지락의 시원함과 얼큰한 국물 맛을
만족해주셔서 감사드리며 태안바지락해장국을 찾아주셔서 감사드립니다.",25.12.12.금
701,693384c1f6e391212bfc799b,텍스트·콘텐츠형,,사진은 못찍었지만 정말 맛있는 식당이네요. 바지락 해장국 처음으로 먹어봤는데 맛있었습니다,2026-25-12,2026-25-12,25.12.6.토,25.12.6.토,1,너구리맹구,영수증,음식이 맛있어요 | 재료가 신선해요 | 양이 많아요,"안녕하세요, 태안바지락해장국입니다!
사진 없이도 맛있게 기억해주셨다니 정말 감사드립니다.
바지락 해장국을 처음 드셔보셨는데
좋은 인상으로 남으셨다니 저희도 기쁩니다.
태안바지락해장국을 찾아주셔서 감사드립니다.",25.12.12.금
702,693258e4656c4bc4b2aabf09,텍스트·콘텐츠형,,영수증후기 서비스받기 위함이 아닌 찐맛집입니다 태안와서 첫식사 성공입니다 아주훌륭합니당,2026-25-12,2026-25-12,25.12.5.금,25.12.5.금,1,의외의나,영수증,음식이 맛있어요 | 재료가 신선해요 | 양이 많아요 | 특별한 메뉴가 있어요 | 메뉴 구성이 알차요,"안녕하세요, 태안바지락해장국입니다!
영수증 후기 때문이 아닌 진짜 맛으로 인정해주셔서 더욱 감사드립니다.
태안에서의 첫 식사를 만족스럽게 드셨다니 기쁘고
태안바지락해장국을 찾아주셔서 감사드립니다.",25.12.12.금
703,693231c4b873f34bf0ecbe61,텍스트·콘텐츠형,,"처음오는 곳인데 매장 크고 깨끗하고 친절해요
태안 바지락에 얼큰한 국물 끝내주내요
맡반찬도 깔끔해요
사장님도 엄청 친절하시고요
한달에 두번정도 태안에 오는데 아침은 꼭 여기서 먹어야겠어요",2026-25-12,2026-25-12,25.12.5.금,25.12.5.금,1,맛집찾아 여기저기,영수증,음식이 맛있어요 | 재료가 신선해요 | 양이 많아요 | 특별한 메뉴가 있어요 | 가성비가 좋아요,"안녕하세요, 태안바지락해장국입니다!
처음 방문해주셨는데 매장 분위기와 친절함을
좋게 봐주셔서 정말 감사합니다.
태안 바지락의 얼큰한 국물과 깔끔한 반찬까지
만족해주셔서 감사드리며 태안바지락해장국을 찾아주셔서 감사드립니다.",25.12.12.금
704,692e739ccddc099f441a425a,텍스트·콘텐츠형,,,2026-25-12,2026-25-12,25.12.2.화,25.12.2.화,1,삼공주22,영수증,음식이 맛있어요 | 재료가 신선해요 | 양이 많아요 | 주차하기 편해요 | 친절해요,"안녕하세요, 태안바지락해장국입니다!
맛있게 드시고 재료 신선함까지 느껴주셔서 기쁩니다.
양과 주차 편의성, 친절함까지 모두 만족하셨다니 큰 힘이 됩니다.
다음 방문에도 좋은 식사 경험 보답하겠습니다.
태안바지락해장국을 찾아주셔서 감사드립니다.",25.12.3.수
705,692e4c76a293e2a9233af22f,텍스트·콘텐츠형,,"🐎이 필요없는 맛집
🐜친 맛집
🐶지리는 맛집
사장님 센스와 정성은..말해뭐해..!
🍀🫰🍀🫰🍀🫰🍀🫰🍀",2026-25-12,2026-25-12,25.12.2.화,25.12.2.화,1,알음띠,영수증,음식이 맛있어요 | 재료가 신선해요 | 양이 많아요 | 특별한 메뉴가 있어요,"안녕하세요, 태안바지락해장국입니다!
센스 있는 표현들로 이렇게 좋게 말씀해주셔서 정말 감사드립니다.
맛과 정성까지 제대로 느껴주셔서 큰 힘이 됩니다.
다음에도 만족하실 수 있도록 늘 최선을 다하겠습니다.
태안바지락해장국을 찾아주셔서 감사드립니다.",25.12.3.수
706,692cff648fc0a5a9a64b7a57,텍스트·콘텐츠형,,두번째 방문이에요! 너무 맛있아요! 또올게요!,2026-25-12,2026-25-12,25.12.1.월,25.12.1.월,2,푸파짱,영수증,음식이 맛있어요 | 재료가 신선해요 | 양이 많아요,"안녕하세요, 태안바지락해장국입니다!
두번째 방문까지 찾아주셔서 정말 감사합니다.
맛있게 드셨다니 큰 힘이 됩니다.
다음에도 만족하실 수 있도록 정성껏 준비하겠습니다.
태안바지락해장국을 찾아주셔서 감사드립니다.",25.12.3.수
707,6923d509f00437f6648aa8b8,텍스트·콘텐츠형,,"너무맛있게 잘먹었어요
매장도 깔끔하고  직원분도 친절합니다",2026-25-11,2026-25-11,25.11.24.월,25.11.24.월,1,때구리,영수증,음식이 맛있어요 | 재료가 신선해요 | 양이 많아요 | 특별한 메뉴가 있어요 | 매장이 넓어요,"안녕하세요, 태안바지락해장국입니다!
맛있게 드시고 만족하셨다니 기쁩니다.
매장 분위기와 직원 친절함까지 좋게 봐주셔서 감사합니다.
다음 방문에도 좋은 경험 드릴 수 있도록 준비하겠습니다.
태안바지락해장국을 찾아주셔서 감사드립니다.",25.12.3.수
708,692287e8215fbf4a344558eb,텍스트·콘텐츠형,,아이들이랑 맛있게 먹었어요 매울까봐 걱정했는데 안매워서 한그릇씩 뚝딱했어요 미취학아이는 고기완자시켜줬는데 맛있다네요 잘먹었어요^^,2026-25-11,2026-25-11,25.11.23.일,25.11.23.일,1,you****,영수증,음식이 맛있어요 | 매장이 넓어요 | 매장이 청결해요,"안녕하세요, 태안바지락해장국입니다!
아이들이 걱정 없이 맛있게 한 그릇씩 비웠다니 정말 기쁩니다.
고기완자까지 맛있게 드셨다니 더욱 감사드립니다.
가족분들 모두 편하게 드실 수 있도록 늘 정성껏 준비하겠습니다.
태안바지락해장국을 찾아주셔서 감사드립니다.",25.12.3.수
709,6921478ede1a1c0935a3a873,텍스트·콘텐츠형,,"아이들과 맛나게먹고갑니다!
다음엔 부모님모시고올게요",2026-25-11,2026-25-11,25.11.22.토,25.11.22.토,1,티못이,영수증,음식이 맛있어요,"안녕하세요, 태안바지락해장국입니다!
아이들과 맛있게 드시고 가셨다니 정말 기쁩니다.
다음엔 부모님과 함께 방문해주신다면 더욱 정성껏 모시겠습니다.
편안하고 맛있는 한 끼 보답하겠습니다.
태안바지락해장국을 찾아주셔서 감사드립니다.",25.12.3.수
710,69213cdb9e3c2307cd16029c,텍스트·콘텐츠형,,목요일날 휴무날 이라 헛걸음했었는데 오늘 토요일은 재료소진 전에 잘와서 처음 먹어봤어요 칼칼하고 바지락도 엄청 넣어주시고 시래기도 맛있고... 사람도 엄청 많네요ㅎㅎ 태안 올 때마다 와야겠어요!,2026-25-11,2026-25-11,25.11.22.토,25.11.22.토,1,kaj****,영수증,음식이 맛있어요 | 향신료가 강하지 않아요 | 양이 많아요 | 주차하기 편해요 | 대화하기 좋아요,"안녕하세요, 태안바지락해장국입니다!
헛걸음하셨던 날이 있어 아쉬우셨을 텐데 다시 방문해주시고 맛있게 드셨다니 정말 감사합니다.
칼칼한 맛과 바지락, 시래기까지 모두 만족하셨다니 큰 힘이 됩니다.
태안 방문 때마다 찾고 싶어지는 곳이 될 수 있도록 더 정성껏 준비하겠습니다.
태안바지락해장국을 찾아주셔서 감사드립니다.",25.12.3.수
711,691d3c4e12e2ef3d2717a35b,텍스트·콘텐츠형,,"내장탕 너무 맛있네요!!
시원하고 걸죽하니 맛있어요 ㅎㅎㅎ",2026-25-11,2026-25-11,25.11.19.수,25.11.19.수,1,쏘6390,영수증,음식이 맛있어요 | 양이 많아요 | 특별한 메뉴가 있어요,"안녕하세요, 태안바지락해장국입니다!
내장탕의 시원하고 걸쭉한 맛을 만족스럽게 느끼셨다니 기쁩니다.
더 맛있는 한 끼로 보답할 수 있도록 늘 정성껏 준비하겠습니다.
태안바지락해장국을 찾아주셔서 감사드립니다.",25.12.3.수
712,691d2189cee102dfb6bb04be,텍스트·콘텐츠형,,"맛있었습니다
태안맛집추긴예요",2026-25-11,2026-25-11,25.11.19.수,25.11.19.수,1,유후1362,영수증,음식이 맛있어요 | 재료가 신선해요 | 양이 많아요 | 특별한 메뉴가 있어요 | 인테리어가 멋져요,"안녕하세요, 태안바지락해장국입니다!
맛있게 드시고 태안 맛집으로 추천까지 해주셔서 감사합니다.
더 만족스러운 한 끼로 보답할 수 있도록 최선을 다하겠습니다.
태안바지락해장국을 찾아주셔서 감사드립니다.",25.12.3.수
713,69195c573215f04114293dd8,텍스트·콘텐츠형,,"너무 맛있게 잘먹었습니다 ,, 바지락 양도 많고 국물도 시원해서 맛있어요
여태 먹은 해장국 중에 젤 맛있어요",2026-25-11,2026-25-11,25.11.16.일,25.11.16.일,1,황진우70,영수증,음식이 맛있어요 | 재료가 신선해요 | 양이 많아요 | 특별한 메뉴가 있어요 | 가성비가 좋아요,"안녕하세요, 태안바지락해장국입니다!
바지락 양과 시원한 국물까지 만족하셨다니 정말 기쁩니다.
여태 드신 해장국 중 제일 맛있었다는 말씀 큰 힘이 됩니다.
다음 방문에도 좋은 식사로 보답하겠습니다.
태안바지락해장국을 찾아주셔서 감사드립니다.",25.12.3.수
714,69195a2da42986dcfc93fd39,텍스트·콘텐츠형,,"너무맛있어요
태안오면
계속먹을것같아요",2026-25-11,2026-25-11,25.11.16.일,25.11.16.일,1,jwy****,영수증,음식이 맛있어요 | 재료가 신선해요,"안녕하세요, 태안바지락해장국입니다!
맛있게 드시고 이렇게 말씀해주셔서 정말 감사합니다.
태안 오실 때마다 생각나는 곳이 될 수 있도록 늘 정성껏 준비하겠습니다.
또 방문해주시면 기쁜 마음으로 모시겠습니다.
태안바지락해장국을 찾아주셔서 감사드립니다.",25.12.3.수
715,6919509ec520bdf2d2ecdbeb,텍스트·콘텐츠형,,정말 맛있네요. 태안 찍 맛집어네요!!!,2026-25-11,2026-25-11,25.11.16.일,25.11.16.일,1,ddi****,영수증,음식이 맛있어요 | 재료가 신선해요,"안녕하세요, 태안바지락해장국입니다!
맛있게 드시고 좋은 말씀까지 남겨주셔서 감사합니다.
태안에서 찾는 맛집으로 기억해주셨다니 큰 힘이 됩니다.
다음에도 만족하실 수 있도록 정성껏 준비하겠습니다.
태안바지락해장국을 찾아주셔서 감사드립니다.",25.12.3.수
716,69198ab23d28f4ef8dfe8018,텍스트·콘텐츠형,,"바지락해장국 이름부터 너무 궁금해서 방문했어요!!
전날 놀러와서 술한잔하고 다음날 첫끼로 방문했는데 말 그대로 해장하기 너무 좋았습니다!! 해장끝판왕🔥
거기에 같이 나오는 반찬들도 직접 만드셨는지 나갈때 따로 구매가 가능하더라구요!!
같이 나온 바지락장이 특색있고 맛있었어요!!
✨해장으로 강추✨",2026-25-11,2026-25-11,25.11.16.일,25.11.16.일,1,예르다짱,영수증,음식이 맛있어요 | 재료가 신선해요 | 특별한 메뉴가 있어요 | 현지 맛에 가까워요 | 매장이 넓어요,"안녕하세요, 태안바지락해장국입니다!
해장하기 좋았다는 말씀에 정말 큰 힘이 됩니다.
반찬과 바지락장까지 맛있게 즐겨주셔서 감사합니다.
다음 방문에도 속 편한 한 끼로 보답하겠습니다.
태안바지락해장국을 찾아주셔서 감사드립니다.",25.12.3.수
717,69193d5c7693a85fbdd07c30,텍스트·콘텐츠형,,바지락 해장국 처음 먹어보는데 국물이 아주 시원하면서도 깔끔합니다. 시래기밥도 바지락장에 비벼먹었는데 국물하고 조합이 잘 맞았습니다. 아기동반해서 방문했는데 의자도 잘 챙겨주시고 감사했습니다.,2026-25-11,2026-25-11,25.11.16.일,25.11.16.일,1,lh****,영수증,음식이 맛있어요 | 특별한 메뉴가 있어요 | 가성비가 좋아요,"안녕하세요, 태안바지락해장국입니다!
처음 드신 바지락해장국이 시원하고 깔끔하게 맞으셨다니 정말 기쁩니다.
시래기밥과 바지락장의 조합까지 만족해주셔서 감사합니다.
아기와 편하게 식사하실 수 있었다니 다행입니다.
태안바지락해장국을 찾아주셔서 감사드립니다.",25.12.3.수
718,691a7b7d79f21ac212875cb5,텍스트·콘텐츠형,,태안으로 여행왔다가 해장하려고 찾았는데 진짜 장난아닙니다 한달 전에 먹은 술도 싹 빠지는듯한 해장을 했습니다 앞으로 태안 여행오면 무조건 여기서 해장하고 집가렵니다,2026-25-11,2026-25-11,25.11.17.월,25.11.16.일,1,리뷰의신라면,결제내역,음식이 맛있어요 | 재료가 신선해요 | 양이 많아요 | 인테리어가 멋져요 | 매장이 넓어요,"안녕하세요, 태안바지락해장국입니다!
해장 제대로 되셨다는 말씀에 큰 힘이 됩니다.
여행 중 들러주시고 좋은 경험 남겨주셔서 감사합니다.
태안 오실 때마다 편하게 해장하실 수 있도록 늘 정성껏 준비하겠습니다.
태안바지락해장국을 찾아주셔서 감사드립니다.",25.12.3.수
719,691816df1264f2758b4253c4,텍스트·콘텐츠형,,"태안여행와서찾은 바지락해장국집!
전날 조금 피곤했던 몸이었는데, 뜨끈한 해장국 한 그릇이진짜 속을 따뜻하게 감싸주는 느낌이었어요~과하게 자극적이지 않고 깔끔하면서도 시원하게 풀리는 그 맛!
특히 해장용으로는 정말 딱이이예요~태안여행오면 꼭한번들려보세요~",2026-25-11,2026-25-11,25.11.15.토,25.11.15.토,1,룰루랄라4083,영수증,음식이 맛있어요 | 재료가 신선해요 | 양이 많아요 | 특별한 메뉴가 있어요,"안녕하세요, 태안바지락해장국입니다!
뜨끈한 해장국이 여행 중 속에 딱 맞으셨다니 정말 기쁩니다.
자극적이지 않으면서 시원하게 풀린다는 말씀 큰 힘이 됩니다.
태안 오실 때마다 편하게 드실 수 있도록 늘 정성껏 준비하겠습니다.
태안바지락해장국을 찾아주셔서 감사드립니다.",25.12.3.수
720,6917fe5384449c691c299e86,텍스트·콘텐츠형,,"국물 넘 맛있고 얼큰해서 해장 제대로에요👍
태안오면 꼭 방문해야하는 바지락 해장국집입니다!!",2026-25-11,2026-25-11,25.11.15.토,25.11.15.토,1,수수8324,영수증,음식이 맛있어요 | 특별한 메뉴가 있어요 | 매장이 넓어요 | 친절해요 | 매장이 청결해요,"안녕하세요, 태안바지락해장국입니다!
얼큰한 국물이 해장에 제대로 도움이 되었다니 정말 기쁩니다.
태안 오실 때 꼭 찾아야 할 곳으로 기억해주셔서 감사드립니다.
다음 방문에도 만족하실 수 있도록 정성껏 준비하겠습니다.
태안바지락해장국을 찾아주셔서 감사드립니다.",25.12.3.수
721,69115824e0ac82edbf6e6c5e,텍스트·콘텐츠형,,"바지락해장국 생소했는데 너무 맛있어용
특히 바지락내장탕 완전 강추👍🏻 잡내도 안나고 얼큰하고 맛있습니당",2026-25-11,2026-25-11,25.11.10.월,25.11.10.월,1,kij****,영수증,음식이 맛있어요 | 양이 많아요 | 매장이 넓어요 | 매장이 청결해요 | 주차하기 편해요,"안녕하세요, 태안바지락해장국입니다!
처음 접하신 메뉴를 맛있게 즐겨주셔서 정말 기쁩니다.
바지락내장탕의 얼큰한 맛과 깔끔함을 좋게 봐주셔서 감사드립니다.
앞으로도 신선한 재료와 정성으로 보답하겠습니다.
태안바지락해장국을 찾아주셔서 감사드립니다.",25.11.14.금
722,69114f8aad68c108551aadfa,텍스트·콘텐츠형,,"바닷가 나들이 하고 돌아가기전 해장 하기 딱좋습니다~!! 
맛있고 깔끔해서 좋아요  ㅎㅎ",2026-25-11,2026-25-11,25.11.10.월,25.11.10.월,1,늉8089,영수증,음식이 맛있어요 | 재료가 신선해요 | 특별한 메뉴가 있어요 | 매장이 넓어요 | 친절해요,"안녕하세요, 태안바지락해장국입니다!
나들이 후에 들러주셔서 감사드립니다.
깔끔하고 맛있게 드셨다니 기쁩니다.
앞으로도 여행길의 든든한 한 끼로 보답하겠습니다.
태안바지락해장국을 찾아주셔서 감사드립니다.",25.11.14.금
723,69113fa16142fb1a1fe37493,텍스트·콘텐츠형,,"태안여행와서 첫끼로 해장국 맛있다고 해서 왔는데
진짜 국물도 진하고 시원하고 맛있네요~ 시래기랑 바지락이 듬뿍 들어가서 든든하고 시래기밥의 풍미도 미쳤어요~",2026-25-11,2026-25-11,25.11.10.월,25.11.10.월,1,연숭냥,영수증,음식이 맛있어요 | 재료가 신선해요 | 친절해요 | 주차하기 편해요,"안녕하세요, 태안바지락해장국입니다!
여행의 첫 식사로 저희 매장을 선택해 주셔서 감사드립니다.
진하고 시원한 국물 맛과 시래기밥의 풍미까지 만족하셨다니 정말 기쁩니다.
앞으로도 든든하고 맛있는 한 끼로 보답하겠습니다.
태안바지락해장국을 찾아주셔서 감사드립니다.",25.11.14.금
724,691019ead32562b5a70472d3,텍스트·콘텐츠형,,"음식이 깔끔하고 맛있어요!!
다음에 또 와야겠어요😁",2026-25-11,2026-25-11,25.11.9.일,25.11.9.일,1,Ollie,영수증,음식이 맛있어요 | 재료가 신선해요 | 양이 많아요,"안녕하세요, 태안바지락해장국입니다!
깔끔한 맛을 좋게 봐주셔서 감사드립니다.
다음에도 찾아주신다니 큰 힘이 됩니다.
언제 오셔도 만족하실 수 있도록 정성과 맛으로 보답하겠습니다.
태안바지락해장국을 찾아주셔서 감사드립니다.",25.11.14.금
725,690ff73bffc74abf568e0c36,텍스트·콘텐츠형,,,2026-25-11,2026-25-11,25.11.9.일,25.11.9.일,1,미니8039,영수증,음식이 맛있어요 | 인테리어가 멋져요 | 매장이 청결해요,"안녕하세요, 태안바지락해장국입니다!
사진과 함께 멋진 후기 남겨주셔서 감사드립니다.
음식 맛과 인테리어, 청결함까지 만족하셨다니 정말 기쁩니다.
앞으로도 편안하고 맛있는 식사 공간으로 보답하겠습니다.
태안바지락해장국을 찾아주셔서 감사드립니다.",25.11.14.금
726,690ff022163645e99e000565,텍스트·콘텐츠형,,맛있어요~ 해장에 완전 좋아요~ 바지락 인심 좋아요~,2026-25-11,2026-25-11,25.11.9.일,25.11.9.일,1,yun****,영수증,음식이 맛있어요 | 재료가 신선해요 | 양이 많아요 | 매장이 넓어요 | 주차하기 편해요,"안녕하세요, 태안바지락해장국입니다!
맛있게 드시고 해장에 좋다고 해주셔서 정말 기쁩니다.
바지락의 넉넉한 인심까지 느껴주셔서 감사드립니다.
앞으로도 든든한 한 끼로 보답하겠습니다.
태안바지락해장국을 찾아주셔서 감사드립니다.",25.11.14.금
727,690fde92589c3c9d0e2099b0,텍스트·콘텐츠형,,아침인데 손님이 많네요..위치도좋고 맛도좋아요,2026-25-11,2026-25-11,25.11.9.일,25.11.9.일,1,jaj****,영수증,음식이 맛있어요 | 재료가 신선해요 | 양이 많아요 | 가성비가 좋아요 | 매장이 넓어요,"안녕하세요, 태안바지락해장국입니다!
이른 시간에도 방문해 주셔서 감사드립니다.
맛과 위치 모두 만족하셨다니 기쁩니다.
항상 아침부터 든든한 한 끼로 보답하겠습니다.
태안바지락해장국을 찾아주셔서 감사드립니다.",25.11.14.금
728,690ffa8725c935d59c04ac2c,텍스트·콘텐츠형,,"바지락해장국을 처음 먹어봤어요
국물이 빨간데 깔끔하고 얼큰한국물맛에 시래기까지 있어좋고, 나오는 반찬을 왜 포장판매하시는지 알겠더라구요
바지락장도 비리지않고 고소하게 밥에 비벼먹어 맛있어요
밥은 1인1식주문시 리필시되요

포장이 안되는게 너무 안타깝습니다
그래도 소문 내려합니다",2026-25-11,2026-25-11,25.11.9.일,25.11.9.일,1,클럽596펜션7,영수증,음식이 맛있어요 | 재료가 신선해요 | 특별한 메뉴가 있어요 | 친절해요 | 주차하기 편해요,"안녕하세요, 태안바지락해장국입니다!
처음 드신 바지락해장국을 맛있게 즐겨주셔서 정말 기쁩니다.
깔끔하고 얼큰한 국물 맛과 반찬, 바지락장까지 좋게 봐주셔서 감사드립니다.
포장 관련 아쉬운 부분도 참고하겠습니다.
소문내 주신다니 더 큰 힘이 되며, 앞으로도 정성과 맛으로 보답하겠습니다.
태안바지락해장국을 찾아주셔서 감사드립니다.",25.11.14.금
729,690edd592a07674f9735fe87,텍스트·콘텐츠형,,"웨이팅 있어서 조금 기다리긴했지만 양도 많고 반찬들이 전체적으로 짜지않고 맛있습니다. 사장님도 친절하시고 가게 인테리어나 쟁반에 담겨나오는것, 깔끔한 유니폼과 매장청결상태 등등 모두 마음에 들었어요!!
마지막 내장탕을 주문해서 먹는 행운까지ㅋㅋ재방문의사 10000%있습니다.",2026-25-11,2026-25-11,25.11.8.토,25.11.8.토,1,박지17,영수증,음식이 맛있어요 | 재료가 신선해요,"안녕하세요, 태안바지락해장국입니다!
기다림에도 불구하고 좋은 마음으로 방문해 주셔서 감사드립니다.
푸짐한 양과 정갈한 반찬, 그리고 매장 청결과 서비스까지 세심히 봐주셔서 정말 기쁩니다.
내장탕까지 맛있게 드시고 만족하셨다니 큰 보람이 됩니다.
다음 방문에도 한결같은 맛과 정성으로 보답하겠습니다.
태안바지락해장국을 찾아주셔서 감사드립니다.",25.11.14.금
730,6a06c80aa57ebc1ed7db85dd,텍스트·콘텐츠형,,맛있어요.,2026-05-15,2026-25-11,5.15.금,25.11.8.토,1,soga****,영수증,음식이 맛있어요 | 매장이 넓어요,"안녕하세요, 태안바지락해장국입니다!
저희 가게를 찾아주시고 좋은 평가 남겨주셔서 감사합니다! 
매일 아침 엄선한 싱싱한 바지락으로 국물을 내고 있는데 그 진심을 알아봐 주신 것 같아 기쁩니다. 
언제 오셔도 한결같은 맛으로 보답하겠습니다. 늘 건강하시고 행복하세요!",5.19.화
731,690d477a6fa125a52b3efe15,텍스트·콘텐츠형,,"바지락 해장국
바지락탕이 아닌 해장국이라고 이름을.붙인
이유가있습니다.
육수가 고기 육수인지 몰라도 바지락의 시원함과
우거지가 만나니 맛이 아주. .쥑입니다 ㅋ ㅋ
거기에 바지락장이 압도적입니다.
그냥 밥한공기
더.시키세요. 그게 정답입니다! ㅋ ㅋ",2026-25-11,2026-25-11,25.11.7.금,25.11.7.금,1,알려주는남자,영수증,음식이 맛있어요 | 재료가 신선해요 | 양이 많아요 | 매장이 넓어요 | 친절해요,"안녕하세요, 태안바지락해장국입니다!
정성 가득한 후기 덕분에 저희도 미소 짓게 됩니다.
바지락의 시원함과 우거지의 깊은 맛을 잘 느껴주셔서 정말 기쁩니다.
바지락장까지 맛있게 즐겨주셔서 감사드리며, 다음 방문에도 한결같은 맛으로 보답하겠습니다.
태안바지락해장국을 찾아주셔서 감사드립니다.",25.11.14.금
732,69097b25e245edf5d34a6947,텍스트·콘텐츠형,,"색다른 맛을 느끼고 싶다면 방문을 추천드립니다.
매장이 넓고 깨끗합니다",2026-25-11,2026-25-11,25.11.4.화,25.11.4.화,1,목소리185,결제내역,음식이 맛있어요 | 인테리어가 멋져요 | 매장이 넓어요 | 친절해요 | 매장이 청결해요,,
733,6906e972cd738e9568d1f08d,텍스트·콘텐츠형,,얼큰하니 맛있어요~,2026-25-11,2026-25-11,25.11.2.일,25.11.2.일,1,cb****,영수증,음식이 맛있어요,,
734,6906dffdc9294d888fdb9865,텍스트·콘텐츠형,,"친구랑 술 거하게 먹고 해장하러 왔는데 바로 해장 완료
엄청 맛있고 다음 태안 여행에도 무조건 여기 올거에요.",2026-25-11,2026-25-11,25.11.2.일,25.11.2.일,1,kmerry02,영수증,음식이 맛있어요 | 양이 많아요 | 가성비가 좋아요 | 잡내가 적어요 | 메뉴 구성이 알차요,"안녕하세요, 태안바지락해장국입니다!
속이 풀리셨다니 정말 다행입니다.
맛있게 드시고 다음 태안 여행에도 다시 찾아주신다니 큰 힘이 됩니다.
늘 시원하고 든든한 한 끼로 보답하겠습니다.
태안바지락해장국을 찾아주셔서 감사드립니다.",25.11.4.화
735,6906d7c627276ba8f2bc8446,텍스트·콘텐츠형,,"바지락 해장국이라고해서 어떤걸까 궁금했는데, 개운하고 깔끔했습니다. 정갈한반찬으로 따로구매도 가능했습니다 . 또 방문예정입니다 !",2026-25-11,2026-25-11,25.11.2.일,25.11.2.일,1,Lee화,영수증,음식이 맛있어요 | 재료가 신선해요 | 특별한 메뉴가 있어요 | 친절해요 | 매장이 청결해요,"안녕하세요, 태안바지락해장국입니다!
바지락해장국의 개운한 맛과 정갈한 반찬을 좋게 봐주셔서 감사합니다.
다음에도 찾아주신다니 큰 힘이 됩니다.
항상 깔끔하고 맛있는 한 끼로 보답하겠습니다.
태안바지락해장국을 찾아주셔서 감사드립니다.",25.11.4.화
736,6906bd8ef058a538385358c8,텍스트·콘텐츠형,,여행와서 아침으로 해장겸 들렸어요. 양도 푸짐하고 너무 맛있어요. 1일 30그릇 한정 내장탕 꼭 꼭 추천!!!!,2026-25-11,2026-25-11,25.11.2.일,25.11.2.일,1,공꼬꼬,영수증,음식이 맛있어요 | 양이 많아요 | 특별한 메뉴가 있어요 | 매장이 넓어요 | 친절해요,"안녕하세요, 태안바지락해장국입니다!
여행길 아침에 찾아주셔서 감사드립니다.
푸짐한 양과 맛에 만족하셨다니 기쁩니다.
특히 바지락내장탕을 추천해 주셔서 감사드리며, 앞으로도 진한 맛과 정성으로 보답하겠습니다.
태안바지락해장국을 찾아주셔서 감사드립니다.",25.11.4.화
737,6908051d721fc64ceacc6dbc,텍스트·콘텐츠형,,"토요일 저녁부터 바람이 너무 심하게 불어 일요일 아침 일찍 캠핑장 철수 후 아침으로 찾은 태안바지락해장국 입니다.
네이버 서칭 해서 찾은 곳인데..여기 맛집이네요!!
해장국이 끝내줍니다^^  전 바지락 내장탕 주문했는데..
바지락에 시원한함과 내장의 고소함이 만나니 풍미가 아주 좋더라구요ㅎㅎ
제가 10시쯤  넘어서 도착했는데 10분후부터 대기였습니다~~
참고 하시고 특색있는 해장국 찾으시는 분들께 추천 드립니다♡",2026-25-11,2026-25-11,25.11.3.월,25.11.2.일,1,소소짱11,결제내역,음식이 맛있어요 | 특별한 메뉴가 있어요 | 매장이 청결해요,"안녕하세요, 태안바지락해장국입니다!
캠핑 후 아침 식사로 저희 매장을 찾아주셔서 감사드립니다.
바지락내장탕의 시원함과 고소한 풍미를 좋게 봐주셔서 정말 기쁩니다.
대기 시간에도 즐겁게 기다려주셔서 감사드리며, 앞으로도 특별한 해장 한 끼로 보답하겠습니다.
태안바지락해장국을 찾아주셔서 감사드립니다.",25.11.4.화
738,6906aad254ff68a72334be8d,텍스트·콘텐츠형,,"일찍 오픈이라 여행하면서 아침으로 먹으려고 들린 곳인데 너무 맛있었어요! 아이들 식기와 김, 흰밥까지 얘기 안 해도 챙겨주셔서 너무 감사했어요.👍👍 바지락고기완자도 아이들이 맛있다고 엄청 잘 먹었답니다~! 태안 오면 또 올 거예요~~~!",2026-25-11,2026-25-11,25.11.2.일,25.11.2.일,1,빨강아네모네,영수증,음식이 맛있어요 | 재료가 신선해요 | 메뉴 구성이 알차요 | 매장이 청결해요 | 아이와 가기 좋아요,"안녕하세요, 태안바지락해장국입니다!
여행 중 아침 식사로 들러주셔서 진심으로 감사드립니다.
아이들과 함께 맛있게 드셨다니 정말 기쁩니다.
작은 부분까지 편히 식사하실 수 있도록 챙겨드리려 노력하고 있는데, 이렇게 따뜻하게 봐주셔서 큰 힘이 됩니다.
다음 태안 여행에서도 만족하실 수 있도록 정성과 맛으로 보답하겠습니다.
태안바지락해장국을 찾아주셔서 감사드립니다.",25.11.4.화
739,6906a316bc5033fbe11612ee,텍스트·콘텐츠형,,"항상지나가는길에 들리고싶었는데
와..너무맛있어요 진짜 저만알고 싶은집이예요
반 ㅏㄴ도너무맛있어요",2026-25-11,2026-25-11,25.11.2.일,25.11.2.일,1,gmldud6433,영수증,음식이 맛있어요 | 재료가 신선해요 | 양이 많아요 | 친절해요 | 매장이 청결해요,"안녕하세요, 태안바지락해장국입니다!
지나가시다 들러주셔서 감사드리고, 맛있게 드셨다니 정말 기쁩니다.
저희를 ‘저만 알고 싶은 집’이라 말씀해 주시다니 큰 힘이 됩니다.
반찬까지 맛있게 즐겨주셔서 감사드리며, 앞으로도 변함없는 맛과 정성으로 보답하겠습니다.
태안바지락해장국을 찾아주셔서 감사드립니다.",25.11.4.화
740,6905e7c3459e34f71603c00d,텍스트·콘텐츠형,,"반찬으로 젓갈 나오는 부분이 좋았습니다.
바지락고기완자는 추천입니다.

그러나 바지락해장국의 바지락은  냉동인 듯 하여 맛이 강하지 않았고  국물은  msg 가 지나쳐 좀 불편하였습니다.",2026-25-11,2026-25-11,25.11.1.토,25.11.1.토,1,loanstar,영수증,특별한 메뉴가 있어요,"안녕하세요, 태안바지락해장국입니다.
자세한 의견 남겨주셔서 진심으로 감사드립니다.
바지락고기완자와 반찬 부분을 좋게 봐주셔서 기쁘며,
말씀해주신 부분은 꼼꼼히 점검하여 더 나은 맛으로 보답드릴 수 있도록 하겠습니다.
앞으로도 정성과 개선으로 찾아주시는 분들께 만족을 드릴 수 있도록 최선을 다하겠습니다.
태안바지락해장국을 찾아주셔서 감사드립니다.",25.11.4.화
741,690582260ebe97546c6f1916,텍스트·콘텐츠형,,,2026-25-11,2026-25-11,25.11.1.토,25.11.1.토,1,어머니의힘,영수증,음식이 맛있어요 | 재료가 신선해요 | 특별한 메뉴가 있어요,"안녕하세요, 태안바지락해장국입니다!
좋은 평가와 따뜻한 말씀 감사드립니다.
신선한 재료와 정성으로 특별한 한 끼를 드릴 수 있었다니 기쁩니다.
앞으로도 변함없는 맛과 진심으로 보답하겠습니다.
태안바지락해장국을 찾아주셔서 감사드립니다.",25.11.4.화
742,690566facc0f0d1cfd69b8c0,텍스트·콘텐츠형,,"바지락해장국도 얼큰하고 맛나고 특히 곤드레밥이 맛있어요
밥은 더 주신데요",2026-25-11,2026-25-11,25.11.1.토,25.11.1.토,1,whi****,영수증,음식이 맛있어요 | 매장이 넓어요,,
743,69055ca3fc97296061bb48ab,텍스트·콘텐츠형,,여행지 맛집 찾다가 들린곳인데 태안올때마다 와야하는 각입니다~~30그릇한정 내장탕도 완자도 다 너무너무 맛있고 최고네요.,2026-25-11,2026-25-11,25.11.1.토,25.11.1.토,1,km20330,영수증,재료가 신선해요 | 음식이 맛있어요 | 특별한 메뉴가 있어요 | 메뉴 구성이 알차요 | 인테리어가 멋져요,,
744,69041dc0bf9e794a42e532de,텍스트·콘텐츠형,,태안오면 꼭 먹어야 할 음식 !!,2026-25-10,2026-25-10,25.10.31.금,25.10.31.금,5,한송0l,영수증,음식이 맛있어요,,
745,6901744d22e60eadcd4cd28b,텍스트·콘텐츠형,,태안여행와서 새로운 해장국을먹어봅니다 깔끔.친절.맛 삼박자가 딱맞는 곳이에요 태안여행시 강추 목요일휴무,2026-25-10,2026-25-10,25.10.29.수,25.10.29.수,1,바쿄야,영수증,음식이 맛있어요 | 재료가 신선해요 | 친절해요 | 매장이 청결해요 | 주차하기 편해요,,
746,69003e8fac1db2daaedc9fef,텍스트·콘텐츠형,,"태안에 출장와서 맛집부터 찾았어요
100키로넘게 달려오고 일하느라
허기졌거든요😂
시래기밥과 해장국의 조화가👍
사람이 많은 이유를 알겠네요~
친절하시고 맛도좋은 집은 오랫만이라 리뷰남깁니다!",2026-25-10,2026-25-10,25.10.28.화,25.10.28.화,1,11yj11,영수증,재료가 신선해요 | 양이 많아요 | 매장이 넓어요,,
747,68fec012a534189c8c57c151,텍스트·콘텐츠형,,"음식이 엄청 깔끔하고 맛있어요. ""해장의 성지"" 타이틀을 내세우고 계신데 진짜 쏘주 한잔 땡기고싶은 맛입니다 ㅎㅎ 바지락 해장국이 어떨까~ 반신반의 하고 왔는데 대성공이에요. 태안 올때마다 들려야겠어요.",2026-25-10,2026-25-10,25.10.27.월,25.10.27.월,1,용인김기사,영수증,음식이 맛있어요 | 재료가 신선해요 | 매장이 청결해요 | 주차하기 편해요,,
748,68fdbd379233fd0a1b9029d4,텍스트·콘텐츠형,,"매우 친절하고 깨끗 정갈합니다
내장탕은 진한 짬뽕같고 해장국은 좀 더 깔끔한 맛",2026-25-10,2026-25-10,25.10.26.일,25.10.26.일,1,렁이52,영수증,음식이 맛있어요 | 재료가 신선해요 | 양이 많아요 | 친절해요 | 주차하기 편해요,,
749,68fddc7372bd83622af73c99,텍스트·콘텐츠형,,얼큰 칼칼하고 찐한 국물맛이 일품이네요~~ 바지락이랑 시래기가 이렇게 잘 어울리는지 처음 알았네요 그리고 바지락 고기완자 진짜 별미니까 이것도 꼭 주문하세요 아이들 먹기도 좋고 어른들도 좋아할맛이라 호불호가 없어요~~ 다음에 여행오면 꼭 재방문할거에요,2026-25-10,2026-25-10,25.10.26.일,25.10.26.일,1,일상저장중,영수증,음식이 맛있어요 | 재료가 신선해요 | 양이 많아요 | 가성비가 좋아요 | 친절해요,"안녕하세요, 태안바지락해장국입니다!
얼큰하고 진한 국물 맛을 좋게 봐주셔서 감사드립니다.
바지락과 시래기의 조합을 맛있게 즐겨주셔서 기쁘고, 고기완자까지 별미로 느껴주셔서 더욱 힘이 됩니다.
다음 여행 때 다시 찾아주신다면 변함없는 맛과 정성으로 보답하겠습니다.
태안바지락해장국을 찾아주셔서 감사드립니다.",25.11.14.금
750,68fd7c04e8a61a4e39fb8825,텍스트·콘텐츠형,,국물이 진짜 시원하고 깔끔해요! 바지락도 푸짐하게 들어 있어서 해감도 잘 되어 비린맛 하나도 없었어요. 숙취 때문에 먹었는데 속이 확 풀리네요. 반찬도 정갈하고 전체적으로 만족스러웠습니다. 재방문 의사 100%!,2026-25-10,2026-25-10,25.10.26.일,25.10.26.일,1,123456789024,영수증,음식이 맛있어요 | 재료가 신선해요 | 양이 많아요 | 반찬이 잘 나와요 | 메뉴 구성이 알차요,,
751,68fd755f912d0952163eafc4,텍스트·콘텐츠형,,"맛집은 늘 실패했었는데 여기는 맛있고 매장도 청결하고 좋았어요 ! 태안 놀러 갈때마다 해장하러 갈것같아용 
태안에서 놀구 가보시는거 추천 ❤️",2026-25-10,2026-25-10,25.10.26.일,25.10.26.일,1,thd****,영수증,음식이 맛있어요 | 잡내가 적어요 | 메뉴 구성이 알차요 | 친절해요 | 화장실이 깨끗해요,,
752,68fd697806896f8d1f9cc074,텍스트·콘텐츠형,,"어머님이 매운거 못드시는데 덜맵게도 가능하고
정말맛있어서 가족들이 만족했어요!
태안오면 꼭 먹어봐야할집같아요
부모님도 정말맛집이라고 모두엄지척하며 먹었어요!
사장님 오래오래 장사하셔요🩷",2026-25-10,2026-25-10,25.10.26.일,25.10.26.일,1,win****,영수증,음식이 맛있어요 | 재료가 신선해요 | 양이 많아요 | 특별한 메뉴가 있어요,,
753,6906b60f809d75d19cf6e26f,텍스트·콘텐츠형,,태안 여행길 맛집,2026-25-11,2026-25-10,25.11.2.일,25.10.25.토,1,sJuN,영수증,음식이 맛있어요,,
754,68fc60475524116d9aa6f4d3,텍스트·콘텐츠형,,"지난번에 왔다가 재료소진으로 못먹고가서 이번에 다시 들렀습니다. 바지락해장국이 정말 진국입니다
태안오셔서 꼭 한번 드셔보세요!!!!",2026-25-10,2026-25-10,25.10.25.토,25.10.25.토,1,미야옹63,영수증,음식이 맛있어요 | 재료가 신선해요 | 양이 많아요 | 특별한 메뉴가 있어요 | 매장이 넓어요,,
755,68fc85f0d1098864f398932c,텍스트·콘텐츠형,,,2026-25-10,2026-25-10,25.10.25.토,25.10.25.토,1,특별93,영수증,음식이 맛있어요,,
756,68fc16dfd2f95528f9ee1007,텍스트·콘텐츠형,,해장국에 바지락도 많고 해감도 잘되서 좋아요. 화장실도 깨끗하고 다먹고 사진은 못찍었지만 다먹었네요. 다음 태안 여행때 다시 방문예정입니다.,2026-25-10,2026-25-10,25.10.25.토,25.10.25.토,1,한빛별호야63,영수증,음식이 맛있어요 | 재료가 신선해요 | 매장이 넓어요 | 화장실이 깨끗해요 | 매장이 청결해요,,
757,68f85b9fd1f299a1c7d6435e,텍스트·콘텐츠형,,"태안꽃축제 보러가는길에 점심식사했습니다.
바지락해장국은 처음 들어봤지만 이름 듣기만 해도 이 계절에 너무 구미가 당겼어요!
기대했던 그대로 정말 맛있게 먹었습니다. 얼큰한 편인데 맵찔이인 저희 부부 입맛에 맛있게 매웠고요, 바지락 완자랑 조합도 훌륭했어요. 같이 먹으니까 명절전찌개생각도 났습니다. 다시 오고 싶어요^^",2026-25-10,2026-25-10,25.10.22.수,25.10.22.수,1,곰푸인천,영수증,음식이 맛있어요 | 재료가 신선해요 | 양이 많아요 | 특별한 메뉴가 있어요 | 매장이 넓어요,,
758,68f8306af757f45a15812634,텍스트·콘텐츠형,,친절하시고 매장도 깔끔하고 해장국도 깔끔해서 잘 먹었습니다~,2026-25-10,2026-25-10,25.10.22.수,25.10.22.수,2,kissssin146,영수증,재료가 신선해요 | 매장이 넓어요 | 혼밥하기 좋아요 | 친절해요 | 매장이 청결해요,,
759,68f47d4a1f7d3e765d5685aa,텍스트·콘텐츠형,,진짜 맛잇어요 조개 꺼끌꺼끌한것도없고 두가지 다 시켯는데 잘 먹엇어용 미취학아이는 밥이랑 김도주시더라구요 ㅎ 잘 먹엇습니다,2026-25-10,2026-25-10,25.10.19.일,25.10.19.일,1,소둥소둥해,영수증,음식이 맛있어요 | 재료가 신선해요 | 양이 많아요 | 특별한 메뉴가 있어요 | 가성비가 좋아요,"안녕하세요, 태안바지락해장국입니다!
좋은 말씀 남겨주셔서 진심으로 감사드립니다.
조개의 식감부터 아이를 위한 밥과 김 서비스까지 만족하셨다니 기쁩니다.
온 가족이 편히 즐기실 수 있는 식사 시간이 되셨다니 더욱 보람됩니다.
앞으로도 따뜻한 정성과 맛으로 보답하겠습니다.
태안바지락해장국을 찾아주셔서 감사드립니다.",25.10.20.월
760,68f46d9d3bc7324d7841391e,텍스트·콘텐츠형,,"반찬이 정갈하고 맛있네요
해장국은 생각한것이랑 다르게 진한 국물이네요. 
조개의 깔끔함보다는 진한맛이 강조되는 맛이예요. 
홀이 울려서 그런지 음악 저음소리가 너무 크게들려서 좀 정신 없었어여 ㅎㅎ 
고기완자 너무 맛있네요!",2026-25-10,2026-25-10,25.10.19.일,25.10.19.일,1,wisdomw38,영수증,음식이 맛있어요 | 특별한 메뉴가 있어요 | 양이 많아요,"안녕하세요, 태안바지락해장국입니다!
세심한 후기 남겨주셔서 감사드립니다.
진한 국물 맛과 고기완자를 맛있게 즐겨주셨다니 기쁩니다.
홀 음악 부분은 더 쾌적한 식사 환경을 위해 참고하겠습니다.
앞으로도 정성과 맛으로 만족스러운 한 끼를 전해드리겠습니다.
태안바지락해장국을 찾아주셔서 감사드립니다.",25.10.20.월
761,68f46491275fef3bc3d03d39,텍스트·콘텐츠형,,해장국도 얼큰하고 고기완자도 맛있어요~,2026-25-10,2026-25-10,25.10.19.일,25.10.19.일,1,희망997,영수증,음식이 맛있어요 | 인테리어가 멋져요 | 친절해요,"안녕하세요, 태안바지락해장국입니다!
얼큰한 해장국과 고기완자까지 맛있게 즐겨주셔서 감사합니다.
좋은 말씀에 힘입어 앞으로도 든든한 한 끼로 보답하겠습니다.
태안바지락해장국을 찾아주셔서 감사드립니다.",25.10.20.월
762,68f458fc7b7678ab0b6dc695,텍스트·콘텐츠형,,"가족여행온겸 찾아보고온 바지락해장국집!
양도많고 직원분들 너무친절하고 먹는방법도 나와있어서 맛잇게먹을수잇어요
무료와이파이에 주차도 무료라서 웨팅있지만 너무맛잇게먹고즐기다갑니다",2026-25-10,2026-25-10,25.10.19.일,25.10.19.일,1,미나미임돠,영수증,재료가 신선해요 | 양이 많아요 | 특별한 메뉴가 있어요 | 인테리어가 멋져요 | 친절해요,"안녕하세요, 태안바지락해장국입니다!
가족여행 중 저희 매장을 찾아주셔서 진심으로 감사드립니다.
맛있게 식사하시고 서비스와 편의시설까지 만족하셨다니 큰 보람을 느낍니다.
기다림에도 즐겁게 식사해주셔서 감사드리며, 앞으로도 정성과 맛으로 보답하겠습니다.
태안바지락해장국을 찾아주셔서 감사드립니다.",25.10.20.월
763,68f459a23f0744a1881af760,텍스트·콘텐츠형,,"내장탕, 바지락의 완벽한 조화!! 너무 시원하고맛있어요!
전날먹은 술 해장엔 최고네요!
고기완자는 특이하게 돈까스소스가 나오는데 생각보다 잘어울리네요!
친한동생이랑 맛있게 잘먹고갑니다!!^^/",2026-25-10,2026-25-10,25.10.19.일,25.10.19.일,1,농구맨21,영수증,현지 맛에 가까워요 | 특별한 메뉴가 있어요 | 음식이 맛있어요 | 재료가 신선해요,"안녕하세요, 태안바지락해장국입니다!
내장탕과 바지락의 조화를 좋게 봐주셔서 감사드립니다.
시원하게 해장하셨다니 기쁩니다.
고기완자와 소스의 조합까지 맛있게 즐겨주셔서 더욱 감사드리며,
앞으로도 든든한 한 끼로 보답하겠습니다.
태안바지락해장국을 찾아주셔서 감사드립니다.",25.10.20.월
764,68f452d449ee6883153d379d,텍스트·콘텐츠형,,약간 웨이팅해서 먹었는데 맛있어요!!! 국물 시원하고 완자전도 맛있습니당ㅎㅎ,2026-25-10,2026-25-10,25.10.19.일,25.10.19.일,1,나의안녕1127,영수증,음식이 맛있어요 | 재료가 신선해요 | 양이 많아요 | 친절해요 | 매장이 청결해요,"안녕하세요, 태안바지락해장국입니다!
기다림에도 불구하고 맛있게 드셨다니 정말 감사드립니다.
시원한 국물 맛과 완자전까지 만족하셨다니 큰 보람을 느낍니다.
앞으로도 늘 정성과 맛으로 보답하겠습니다.
태안바지락해장국을 찾아주셔서 감사드립니다.",25.10.20.월
765,68f3123d2b6d84157ae1e42a,텍스트·콘텐츠형,,"태안 올때마다 방문하는 맛집입니다.
자연 그대로의 맛도 너무좋고 양도 많고
깔끔하고 잘 차려진 한상을 먹는 듯한 만족감이
좋습니다.",2026-25-10,2026-25-10,25.10.18.토,25.10.18.토,2,teracis,영수증,음식이 맛있어요 | 재료가 신선해요 | 특별한 메뉴가 있어요 | 가성비가 좋아요 | 양이 많아요,"안녕하세요, 태안바지락해장국입니다!
매번 태안 방문 때마다 찾아주셔서 진심으로 감사드립니다.
자연스러운 맛과 푸짐한 한상에 만족하셨다니 큰 힘이 됩니다.
앞으로도 정성과 신선한 재료로 한결같은 맛으로 보답하겠습니다.
태안바지락해장국을 찾아주셔서 감사드립니다.",25.10.20.월
766,68f1c75b7cb3599a18a5ac34,텍스트·콘텐츠형,,"얼큰하니 맛나고, 매장깔끔, 주차편해요.
가성비 굿. 헤비하지 않은 편안한 점심 되요
고기 완자로 단백질 보충 ㅋ",2026-25-10,2026-25-10,25.10.17.금,25.10.17.금,1,kad****,영수증,재료가 신선해요 | 음식이 맛있어요 | 매장이 넓어요 | 매장이 청결해요 | 화장실이 깨끗해요,"안녕하세요, 태안바지락해장국입니다!
얼큰한 맛과 깔끔한 매장, 편한 주차까지 만족하셨다니 감사드립니다.
든든하면서도 부담 없는 한 끼로 즐기셨다니 기쁩니다.
앞으로도 좋은 맛과 편안한 식사 시간으로 보답하겠습니다.
태안바지락해장국을 찾아주셔서 감사드립니다.",25.10.20.월
767,68f1b41cbcc4ea0a71c158cc,텍스트·콘텐츠형,,시래기밥이 진짜 맛있네요!!!!! 바지락 해장굴 처음인데 너무 맛있게 잘 먹었습니다!! 또 올게요!,2026-25-10,2026-25-10,25.10.17.금,25.10.17.금,1,푸파짱,영수증,음식이 맛있어요 | 재료가 신선해요 | 양이 많아요 | 특별한 메뉴가 있어요,"안녕하세요, 태안바지락해장국입니다!
시래기밥과 바지락해장국을 맛있게 즐겨주셔서 정말 기쁩니다.
처음 드셨는데도 만족하셨다니 큰 힘이 됩니다.
다음 방문에도 변함없는 맛과 정성으로 보답하겠습니다.
태안바지락해장국을 찾아주셔서 감사드립니다.",25.10.20.월
768,68f191ab6171d868ff83106b,텍스트·콘텐츠형,,가족들이랑 와서 맛있게먹었습니다,2026-25-10,2026-25-10,25.10.17.금,25.10.17.금,1,ktm****,영수증,음식이 맛있어요 | 메뉴 구성이 알차요 | 단체모임 하기 좋아요 | 매장이 넓어요 | 친절해요,"안녕하세요, 태안바지락해장국입니다!
가족분들과 함께 방문해 주시고 맛있게 드셨다니 정말 기쁩니다.
따뜻한 식사 시간에 저희가 함께할 수 있어 감사드립니다.
앞으로도 늘 정성과 맛으로 보답하겠습니다.
태안바지락해장국을 찾아주셔서 감사드립니다.",25.10.20.월
769,68ef04885382b3200079948d,텍스트·콘텐츠형,,"너무 친절하시고 맛있어요 !!!!👍👍👍👍👍
해장맛집",2026-25-10,2026-25-10,25.10.15.수,25.10.15.수,1,hce****,영수증,음식이 맛있어요 | 재료가 신선해요 | 인테리어가 멋져요 | 친절해요 | 매장이 청결해요,"안녕하세요, 태안바지락해장국입니다!
좋은 말씀과 응원에 진심으로 감사드립니다.
맛과 친절 모두 만족하셨다니 큰 힘이 됩니다.
든든한 해장 한 끼로 언제나 만족하실 수 있도록
정성과 마음으로 보답하겠습니다.
태안바지락해장국을 찾아주셔서 감사드립니다.",25.10.20.월
770,68edd69e12cb63e62182f9e1,텍스트·콘텐츠형,,,2026-25-10,2026-25-10,25.10.14.화,25.10.14.화,1,앙앙이8771,영수증,음식이 맛있어요 | 특별한 메뉴가 있어요 | 매장이 청결해요 | 친절해요 | 주차하기 편해요,"안녕하세요, 태안바지락해장국입니다!
사진과 함께 예쁜 후기 남겨주셔서 감사드립니다.
음식의 맛과 매장 청결, 서비스까지 만족하셨다니 정말 기쁩니다.
앞으로도 특별한 메뉴와 편안한 식사 환경으로 보답하겠습니다.
태안바지락해장국을 찾아주셔서 감사드립니다.",25.10.14.화
771,68edc3dfaeff2737ebccedb4,텍스트·콘텐츠형,,"사장님 직원분들 정말 친절하시고
음식 정갈하고 너무 맛있어요
다음에도 또 방문하고싶어요😁",2026-25-10,2026-25-10,25.10.14.화,25.10.14.화,1,whd****,영수증,음식이 맛있어요 | 재료가 신선해요 | 양이 많아요,"안녕하세요, 태안바지락해장국입니다!
직원들의 친절함과 음식 맛을 좋게 봐주셔서 진심으로 감사드립니다.
정갈한 한 끼를 즐기셨다니 기쁘며,
다음 방문에도 만족하실 수 있도록 정성과 마음으로 보답하겠습니다.
태안바지락해장국을 찾아주셔서 감사드립니다.",25.10.14.화
772,68eb2f68aab7f9d313a36df1,텍스트·콘텐츠형,,너무너무  맛있었어요.집에 가서도 생각 날것 같아요,2026-25-10,2026-25-10,25.10.12.일,25.10.12.일,1,아기천사331,영수증,음식이 맛있어요,"안녕하세요, 태안바지락해장국입니다!
정성 어린 후기 남겨주셔서 감사드립니다.
집에 돌아가셔서도 떠올라 주신다니 이보다 더 큰 칭찬이 없습니다.
다음에 다시 찾아주실 때도 변함없는 맛과 정성으로 보답하겠습니다.
태안바지락해장국을 찾아주셔서 감사드립니다.",25.10.14.화
773,68eb25cd40818328c688c8ef,텍스트·콘텐츠형,,"태안 처음왔는데 이만한 맛집이 없습니다.
바지락 내장탕 먹었는데 밥부터, 찬, 메인까지
손색없이 맛있습니다. 서산올때마다 갑니다",2026-25-10,2026-25-10,25.10.12.일,25.10.12.일,1,teracis,영수증,음식이 맛있어요 | 재료가 신선해요 | 양이 많아요 | 특별한 메뉴가 있어요 | 가성비가 좋아요,"안녕하세요, 태안바지락해장국입니다!
처음 방문하신 태안 여행에서 좋은 인상으로 기억해 주셔서 감사드립니다.
바지락내장탕과 함께 밥, 반찬까지 모두 맛있게 즐겨주셨다니 정말 기쁩니다.
앞으로 서산에 오실 때마다 만족하실 수 있도록 변함없는 맛과 정성으로 보답하겠습니다.
태안바지락해장국을 찾아주셔서 감사드립니다.",25.10.14.화
774,68eb1e8b8db6ff925867248e,텍스트·콘텐츠형,,밥이 시래기밥인데 무료로 더 주시고 좋아요,2026-25-10,2026-25-10,25.10.12.일,25.10.12.일,1,chanheegod,영수증,음식이 맛있어요 | 양이 많아요 | 재료가 신선해요 | 특별한 메뉴가 있어요,"안녕하세요, 태안바지락해장국입니다!
시래기밥을 맛있게 드시고 만족하셨다니 기쁩니다.
든든하게 식사하실 수 있도록 정성껏 준비해드리고 있으니 언제든 편하게 말씀해주세요.
앞으로도 따뜻한 마음과 맛으로 보답하겠습니다.
태안바지락해장국을 찾아주셔서 감사드립니다.",25.10.14.화
775,68eb15035cbe3d9b03ced43f,텍스트·콘텐츠형,,"진짜진짜 맛있어요!! 지인 추천 받아서 왔는데 엄청 맛있게 먹었고, 어제 술 드셔서 해장 필요하셨던 아빠가 너무너무 맛있게 드셨어요!!
저희도 오기 전에 빨간국물이라서 걱정했는데, 생각보다 더 맛있고 고소했어요🥰
번창하세요! 또 올게요💛💛",2026-25-10,2026-25-10,25.10.12.일,25.10.12.일,1,minwldud,영수증,음식이 맛있어요 | 재료가 신선해요 | 양이 많아요 | 특별한 메뉴가 있어요 | 비싼 만큼 가치있어요,"안녕하세요, 태안바지락해장국입니다!
소중한 추천으로 방문해 주시고 이렇게 따뜻한 말씀 남겨주셔서 감사드립니다.
가족분 모두 맛있게 드셨다니 정말 기쁩니다.
깔끔하면서도 고소한 국물 맛이 마음에 드셨다니 저희에게 큰 힘이 됩니다.
다음 방문에도 변함없이 만족하실 수 있도록 정성과 맛으로 보답하겠습니다.
태안바지락해장국을 찾아주셔서 감사드립니다.",25.10.14.화
776,68e9df96bdce42c9757c03d6,텍스트·콘텐츠형,,너무맛있게잘먹었습니다 두번째왔어요 ㅎㅎ,2026-25-10,2026-25-10,25.10.11.토,25.10.11.토,2,dkslxntp,영수증,음식이 맛있어요 | 재료가 신선해요 | 양이 많아요 | 매장이 넓어요 | 주차하기 편해요,"안녕하세요, 태안바지락해장국입니다!
다시 찾아주셔서 진심으로 감사드립니다.
두 번째 방문에서도 맛있게 드셨다니 정말 기쁩니다.
언제 오셔도 처음처럼 만족하실 수 있도록 정성과 맛으로 보답하겠습니다.
태안바지락해장국을 찾아주셔서 감사드립니다.",25.10.14.화
777,68e9d492ef015c870786d578,텍스트·콘텐츠형,,"맛있어요
태안 올때마다 먹어야할거 같아요",2026-25-10,2026-25-10,25.10.11.토,25.10.11.토,1,배돌22,영수증,음식이 맛있어요 | 양이 많아요 | 특별한 메뉴가 있어요,"안녕하세요, 태안바지락해장국입니다!
맛있게 드시고 이렇게 따뜻한 말씀 남겨주셔서 감사드립니다.
태안 방문 때마다 찾아주신다니 정말 큰 힘이 됩니다.
앞으로도 늘 변함없는 맛과 정성으로 보답하겠습니다.
태안바지락해장국을 찾아주셔서 감사드립니다.",25.10.14.화
778,68e9ccc9be3a08e0f82ff2f1,텍스트·콘텐츠형,,맛있게 잘먹고 갑니다.. 바지락이 들어가서 국물이 너무 시원하네요..,2026-25-10,2026-25-10,25.10.11.토,25.10.11.토,1,w2****,영수증,음식이 맛있어요 | 재료가 신선해요 | 특별한 메뉴가 있어요 | 친절해요 | 매장이 청결해요,"안녕하세요, 태안바지락해장국입니다!
바지락의 시원한 국물 맛을 좋게 봐주셔서 감사드립니다.
맛있게 식사하셨다니 큰 힘이 됩니다.
앞으로도 변함없는 정성과 신선한 재료로 보답하겠습니다.
태안바지락해장국을 찾아주셔서 감사드립니다.",25.10.14.화
779,68e9cbbf1e369423da1d55c6,텍스트·콘텐츠형,,진짜 맛있어요. 아이들도 먹을 메뉴가 있어서 잘 먹었습니다,2026-25-10,2026-25-10,25.10.11.토,25.10.11.토,1,루찌공주42,영수증,음식이 맛있어요 | 재료가 신선해요 | 양이 많아요 | 특별한 메뉴가 있어요,"안녕하세요, 태안바지락해장국입니다!
가족분들과 함께 방문해 주시고 따뜻한 후기 남겨주셔서 감사드립니다.
아이들까지 맛있게 드셨다니 정말 기쁩니다.
남녀노소 모두 편히 드실 수 있는 한 끼가 되도록 앞으로도 정성과 맛으로 보답하겠습니다.
태안바지락해장국을 찾아주셔서 감사드립니다.",25.10.14.화
780,68e9ae792c84f2b9ba44962e,텍스트·콘텐츠형,,너무 맛있어서 국물까지 다 먹었어요. 10대부터 70대까지 모두 만족한 식사였습니다. 다시 여행오면 또 올거에요,2026-25-10,2026-25-10,25.10.11.토,25.10.11.토,1,김영미8661,영수증,음식이 맛있어요 | 재료가 신선해요 | 양이 많아요 | 인테리어가 멋져요 | 친절해요,,
781,68e745d805ec97a253ec2d89,텍스트·콘텐츠형,,추천 받고 왔는데 진짜 맛있어서 놀랐어요ㅎㅎ 다음에 주변 지나가면 또 들릴거에요 완전 추천합니다,2026-25-10,2026-25-10,25.10.9.목,25.10.9.목,1,알록달록곰인형,영수증,음식이 맛있어요 | 재료가 신선해요 | 양이 많아요 | 인테리어가 멋져요 | 매장이 넓어요,,
782,68e741a2904c7642c505d35b,텍스트·콘텐츠형,,국물맛이 끝내줘요 바지락도 많이들어잇고 바지락장 완전맛잇어서 사가고싶네요,2026-25-10,2026-25-10,25.10.9.목,25.10.9.목,1,sma****,영수증,음식이 맛있어요 | 양이 많아요 | 특별한 메뉴가 있어요 | 메뉴 구성이 알차요 | 재료가 신선해요,,
783,68e73227d69d026e7ce3b66f,텍스트·콘텐츠형,,"바지락 해장국 처음 먹어봤는데 너무 맛있어요
개인적으로 내장탕 추천!!
완자보다 내장국이 진짜 마싯슘",2026-25-10,2026-25-10,25.10.9.목,25.10.9.목,1,다영,영수증,음식이 맛있어요 | 특별한 메뉴가 있어요 | 매장이 넓어요,,
784,68e72692cb955dad2eaabba6,텍스트·콘텐츠형,,"근처 맛집 검색하다가 후기가 괜찮길래 와봤는데 넘 맛있어요! 
빨간 국물인데 바지락이 들어가서 넘 시원하고 개운하네요 진짜 해장으로 아주 딱이에요 ㅎㅎ
바지락 완자도 추가해서 먹었는데 돈까스소스에 찍어먹는게 별미내요 ㅎㅎ
근처오시면 꼭 먹어보길 추천해요!",2026-25-10,2026-25-10,25.10.9.목,25.10.9.목,1,유알17,영수증,음식이 맛있어요 | 재료가 신선해요 | 특별한 메뉴가 있어요 | 매장이 넓어요 | 친절해요,,
785,68e722e4f4bd7b956995508f,텍스트·콘텐츠형,,바지락해장국 맛있어용ㅎㅎ 감칠맛 좋습니다,2026-25-10,2026-25-10,25.10.9.목,25.10.9.목,1,o__****,영수증,음식이 맛있어요 | 매장이 넓어요 | 매장이 청결해요,,
786,68e71acf0cfb77dddc4cfc66,텍스트·콘텐츠형,,3번째 로얄링스cc 오면서 조식으로 방문한 곳 3일 연속 식사했어요 맛있어요 번창하세요,2026-25-10,2026-25-10,25.10.9.목,25.10.9.목,2,12346801,영수증,음식이 맛있어요 | 재료가 신선해요 | 인테리어가 멋져요 | 매장이 청결해요 | 주차하기 편해요,,
787,68e5f2606b63e79bb5c1750d,텍스트·콘텐츠형,,"여기 진짜 찐맛집이네요. 오래 기다렸는데 당연히 기다려야 하는 맛입니다. 국물이 개운하면서도 감칠맛이 돌고 시래기가 국물을 머금고 있어서 너무 맛있어요. 바지락은 해감이 잘 되어 씹히는 맛이 깔끔했고요, 여기 바지락장 꼭 비벼드세요. 시래기밥 한 그릇 더 먹었습니다. 건강 관리고 뭐고 그렇게 되네요. 오랜만에 맛집다운 맛집을 만나서 너무 기분 좋고 두고온 가족들이 생각나서 또 오고 싶어요. 잘 먹었습니다♡",2026-25-10,2026-25-10,25.10.8.수,25.10.8.수,1,자연인3714,영수증,음식이 맛있어요 | 재료가 신선해요 | 특별한 메뉴가 있어요 | 친절해요 | 매장이 청결해요,,
788,68e5e7bbfdf1c400a7051120,텍스트·콘텐츠형,,"한번쯤 기다려서 먹을만해요
조금 짜요",2026-25-10,2026-25-10,25.10.8.수,25.10.8.수,1,ㄱㄲㄲㄲㄲ,영수증,음식이 맛있어요 | 양이 많아요 | 특별한 메뉴가 있어요,,
789,68e5e96adf9b7321c3db9fa6,텍스트·콘텐츠형,,"태안하면~~바지락해장국을 먹어야한다기에 1시간 웨이팅끝에 드디어 먹었당~
바지락고기완자도 같이 먹었는데 완전 별미~
기다림끝에 먹어서 더 맛있었고 사장님.직원 모두 친절하셨어요^^",2026-25-10,2026-25-10,25.10.8.수,25.10.8.수,1,금강수최고,영수증,음식이 맛있어요 | 재료가 신선해요 | 양이 많아요 | 특별한 메뉴가 있어요 | 친절해요,,
790,68e5e4efc4711574c85f32e4,텍스트·콘텐츠형,,맛있어요 근데 사람이 많아서 바빠그런가 불친절하다는 느낌이..,2026-25-10,2026-25-10,25.10.8.수,25.10.8.수,1,꽁냥꽁냥95,영수증,음식이 맛있어요 | 주차하기 편해요,,
791,68e76e9cfd7d006e235a079e,텍스트·콘텐츠형,,"음식은 맛있습니다. 그런데 식당에서의 경험은 불쾌했습니다. 

주문을 넣었는데 누락되어 저희 뒷차례에 온 분들도 다 음식을 받았는데 저희만 한참을 늦게 받았습니다. 자리에 호출벨도 없습니다. 다른 분들도 계신데 시끄럽게 호출할순없으니 주방까지 가서 물어봐야합니다. 음식이 나왔는데 또 서빙이 잘못되었습니다. 이것도 직접 주방까지 걸어가서 또 얘기해서 조치받았습니다. 음식은 맛있습니다. 호출벨이라도 좀 달아주세요.",2026-25-10,2026-25-10,25.10.9.목,25.10.8.수,1,MW18,결제내역,음식이 맛있어요,,
792,68e5db73853fc3ae40a81e47,텍스트·콘텐츠형,,너무 맛있게 잘 먹었습니다~~!!,2026-25-10,2026-25-10,25.10.8.수,25.10.8.수,1,chaehw,영수증,음식이 맛있어요,,
793,68e5d3e7b6419833e21ac54f,텍스트·콘텐츠형,,30분정도 기다리다가 먹었는데 맛있게 잘먹었습니다. 다음에 또 올게요,2026-25-10,2026-25-10,25.10.8.수,25.10.8.수,1,kyu****,영수증,음식이 맛있어요,,
794,68e5cfb92c294cc1d6056630,텍스트·콘텐츠형,,"검색해서 방문했는데 너무 만족스럽습니다.
정식 한상차림이라 깔끔하고 가게도 청결하네요.
휴가와서 방문한건데 집근처면 재방문 하고싶네요~
🍲🦪🥤🍽️",2026-25-10,2026-25-10,25.10.8.수,25.10.8.수,2,nooooon,영수증,음식이 맛있어요 | 양이 많아요 | 특별한 메뉴가 있어요 | 혼술하기 좋아요 | 주차하기 편해요,,
795,68e20b764c835d9c84cbb63c,텍스트·콘텐츠형,,"너무 개운하고 맛있어서
가족이랑 와서 먹기 너무 좋았어요
다음에 또 와야죠!!",2026-25-10,2026-25-10,25.10.5.일,25.10.5.일,1,kks****,영수증,음식이 맛있어요 | 재료가 신선해요 | 매장이 넓어요 | 단체모임 하기 좋아요 | 친절해요,,
796,68e1f9519d382dcb7e7495ee,텍스트·콘텐츠형,,소개로왔는데 너무너무 맛있게 잘먹고갑니다 밥도 반찬도 너무맛있어서 태안에 안사는게아쉽네요ㅠㅠ 아이있는집이라 어지간한 웨이팅있는곳 안가는데 여긴 꼭가야합니다!,2026-25-10,2026-25-10,25.10.5.일,25.10.5.일,1,wld****,영수증,음식이 맛있어요 | 재료가 신선해요 | 양이 많아요 | 특별한 메뉴가 있어요,,
797,68e1ea824c8f984e13aa39e8,텍스트·콘텐츠형,,최고예요 맛있어요,2026-25-10,2026-25-10,25.10.5.일,25.10.5.일,1,wks****,영수증,음식이 맛있어요 | 재료가 신선해요 | 양이 많아요 | 특별한 메뉴가 있어요 | 인테리어가 멋져요,,
798,68e1e364b3d0e200e0641590,텍스트·콘텐츠형,,"추석을 맞이해서 여행겸 왔어요~ 
태안에서의 마지막 음식으로 뭐를 먹지 하고 검색하다가 신박한 메뉴라 눈에 띄어 왔네요
매장도 깔끔하고 음식도 정갈해요~ 잘먹고 갑니당 ㅎ̌̈ㅎ̌̈",2026-25-10,2026-25-10,25.10.5.일,25.10.5.일,1,조당근,영수증,특별한 메뉴가 있어요 | 음식이 맛있어요 | 현지 맛에 가까워요 | 매장이 넓어요,"안녕하세요, 태안바지락해장국입니다!
소중한 명절 여행길에 저희 매장을 찾아주셔서 감사드립니다.
깔끔한 매장 분위기와 정갈한 음식에 만족하셨다니 기쁩니다.
앞으로도 태안을 방문하실 때 따뜻한 한 끼로 기억될 수 있도록 정성과 마음을 다해 보답하겠습니다.
태안바지락해장국을 찾아주셔서 감사드립니다.",25.10.14.화
799,68e1de91e0072da48e42f4b9,텍스트·콘텐츠형,,아침에 오기 너무좋아요~~~!   해감도 잘된것같아요~!  맛있게먹었어요~~!,2026-25-10,2026-25-10,25.10.5.일,25.10.5.일,1,쑤쑤311,영수증,음식이 맛있어요 | 재료가 신선해요 | 인테리어가 멋져요,,
800,68e1dc441ad473cf68d1dcab,텍스트·콘텐츠형,,짱맛있음,2026-25-10,2026-25-10,25.10.5.일,25.10.5.일,1,성정숙7,영수증,재료가 신선해요 | 인테리어가 멋져요 | 혼밥하기 좋아요,,
801,68e1dbd7afd96d5473810561,텍스트·콘텐츠형,,짱맛,2026-25-10,2026-25-10,25.10.5.일,25.10.5.일,1,lee****,영수증,음식이 맛있어요 | 혼밥하기 좋아요 | 매장이 청결해요,,
802,68e1dbcfa9610aa6ce3cad82,텍스트·콘텐츠형,,"태안 바지락해장국 먹으러 왔어요!!!!
놀러왔다가 해장국 맛집 있다고해서 왔는데
진짜 안왔으면 후회할뻔 했네요ㅎㅎㅎ
주차장도 있고, 테이블링도 돼요! 다음에 또 오고싶은 맛있는 집이에요 :)",2026-25-10,2026-25-10,25.10.5.일,25.10.5.일,1,Oxlade,영수증,음식이 맛있어요 | 특별한 메뉴가 있어요 | 재료가 신선해요 | 양이 많아요 | 메뉴 구성이 알차요,,
803,68e1da71aa1b8eb8cd07be0a,텍스트·콘텐츠형,,"추천받아 서울에서 왔는데 기름값 돌려주세요
별로입니다
주말아침 10시40분 방문인데
20분기다리고 입장
바지락 해장국, 내장탕, 고기완자 
먹었는데요
바지락국물맛 1도 안느껴지고
바지락 엄선해서 넣었다는데
잘고 작아서 발라먹기 애매하고
너무 작아서 방생시켜야 될텐데..
국물 텁텁하고 깔끔한맛 없어요
고기완자 딱딱하고 그냥그래요
특별한 밑반찬 없고
데스크얘기하면 주차는 무료입니다
사장님 불친절!
커피찌꺼지통 좀 비워주세요
했는데 
눈에 불나오시는줄~
확째려보시며 네! 하는데 
헐 ~ 
다시안옴",2026-25-10,2026-25-10,25.10.5.일,25.10.5.일,1,먹는거엔 진심인 사람,영수증,,,
804,68e1d6c50d89e4a565100ed8,텍스트·콘텐츠형,,"바지락내장탕~바지락해장국 정말 다 맛있네요
이아침에 공기밥추가라니... 사장님친절하시고 매장깨끗하고 맛집에 굿굿!!",2026-25-10,2026-25-10,25.10.5.일,25.10.5.일,1,미니미니229,영수증,음식이 맛있어요 | 재료가 신선해요 | 반찬이 잘 나와요 | 친절해요 | 매장이 청결해요,,
805,68e1cefc916d19fe986ce224,텍스트·콘텐츠형,,"태안 놀러와서 검색하고왔는데 너무 맛있어요!  바지락 해장국, 내장탕,고기완자까지 싹쓸이했어요! 또올게요!",2026-25-10,2026-25-10,25.10.5.일,25.10.5.일,1,김꽃16,영수증,음식이 맛있어요 | 양이 많아요 | 특별한 메뉴가 있어요 | 매장이 넓어요 | 친절해요,,
806,68e1ce9b1149ce9eb0582959,텍스트·콘텐츠형,,음식이 맛있고 직원이 친절해요,2026-25-10,2026-25-10,25.10.5.일,25.10.5.일,1,무쇠로 만든 사람,영수증,음식이 맛있어요 | 재료가 신선해요 | 양이 많아요 | 매장이 넓어요 | 화장실이 깨끗해요,,
807,68e1cd63860b960d4014cbcd,텍스트·콘텐츠형,,"태안 바지락 해장국 너무 맛나요.음식도 깔끔하고,매장도넗고 깨끗합니다.
우선해장국이 최고입니다.
완자도 별미입니다.
꼭 태안오시면 강추입니다.",2026-25-10,2026-25-10,25.10.5.일,25.10.5.일,1,비범한소년63,영수증,음식이 맛있어요 | 재료가 신선해요 | 인테리어가 멋져요 | 친절해요 | 주차하기 편해요,,
808,68e1bb022d9a16037d973b80,텍스트·콘텐츠형,,태안놀러와서 맛집발견했어용^^,2026-25-10,2026-25-10,25.10.5.일,25.10.5.일,1,kd****,영수증,음식이 맛있어요 | 재료가 신선해요 | 친절해요 | 매장이 청결해요 | 주차하기 편해요,,
809,68e1b222320e943b09803518,텍스트·콘텐츠형,,아침 일찍 문열어서 너무 좋고 바지락해장국 첨 먹어봤는데 얼큰하고 맛있어요,2026-25-10,2026-25-10,25.10.5.일,25.10.5.일,1,chrs86,영수증,음식이 맛있어요 | 친절해요,,
810,68e0ae33abfcfd1ec6d71fa3,텍스트·콘텐츠형,,태안 나들이중에 맛집이라고 해서 방문했는데 해장국 진짜 맛있었습니다. 하루 30그릇 한정판매하는 내장탕은 늦게 가서 못먹었는데 나중에 들리면 먹어봐야될 것 같습니다,2026-25-10,2026-25-10,25.10.4.토,25.10.4.토,1,towoo01,영수증,음식이 맛있어요 | 재료가 신선해요 | 매장이 넓어요 | 매장이 청결해요,,
811,68e0980ba4ff13de7231ca31,텍스트·콘텐츠형,,"오 푸짐하고 얼큰하니 너무 맛있어요
바지락장에 시래기밥 비벼서 꼭 드세요 진짜 맛있음👍🏻
어머니 생각나서 포장해 가려했는데
겨울만 포장된다고 하니 참고하세요",2026-25-10,2026-25-10,25.10.4.토,25.10.4.토,1,솔직히말하면,영수증,음식이 맛있어요 | 재료가 신선해요 | 특별한 메뉴가 있어요 | 친절해요 | 주차하기 편해요,"안녕하세요, 태안바지락해장국입니다!
푸짐하고 얼큰한 맛을 좋게 봐주셔서 감사드립니다.
시래기밥에 바지락장을 비벼 드신 표현이 정말 맛있게 전해지네요.
포장 관련 안내도 함께 남겨주셔서 감사드리며, 앞으로도 더욱 만족스러운 식사로 보답하겠습니다.
태안바지락해장국을 찾아주셔서 감사드립니다.",25.10.14.화
812,68e09c74bcfb58209ad73154,텍스트·콘텐츠형,,연휴라 그런지 11시 반쯤 오실 때 대기가 좀 많은 편이에요. 기다리다가 한 시쯤 되니까 대기가 없어요.내장탕바지락 걸쭉하고 잡내없음 바지락 국물 깔끔한편 완자도 따듯하니 맛나요너무 바빠서 반찬 추가 요청 하기 좀 미안해요. 그래도 추가 요청 하면서 맛있게 드세요.바지락장에 밥 비벼 먹는데 별미네요.,2026-25-10,2026-25-10,25.10.4.토,25.10.4.토,1,1469meriel,영수증,음식이 맛있어요 | 특별한 메뉴가 있어요 | 잡내가 적어요 | 친절해요 | 매장이 청결해요,"안녕하세요, 태안바지락해장국입니다!
소중한 방문과 함께 정성스러운 후기 남겨주셔서 감사드립니다.
연휴 기간이라 대기가 있었음에도 기다려주셔서 더욱 감사한 마음입니다.
내장탕과 바지락 국물, 완자까지 맛있게 드셨다니 기쁩니다.
바쁘더라도 편하게 말씀 주시면 반찬 추가도 언제든 도와드리겠습니다.
앞으로도 든든하고 따뜻한 한 끼로 보답하겠습니다.
태안바지락해장국을 찾아주셔서 감사드립니다.",25.10.14.화
813,68e09486f989060f866ec98b,텍스트·콘텐츠형,,리뷰 보고 와서 부모님이랑 너무 맛있게 먹었습니다. 잘먹었습니다,2026-25-10,2026-25-10,25.10.4.토,25.10.4.토,1,Monica8226,영수증,음식이 맛있어요 | 재료가 신선해요 | 양이 많아요 | 특별한 메뉴가 있어요 | 가성비가 좋아요,,
814,68e08b2e1c7ec73595b6aa9e,텍스트·콘텐츠형,,"직원분들도 친절하시고 음식 양도 많고 맛있어요! 
태안 맛집중의 한곳입니다.",2026-25-10,2026-25-10,25.10.4.토,25.10.4.토,1,cis****,영수증,음식이 맛있어요 | 양이 많아요 | 재료가 신선해요 | 매장이 넓어요,,
815,68e084a4dc5df5aedee3e449,텍스트·콘텐츠형,,태안오신다면 여기는 무조건 들려서 맛봐야해요!! 남녀노소 다 먹을 슈 있는 메뉴가 있어서 좋아요!양이 많고 맛있어요!,2026-25-10,2026-25-10,25.10.4.토,25.10.4.토,1,elo****,영수증,음식이 맛있어요 | 양이 많아요 | 친절해요 | 주차하기 편해요,,
816,68df5cd1e5922632f7566c69,텍스트·콘텐츠형,,양도 많고 맛있어요! 바지락장까지 사서 갑니다! 잘먹었습니다아,2026-25-10,2026-25-10,25.10.3.금,25.10.3.금,1,디아790,영수증,음식이 맛있어요 | 양이 많아요 | 특별한 메뉴가 있어요 | 매장이 넓어요 | 친절해요,,
817,68df5ad863b74b15a538cc75,텍스트·콘텐츠형,,태안 여행 와서 맛있는 바지락해장국으로 한그릇 뚝딱 했네요😋😋 아이들은 바지락고기완자로 맛있게 먹었어요!!😍😍,2026-25-10,2026-25-10,25.10.3.금,25.10.3.금,1,can****,영수증,음식이 맛있어요 | 양이 많아요 | 특별한 메뉴가 있어요 | 가성비가 좋아요 | 매장이 넓어요,,
818,68df4fc1942377afa355aaa3,텍스트·콘텐츠형,,맛있어요 해장으로 완전 딱입니다 다름에 태안오면 재방문 합니다,2026-25-10,2026-25-10,25.10.3.금,25.10.3.금,1,망이네,영수증,음식이 맛있어요 | 재료가 신선해요 | 양이 많아요,,
819,68df45767cedba45928016fc,텍스트·콘텐츠형,,"우연찮게 들렸는데 반찬부터 메인까지 전부다 맛있고 신선합니다.
집앞에도 이런맛집이 있으면 매일가고싶을정도로 맛있네요!
강추합니다!",2026-25-10,2026-25-10,25.10.3.금,25.10.3.금,1,기대되는인생,영수증,음식이 맛있어요 | 재료가 신선해요 | 친절해요 | 매장이 청결해요,,
820,68e79ea6dd2c47ab91752dec,텍스트·콘텐츠형,,간식이랑 젓갈까지,2026-25-10,2026-25-10,25.10.9.목,25.10.3.금,1,Benitoite,영수증,특별한 메뉴가 있어요,,
821,68e7996b3806a5e44f1634be,텍스트·콘텐츠형,,좋아요,2026-25-10,2026-25-10,25.10.9.목,25.10.3.금,1,빵빵ㅇ이,영수증,특별한 메뉴가 있어요 | 친절해요 | 매장이 청결해요,,
822,68df3c8b44b4969664f1054e,텍스트·콘텐츠형,,"맛있어요!!태안맛집

싱겁게 먹는 제 입맛에는 좀 짜지만 ..",2026-25-10,2026-25-10,25.10.3.금,25.10.3.금,1,좋긔,영수증,음식이 맛있어요 | 가성비가 좋아요 | 매장이 넓어요 | 친절해요 | 매장이 청결해요,,
823,68df436503352ca6d4ecab1b,텍스트·콘텐츠형,,여행중 찾아 들린 맛집... 거의 인생 해장국집이네요~ 반찬까지 다 맛있어요.... 최곱니다~,2026-25-10,2026-25-10,25.10.3.금,25.10.3.금,1,배고프다5,결제내역,음식이 맛있어요 | 재료가 신선해요 | 양이 많아요 | 특별한 메뉴가 있어요 | 친절해요,,
824,68df23c98e8173cbea5322e2,텍스트·콘텐츠형,,"골프장 가는길에 조식을 찾아보다가 들렀어요.
너무 맛있구요. 무엇보다 음식이 깔끔하고 매장이 쾌적해서 좋았습니다. 정말 해장으로 최고 일 것 같네요!",2026-25-10,2026-25-10,25.10.3.금,25.10.3.금,1,12346801,영수증,음식이 맛있어요 | 재료가 신선해요 | 매장이 넓어요 | 주차하기 편해요 | 음식이 빨리 나와요,,
825,68dcaa0c93eabe52d0141246,텍스트·콘텐츠형,,태안 여행와서 먹엇는데 완전 맛있어요 강추입니다,2026-25-10,2026-25-10,25.10.1.수,25.10.1.수,1,cas****,영수증,음식이 맛있어요 | 재료가 신선해요 | 가성비가 좋아요,,
826,68dca85279f8033498308b32,텍스트·콘텐츠형,,맛있어요,2026-25-10,2026-25-10,25.10.1.수,25.10.1.수,1,tjdtn5219,영수증,음식이 맛있어요,,
827,68dca7341ad473cf684ae972,텍스트·콘텐츠형,,"단골맛집입니다^^
가족들과 함께 와서 먹었는데 다 맛있다고 좋아해요.
조개장도 구매하고 커피도 맛나고ㅎㅎ
또 올께요^^",2026-25-10,2026-25-10,25.10.1.수,25.10.1.수,2,생각쟁이67,영수증,음식이 맛있어요 | 재료가 신선해요 | 양이 많아요 | 가성비가 좋아요,,
828,68db6e219802bc83287e1dfb,텍스트·콘텐츠형,,"양도 많고 정말 맛있어요!
사장님이랑 직원분들도 친절하시고 매장도 깔끔해서 좋아요. 정갈하게 한 상으로 나오는 것도 좋은 것 같아요! 다음에 또 올게요",2026-25-09,2026-25-09,25.9.30.화,25.9.30.화,1,uureview,영수증,음식이 맛있어요 | 양이 많아요 | 특별한 메뉴가 있어요 | 차분한 분위기예요 | 매장이 청결해요,,
829,68db5600d0a0f3b7c5d478e5,텍스트·콘텐츠형,,"이게ㅠㅠ 먹다가 찍은거라 좀 그런거일수도있는데 
진짜 완전 맛집이에요 ㅠㅠㅠㅠㅠㅠㅠㅠ 진자 개존맛 ㅠㅠ 무조건오세여 꼭오세요 두번오세요",2026-25-09,2026-25-09,25.9.30.화,25.9.30.화,1,sop****,영수증,음식이 맛있어요 | 재료가 신선해요 | 양이 많아요 | 특별한 메뉴가 있어요 | 가성비가 좋아요,,
830,68db47f0f2b8df1512d8607c,텍스트·콘텐츠형,,"양도많고 맛있고 친절하고
모두다  만족스러운  매장 입니다
강추합니다!!!!!!!",2026-25-09,2026-25-09,25.9.30.화,25.9.30.화,1,zza****,영수증,음식이 맛있어요 | 재료가 신선해요 | 양이 많아요 | 특별한 메뉴가 있어요 | 건강한 맛이에요,,
831,68d9fe8574bb5d5c774146c7,텍스트·콘텐츠형,,태안 올때마다 들리는 곳이에요!! 국물이 진하고 얼큰하고 특히 바지락내장탕 강추에요. 반찬들도 너무 맛있어서 밥추가할수도 있어용 평일 낮에도 사람많은 진맛집이에요👍🏻,2026-25-09,2026-25-09,25.9.29.월,25.9.29.월,1,봉봉0815,영수증,음식이 맛있어요 | 재료가 신선해요 | 특별한 메뉴가 있어요 | 친절해요 | 매장이 청결해요,,
832,68d8a61a2013ef11b3267994,텍스트·콘텐츠형,,"태안 들렸다 색다른 맛집ㆍㆍ
맛있게 잘먹고 친절한응대 감사합니다",2026-25-09,2026-25-09,25.9.28.일,25.9.28.일,1,기분째진호,영수증,음식이 맛있어요 | 재료가 신선해요 | 메뉴 구성이 알차요 | 디저트가 맛있어요,,
833,68d8a0c66f29c8d8fcc6b033,텍스트·콘텐츠형,,음식이맛잇습니다. 맛집이네요,2026-25-09,2026-25-09,25.9.28.일,25.9.28.일,1,lbs****,영수증,음식이 맛있어요 | 매장이 넓어요,,
834,68eb82caffa2df875927fa02,텍스트·콘텐츠형,,맛있어요,2026-25-10,2026-25-09,25.10.12.일,25.9.28.일,1,맥심8366,영수증,음식이 맛있어요 | 인테리어가 멋져요 | 매장이 넓어요 | 친절해요 | 매장이 청결해요,,
835,68d89f6f701e0ed834feac63,텍스트·콘텐츠형,,,2026-25-09,2026-25-09,25.9.28.일,25.9.28.일,1,에헤라52,영수증,음식이 맛있어요 | 매장이 넓어요,,
836,68d89f43a378ef9526bbc02d,텍스트·콘텐츠형,,"웨이팅이 있지만 아이밥도 나오고 넘 좋아요
내장탕 쫀맛!",2026-25-09,2026-25-09,25.9.28.일,25.9.28.일,1,띠미32,영수증,재료가 신선해요 | 양이 많아요 | 특별한 메뉴가 있어요,,
837,68d89ada53efc66c7a0fdb64,텍스트·콘텐츠형,,비오는 날 태안 나들이 왔다가 너무 잘 먹고 가요!! 엄지 척!,2026-25-09,2026-25-09,25.9.28.일,25.9.28.일,1,신나는뽀로로,영수증,음식이 맛있어요 | 재료가 신선해요 | 특별한 메뉴가 있어요 | 친절해요 | 매장이 청결해요,,
838,68d77cb57981478ce808f0b7,텍스트·콘텐츠형,,처음 먹어본 바지락 해장국 좋아요.,2026-25-09,2026-25-09,25.9.27.토,25.9.27.토,1,mot****,영수증,양이 많아요,,
839,68d752b34c8f984e139f77d5,텍스트·콘텐츠형,,"맛있어요 바지락해장국만 먹어보고싶어요 ㅎ친절하고 좋았어요
웨이팅없어서 좋았어요",2026-25-09,2026-25-09,25.9.27.토,25.9.27.토,1,sho****,영수증,음식이 맛있어요 | 재료가 신선해요 | 양이 많아요 | 특별한 메뉴가 있어요 | 가성비가 좋아요,,
840,68d7508af4f456c61e02d491,텍스트·콘텐츠형,,"해장에 최고입니다
태안 찐맛집입니다",2026-25-09,2026-25-09,25.9.27.토,25.9.27.토,1,Reilri78,영수증,음식이 맛있어요 | 인테리어가 멋져요 | 친절해요,,
841,68d73ecd12979072b7c0ce0d,텍스트·콘텐츠형,,맛있게잘먹었습니다,2026-25-09,2026-25-09,25.9.27.토,25.9.27.토,1,Sjekwl0201,영수증,음식이 맛있어요,,
842,68d60111a65e214dacc54fa1,텍스트·콘텐츠형,,"음식이 깔끔하고 맛도 좋아서 인지 태안사람여기 다 모였나봐요~~
얼큰~~^^",2026-25-09,2026-25-09,25.9.26.금,25.9.26.금,1,서포도,영수증,음식이 맛있어요 | 인테리어가 멋져요 | 매장이 넓어요 | 친절해요 | 매장이 청결해요,,
843,68d3780b29ebe07c25538797,텍스트·콘텐츠형,,"지인 소개로 왔는데 너무 맛이있어요.
다음에 또 오고 싶어요",2026-25-09,2026-25-09,25.9.24.수,25.9.24.수,1,천하무적64,영수증,음식이 맛있어요 | 재료가 신선해요 | 양이 많아요 | 특별한 메뉴가 있어요 | 혼밥하기 좋아요,,
844,68d359cf44002c034c25af25,텍스트·콘텐츠형,,너무 맛있어요 놀러왔다가 맛집 찾아서 왔는데 완전 성공입니다! 고민하지말고 오세요!,2026-25-09,2026-25-09,25.9.24.수,25.9.24.수,1,Chan9999,영수증,음식이 맛있어요 | 재료가 신선해요 | 친절해요 | 매장이 청결해요 | 주차하기 편해요,,
845,68d34308625cce3862f8cd6e,텍스트·콘텐츠형,,"뚝배기 완뚠할정도로
정말 맛있습니다~~~~~~",2026-25-09,2026-25-09,25.9.24.수,25.9.24.수,1,wnw****,영수증,음식이 맛있어요 | 매장이 넓어요 | 친절해요 | 주차하기 편해요,,
846,68da0417be3a08e0f881409c,텍스트·콘텐츠형,,태안 여행 첫날 마지막날 들리기 좋아요!! 태안 오면 꼭 먹어봐야합니다 바지락 내장탕 실하고 재료 가득 맛있네요 찬들도 다 맛나고 바지락장은 꼭 사가보세요ㅎㅎㅎ바지락고기완자도 별미에요^^,2026-25-09,2026-25-09,25.9.29.월,25.9.22.월,1,Hyppi00,영수증,음식이 맛있어요 | 재료가 신선해요 | 양이 많아요,"안녕하세요, 태안바지락해장국입니다!
여행의 시작과 마무리를 저희와 함께해 주셔서 감사드립니다.
바지락내장탕과 고기완자, 바지락장까지 모두 맛있게 즐겨주셨다니 정말 기쁩니다.
소중한 여행의 한 끼로 기억될 수 있도록 앞으로도 신선한 재료와 정성으로 보답하겠습니다.
태안바지락해장국을 찾아주셔서 감사드립니다.",25.10.14.화
847,68d0c9e7669f34608c60734f,텍스트·콘텐츠형,,"태안바지락해장국, 역시 태안에서 해장국으로 소문난 맛집이더라구요! 시레기가 듬뿍 들어가 깊고 구수한 국물 맛에 시원한 바지락까지 더해져 속이 제대로 풀렸어요. 함께 나오는 기본찬도 정갈하고 깔끔해요!
하루 30그릇 한정이라는 바지락내장탕은 잡내가 전혀 없이 깔끔하고 깊은 맛이라 감탄했답니다. 
고기완자도 완전 대왕크고! 큼지막해서 해장국과 함께 먹으니 든든하고 만족스러웠어요. 
아가밥까지 따로 챙겨주시는 세심한 배려와 친절한 서비스, 청결한 인테리어까지 어느 하나 빠짐없이 좋았어요. 점심시간 만석일 수밖에 없는 이유가 확실히 느껴지는 곳! 맛있게 잘 먹고 갑니다.",2026-25-09,2026-25-09,25.9.22.월,25.9.22.월,1,콩이언니빤짝,영수증,음식이 맛있어요 | 양이 많아요 | 매장이 넓어요 | 주차하기 편해요 | 친절해요,"안녕하세요, 태안바지락해장국입니다!
정성 어린 후기 덕분에 저희도 마음이 따뜻해집니다.
시래기와 바지락이 어우러진 깊고 구수한 국물 맛, 그리고 바지락내장탕과 고기완자까지 모두 만족하셨다니 정말 감사드립니다.
특히 서비스와 청결한 매장까지 세심히 봐주셔서 더욱 기쁩니다.
언제 방문하셔도 늘 정성 가득한 한 끼로 보답하겠습니다.
태안바지락해장국을 찾아주셔서 감사드립니다.",25.10.14.화
848,68d0c568d7e1f66619c9f3d7,텍스트·콘텐츠형,,첨으로먹어본 바지락해장국 맛있어요  재방문할게요,2026-25-09,2026-25-09,25.9.22.월,25.9.22.월,1,jinil16,영수증,음식이 맛있어요 | 재료가 신선해요 | 인테리어가 멋져요 | 매장이 넓어요 | 매장이 청결해요,,
849,68d21040a079c6ef55caf3d2,텍스트·콘텐츠형,,"최근 몇년간 먹은 해장국중 베스트오브베스트!!! 해장하러 갔는데 다시 소주를 찾게 되는 마성의 맛♡태안쪽 방문하시는분, 아니 해장국을 좋아한다면 일부러 태안갈일이 없어도 찾아가서 맛봐야 할 최고의 맛집♡ 하루30그릇 한정판매인 바지락내장탕 초강추!!시레기밥에 바지락장 비벼먹는 밥도 예술. 소주를 글라스1잔(2.000원)에 파는 배려심까지. 별5개만점!!",2026-25-09,2026-25-09,25.9.23.화,25.9.22.월,1,SDRAGON,영수증,음식이 맛있어요 | 재료가 신선해요 | 특별한 메뉴가 있어요 | 매장이 청결해요 | 주차하기 편해요,"안녕하세요, 태안바지락해장국입니다!
정성 가득한 말씀에 저희 모두 큰 힘을 얻습니다.
해장국 본연의 깊은 맛과 바지락내장탕, 시래기밥까지 만족하셨다니 정말 기쁩니다.
특히 해장하러 오셨다가 다시 소주를 찾게 되셨다는 표현이 너무 인상적이네요.
앞으로도 변함없이 든든하고 진한 한 그릇으로 보답 하겠습니다.
태안바지락해장국을 찾아주셔서 감사드립니다.",25.10.14.화
850,68d098597c721f5bf5ed64c7,텍스트·콘텐츠형,,"정말 맛있게 먹었습니다.
어릴적 먹었던 바지락 조림 맛밌게 먹었습니다",2026-25-09,2026-25-09,25.9.22.월,25.9.22.월,1,kimlove0210,영수증,음식이 맛있어요 | 재료가 신선해요 | 친절해요,,
851,68d09764f07abd28c787b3ab,텍스트·콘텐츠형,,"바지락해장국 너무맛있어요 ㅎㅎ
깔끔하고 시래기밥좋아요",2026-25-09,2026-25-09,25.9.22.월,25.9.22.월,1,간디4542,영수증,음식이 맛있어요 | 인테리어가 멋져요 | 매장이 넓어요 | 매장이 청결해요,,
852,68cf95ec52856a14d1e44588,텍스트·콘텐츠형,,검색하다 우연히 발견한 맛집입니다. 어디서도 맛보지못한 바지락해장국입니다. 시래기와 바지락이 환상의 조화예요. 아이는 바지락고기전 먹었는데 엄지척이라하네요. 태안 해장국의 성지 맞아요. 👍,2026-25-09,2026-25-09,25.9.21.일,25.9.21.일,1,eve****,영수증,음식이 맛있어요 | 재료가 신선해요 | 양이 많아요 | 친절해요 | 매장이 청결해요,,
853,68cf8a3af24dafcd23d50a32,텍스트·콘텐츠형,,"태안왔다가 우연히 들렸는데 맛좋고 양도 많고
바지락완자가 특히 맛있더라구요! 강추입니닷",2026-25-09,2026-25-09,25.9.21.일,25.9.21.일,1,킴띠링,영수증,음식이 맛있어요 | 양이 많아요 | 재료가 신선해요 | 특별한 메뉴가 있어요 | 친절해요,,
854,68cf8828e775652bf64c4acc,텍스트·콘텐츠형,,맛있어요!,2026-25-09,2026-25-09,25.9.21.일,25.9.21.일,1,hs****,영수증,음식이 맛있어요 | 재료가 신선해요 | 양이 많아요,,
855,68cf714400a1c5682e8e41d8,텍스트·콘텐츠형,,15분정도 대기하고 먹었는데 기대 이상이었어요!! 해장 제대로 란 느낌입니다 바지락양도 많고 해장국이 너무 맛있었어요,2026-25-09,2026-25-09,25.9.21.일,25.9.21.일,1,아침햇싸뤠,영수증,음식이 맛있어요 | 재료가 신선해요,,
856,68cf65ce93f114855fbdbf94,텍스트·콘텐츠형,,칼칼하고 바지락 진짜많고 너무 맛있어요 부모님이 먼저 다녀오시고 맛있다고해주셔서 온건데 너무너무 맛있네요!!,2026-25-09,2026-25-09,25.9.21.일,25.9.21.일,1,박말구우,영수증,음식이 맛있어요 | 재료가 신선해요 | 건강한 맛이에요 | 화장실이 깨끗해요 | 친절해요,,
857,68cf63b2a59f46ee679f94f8,텍스트·콘텐츠형,,너무 맛있었습니다… 해장국 안 좋아하는데 엄마 모시고 와서 맛있게 잘 먹었어요 바지락도 엄청 많이 들어있습니다,2026-25-09,2026-25-09,25.9.21.일,25.9.21.일,1,준희972,영수증,음식이 맛있어요 | 재료가 신선해요 | 양이 많아요 | 특별한 메뉴가 있어요 | 건강한 맛이에요,,
858,68cf5736de150db25f0abe9f,텍스트·콘텐츠형,,처음 먹어보는 바지락 해장국인데 진짜 너무 맛있게 먹었어요~😋 반찬으로 주시는 바지락장에 밥을 비벼 먹으면진짜 별미였어요~👍,2026-25-09,2026-25-09,25.9.21.일,25.9.21.일,1,동희88,영수증,음식이 맛있어요 | 재료가 신선해요 | 특별한 메뉴가 있어요 | 친절해요,,
859,68cf4419968217f97a3a39a3,텍스트·콘텐츠형,,"바닷가에 놀러와서 아침으로 먹기
아주 좋은 메뉴에요! 내장탕도 곱창 많이 들었고 기본 바지락 해장국은 바지락이 아주 많아 발라먹는 재미가 있어요 사이드로 시킨 완자도 아주 실해서 든든하게 아침 잘 먹고가요 ㅎㅎ",2026-25-09,2026-25-09,25.9.21.일,25.9.21.일,1,pakh258,영수증,음식이 맛있어요 | 양이 많아요 | 특별한 메뉴가 있어요 | 매장이 넓어요 | 친절해요,,
860,68ce3d8096c0b90e1b9891ad,텍스트·콘텐츠형,,"진짜 맛있게 먹고갑니다.
번창하세요~",2026-25-09,2026-25-09,25.9.20.토,25.9.20.토,1,너부리6527,영수증,음식이 맛있어요 | 친절해요 | 매장이 청결해요 | 주차하기 편해요 | 매장이 넓어요,,
861,68ce3744c066c014690c5951,텍스트·콘텐츠형,,"태안 가는 길에 보여서 들아갔어요!!
얼큰한 국물에 해장국 맛있고
무엇보다 완자가 너무 맛있었숩니다!!",2026-25-09,2026-25-09,25.9.20.토,25.9.20.토,1,sms****,영수증,음식이 맛있어요 | 양이 많아요 | 특별한 메뉴가 있어요 | 매장이 넓어요 | 매장이 청결해요,,
862,68cf8f27338883f97002e742,텍스트·콘텐츠형,,"와..남편이 가자했는데 전 안가고 싶었던 집입니다.
양구시래기와 바지락의 콜라보 작품 음식이에여
꼭!!!꼭!!!!가서 드시길 추천드려요
전 참고로 여자로 해장국 같은 음식을 안먹는데 이건 진짜 맛있어요",2026-25-09,2026-25-09,25.9.21.일,25.9.20.토,1,rks****,영수증,음식이 맛있어요 | 가성비가 좋아요 | 양이 많아요 | 재료가 신선해요 | 특별한 메뉴가 있어요,,
863,68cce77ec39242a94631302b,텍스트·콘텐츠형,,"넘맛있어요!!!!!
바지락장도 바지락해장국도 최고입니다",2026-25-09,2026-25-09,25.9.19.금,25.9.19.금,1,eelc,영수증,음식이 맛있어요 | 재료가 신선해요 | 단체모임 하기 좋아요 | 매장이 청결해요,,
864,68ccd8fffaadee50eb80642a,텍스트·콘텐츠형,,바지락해장국 처음 들어봤는데 먹자마자 빠져듭니다..시원한 바지락 맛에 육수를 고기 육수를 쓰시는건지 굉장히 묵직한 맛도 나고 중간중간 국물 머금은 우거지 최고네요 밑반찬으로 나오는 바지락장과 낙지젓도 굉장히 맛있습니다 앞으로 자주 올 것 같아요!,2026-25-09,2026-25-09,25.9.19.금,25.9.19.금,1,박헌서17,영수증,음식이 맛있어요 | 양이 많아요 | 특별한 메뉴가 있어요 | 가성비가 좋아요 | 재료가 신선해요,,
865,68cd44a118bbb38b5f69f459,텍스트·콘텐츠형,,처음 먹어보는 바지락내장탕 국물이 깊고 진하면서 해장에도 너무 좋네요 어마어마한 맛입니다 태안에서 먹어본 음식중 1등 음식 이였어요 이거 먹으러 2시간 운전해서 또 올거같아요 번창하시길 바랍니다,2026-25-09,2026-25-09,25.9.19.금,25.9.19.금,1,프로엔잡러51,영수증,음식이 맛있어요 | 특별한 메뉴가 있어요 | 매장이 넓어요 | 단체모임 하기 좋아요 | 주차하기 편해요,,
866,68ca290c84876de359fbac6f,텍스트·콘텐츠형,,"국물이 칼칼 개운한게 해장하기 딱입니다.
매장 깨끗하고 음식도 정갈하게 나와서 친구 가족 상관없이 오기 좋은 매장입니다 :)",2026-25-09,2026-25-09,25.9.17.수,25.9.17.수,1,Listabear,영수증,음식이 맛있어요 | 재료가 신선해요 | 매장이 넓어요 | 친절해요 | 주차하기 편해요,,
867,68c8e36c74073b89fcbb3ac4,텍스트·콘텐츠형,,"먹다보니 생각보다 양도많았고 맛있어요
잘먹었습니다~",2026-25-09,2026-25-09,25.9.16.화,25.9.16.화,1,보라빛향기042,영수증,음식이 맛있어요 | 재료가 신선해요 | 양이 많아요 | 특별한 메뉴가 있어요,,
868,68c6507f5b8dbbd5758b7d54,텍스트·콘텐츠형,,"너무맛있고 특이해서 좋아요
한번쯤 오시기 좋은 맛집입니다",2026-25-09,2026-25-09,25.9.14.일,25.9.14.일,1,둥둥맘6,영수증,음식이 맛있어요 | 특별한 메뉴가 있어요 | 인테리어가 멋져요 | 매장이 청결해요 | 친절해요,,
869,68c63af391bbe4d8870d09d1,텍스트·콘텐츠형,,순두부만 넣으면 딱 순두부 찌개맛,2026-25-09,2026-25-09,25.9.14.일,25.9.14.일,1,야마꼬73,영수증,음식이 맛있어요 | 주차하기 편해요 | 친절해요,,
870,68c63176e239e10fab7df895,텍스트·콘텐츠형,,맛있어요 해장에 좋네요,2026-25-09,2026-25-09,25.9.14.일,25.9.14.일,1,oversupply,영수증,음식이 맛있어요 | 양이 많아요 | 재료가 신선해요 | 특별한 메뉴가 있어요,,
871,68c61fba12ab39d7b119e609,텍스트·콘텐츠형,,,2026-25-09,2026-25-09,25.9.14.일,25.9.14.일,1,you****,영수증,음식이 맛있어요 | 매장이 넓어요 | 매장이 청결해요,,
872,68c61eb0425b4b9f4b783e0c,텍스트·콘텐츠형,,맛있음,2026-25-09,2026-25-09,25.9.14.일,25.9.14.일,1,벨라42,영수증,음식이 맛있어요 | 양이 많아요 | 매장이 넓어요 | 주차하기 편해요,,
873,68c4e9754493e149c2a8692c,텍스트·콘텐츠형,,매장도 넓고 음식도 특별해요,2026-25-09,2026-25-09,25.9.13.토,25.9.13.토,1,951****,영수증,음식이 맛있어요 | 특별한 메뉴가 있어요 | 인테리어가 멋져요 | 주차하기 편해요,,
874,68c4e7e145ac12cb573e3fda,텍스트·콘텐츠형,,"하루 30그릇 한정 바지락내장탕과 바지락해장국과 고기완자 먹었어요!
음식이 깔끔하고 정갈하게 나오고
해장하기 좋아요~~~
특히 아이들은 고기완자 너무 좋아하구요!",2026-25-09,2026-25-09,25.9.13.토,25.9.13.토,1,꽃물58,영수증,음식이 맛있어요 | 특별한 메뉴가 있어요 | 친절해요,,
875,68c4c89c83104f7c5f295502,텍스트·콘텐츠형,,"매장 깔끔하고 친절 하세요
맛은 당연히 최고입니다!!
아주 좋아요",2026-25-09,2026-25-09,25.9.13.토,25.9.13.토,1,파란하늘3773,영수증,친절해요 | 매장이 청결해요 | 특별한 메뉴가 있어요 | 음식이 맛있어요,,
876,68c568190d22426a8a75baf8,텍스트·콘텐츠형,,"바지락 해장국이지만 바지락은 조연이고, 얼큰한 해장국의 맛이 좋은 곳이에요.
반찬도 잘 나오고, 바지락 고기완자도 꽉차고 묵직한 맛이 좋아요.
바지락 내장탕의 내장은 고기 질이 부드럽고 고소해서 참 맛깔스러워요",2026-25-09,2026-25-09,25.9.13.토,25.9.13.토,1,오늘저장꾼,영수증,음식이 맛있어요 | 양이 많아요 | 특별한 메뉴가 있어요 | 반찬이 잘 나와요 | 주차하기 편해요,"안녕하세요, 태안바지락해장국입니다!
정성 가득한 후기 남겨주셔서 진심으로 감사드립니다.
저희 해장국의 얼큰한 국물 맛과 함께 바지락 고기완자, 내장탕까지 맛있게 즐겨주셨다니 매우 기쁩니다.
앞으로도 진한 국물 맛과 신선한 재료로 든든한 한 끼가 되실 수 있도록 늘 정성을 다하겠습니다.
태안바지락해장국을 찾아주셔서 감사드립니다.",25.10.14.화
877,68c3a239ecfa4c08aa16c594,텍스트·콘텐츠형,,"자주 오는 곳이에요.
늘 친절하고 맛있어요^^
담에는 가족들 데리고 올께요!!",2026-25-09,2026-25-09,25.9.12.금,25.9.12.금,1,생각쟁이67,영수증,음식이 맛있어요 | 재료가 신선해요 | 양이 많아요 | 친절해요 | 매장이 청결해요,,
878,68c38ba9586ac8b35cb02d4b,텍스트·콘텐츠형,,너무 맛있어요 최고예요 담에 또 오고싶어요!!!,2026-25-09,2026-25-09,25.9.12.금,25.9.12.금,1,zhrld,영수증,음식이 맛있어요 | 양이 많아요 | 특별한 메뉴가 있어요 | 친절해요 | 매장이 청결해요,,
879,68c1051f3a39800391d12b17,텍스트·콘텐츠형,,맛있어요! 태안오면 항상 들려요.,2026-25-09,2026-25-09,25.9.10.수,25.9.10.수,1,LALAA,영수증,매장이 넓어요 | 음식이 맛있어요 | 양이 많아요,,
880,68c0fe97b0fd6d888ccbb774,텍스트·콘텐츠형,,"반찬도 맛있고 밥도 맛있어요 
맛있게 잘 먹었습니다",2026-25-09,2026-25-09,25.9.10.수,25.9.10.수,1,홍두깨53,영수증,음식이 맛있어요 | 매장이 넓어요 | 친절해요,,
881,68c0efbc0ded0bbeed3040a2,텍스트·콘텐츠형,,맛있게 잘 먹었습니다,2026-25-09,2026-25-09,25.9.10.수,25.9.10.수,1,Sunshine66,영수증,음식이 맛있어요,,
882,68c0b87fda8716a72c19455c,텍스트·콘텐츠형,,바지락 한가득들어있구 너무맛있어영 또오고싶은집!! 사장님도 엄청 엄청 친절하세영ㅎ,2026-25-09,2026-25-09,25.9.10.수,25.9.10.수,1,누에띠네,영수증,음식이 맛있어요 | 양이 많아요 | 매장이 넓어요 | 친절해요 | 매장이 청결해요,,
883,68bf657823b138ecd065d144,텍스트·콘텐츠형,,"태안 현지인입니다
아침에 해장하러 왔고요 7시50분에 왔는데 받아주시고 친절합니다  밥도 리필되고 속풀이 제일인거 같아요",2026-25-09,2026-25-09,25.9.9.화,25.9.9.화,2,스스미바바,영수증,음식이 맛있어요 | 재료가 신선해요 | 양이 많아요 | 인테리어가 멋져요 | 매장이 넓어요,,
884,68bd12aa9bfb8f56c1a12405,텍스트·콘텐츠형,,와 여기 진짜 찐맛집입니다. 육개장 느낌에 바지락이 완전 킥이예요. 진한 맛이 진짜 해장에 최적ㅋㅋㅋㅋ 태안 오면 또 올집!,2026-25-09,2026-25-09,25.9.7.일,25.9.7.일,1,가묘,영수증,음식이 맛있어요 | 양이 많아요,,
885,68bd0ea52e226fd921466e46,텍스트·콘텐츠형,,,2026-25-09,2026-25-09,25.9.7.일,25.9.7.일,1,탠제린,영수증,음식이 맛있어요 | 재료가 신선해요 | 현지 맛에 가까워요 | 친절해요,,
886,68bd05c3bd4b14db25a8147b,텍스트·콘텐츠형,,존맛,2026-25-09,2026-25-09,25.9.7.일,25.9.7.일,1,rro****,영수증,음식이 맛있어요 | 재료가 신선해요 | 특별한 메뉴가 있어요,,
887,68bceb3bd4e6b6ef72d24b4f,텍스트·콘텐츠형,,태안 놀러와서 별미 먹고가네요~~^^  너무 맛있게 잘먹었습니다 강추!!!,2026-25-09,2026-25-09,25.9.7.일,25.9.7.일,1,ㄹㄹㄹ12345,영수증,음식이 맛있어요 | 양이 많아요 | 특별한 메뉴가 있어요,,
888,68bccb04ca6b6225de2b0792,텍스트·콘텐츠형,,맛있게 잘먹었습니다,2026-25-09,2026-25-09,25.9.7.일,25.9.7.일,1,skh****,영수증,음식이 맛있어요 | 재료가 신선해요 | 양이 많아요 | 특별한 메뉴가 있어요 | 가성비가 좋아요,,
889,68bc278d627182876c896fb6,텍스트·콘텐츠형,,"바지락해장국은 칼칼한 바지락 육수가 깔끔 그자체인 맛이고 바지락이 듬뿍 들어가 너무 맛있었어요~
바지락 내장탕은 진한 맛 이었어요~ 바지락,내장이 듬뿍 들어가 정말 배불리 먹었네요~
밑반찬 낙지 젓갈은 통통하니 씹는 맛이 좋았고 시래기 밥도 맛있었어요~ 해장과 건강을 동시에 챙기는 맛이예요~",2026-25-09,2026-25-09,25.9.6.토,25.9.6.토,1,안녕a22,영수증,음식이 맛있어요 | 양이 많아요 | 특별한 메뉴가 있어요 | 메뉴 구성이 알차요 | 현지 맛에 가까워요,"안녕하세요, 태안바지락해장국입니다!
정성 가득한 후기 남겨주셔서 진심으로 감사드립니다.
바지락해장국의 깔끔한 국물 맛과 내장탕의 진한 풍미까지 모두 만족하셨다니 기쁩니다.
밑반찬과 시래기밥까지 세심히 즐겨주셔서 감사드리며,
앞으로도 해장과 건강을 동시에 챙길 수 있는 한 끼로 보답하겠습니다.
태안바지락해장국을 찾아주셔서 감사드립니다.",25.10.14.화
890,68bb83b8e4289cf20794a27e,텍스트·콘텐츠형,,국물맛이  칼칼하니 적당히 얼큰하고 아주 좋습니다 해장하러 왔다가 술을 다시 마시고 싶은 맛입니다,2026-25-09,2026-25-09,25.9.6.토,25.9.6.토,1,VAGABOND,영수증,음식이 맛있어요 | 매장이 넓어요 | 친절해요 | 매장이 청결해요,,
891,68ba655c9debe09bd3ec3069,텍스트·콘텐츠형,,태안에서만 먹을수 있데서 아침부터 부지런히 움직여서 왔어요~소문대로 아침부터 온 보람이 있어요~ 어느하나 대충인 구성이 없어요.👍👍 마지막에 다시마 식초 한바퀴 둘르라고 추천해  주셔서 넣었는데~대박~ 국물 그릇째 마시고 싶었어요.다음에도 또 오고 싶어요~^^,2026-25-09,2026-25-09,25.9.5.금,25.9.5.금,1,불량콩,영수증,음식이 맛있어요 | 재료가 신선해요 | 매장이 넓어요 | 음악이 좋아요 | 화장실이 깨끗해요,,
892,68ba50e2d58fae0f2bf4ac4d,텍스트·콘텐츠형,,"어제(목)가 휴무여서 여행 끝나고 가는 길에 (금) 먹었는데 안 먹었으면 큰일날뻔!
엄청 시원하고 칼칼하고! 어제 술 많이 안 먹은 게 후회될 정도에요.
반찬들도 너무 깔끔하고 맛있어요.
내장탕에 양지와 곱창도 신선합니다.
시레기 밥도 꿀맛이고 더 주시는 것도 너무 인심 좋으시네요~~ 태안 오면 무조건 들립니다^^",2026-25-09,2026-25-09,25.9.5.금,25.9.5.금,1,muz****,영수증,음식이 맛있어요 | 재료가 신선해요 | 특별한 메뉴가 있어요 | 반찬이 잘 나와요 | 뷰가 좋아요,"안녕하세요, 태안바지락해장국입니다!
여행 마지막 날에 저희 매장을 찾아주셔서 진심으로 감사드립니다.
시원하고 칼칼한 국물 맛과 반찬, 시래기밥까지 만족하셨다니 큰 보람을 느낍니다.
양지와 곱창의 신선함까지 세심히 봐주셔서 감사드리며,
다음에 다시 태안에 오실 때도 든든한 한 끼로 보답하겠습니다.
태안바지락해장국을 찾아주셔서 감사드립니다.",25.10.14.화
893,68b7c4c520a181cefba324d6,텍스트·콘텐츠형,,"술을 안 마셨는데도 해장이 되는 곳,,
바지락 해장국 너무 맛있어요 🥰🥹
순두부바지락해장국도 나오면 좋을 것같아요 😭💓
바지락 양도 많고 까끌거리는거 없이 먹기 좋네요!
잘 먹었습니당 🫶🌟🫶",2026-25-09,2026-25-09,25.9.3.수,25.9.3.수,1,혹부리영감47,영수증,음식이 맛있어요 | 재료가 신선해요 | 양이 많아요 | 혼밥하기 좋아요 | 매장이 넓어요,,
894,68b79cb6b575ab59be5a47fe,텍스트·콘텐츠형,,일산에서 이거 먹으러 태안 왔어요! 내장탕까지 같이 먹었는데 맛있네여 완자도 같이 먹으니까 든든하게 아침 먹었습니다👍👍매장도 넓고 주자창도 넓고 전반적으루 깨끗해서 더 좋았어여!!열무장아찌 맛있숩니다,2026-25-09,2026-25-09,25.9.3.수,25.9.3.수,1,par****,영수증,음식이 맛있어요 | 양이 많아요 | 매장이 넓어요 | 매장이 청결해요,,
895,68b67925bcec7462f674f9ee,텍스트·콘텐츠형,,"두번째 방문이에요
푸짐하게 만족스러운 한끼
남자들 여자들 다 좋아하는 메뉴같아요
잘먹고 갑니다",2026-25-09,2026-25-09,25.9.2.화,25.9.2.화,1,지롱이33,영수증,매장이 넓어요 | 음식이 맛있어요 | 양이 많아요 | 특별한 메뉴가 있어요 | 매장이 청결해요,,
896,68b638ba8908a0b31cccfc40,텍스트·콘텐츠형,,"국물이 진짜~~ 시원하고 내장도 정말 많아요!! 주차도 편하고, 그리고 매장도 너무 쾌적해서 좋았습니다❤️",2026-25-09,2026-25-09,25.9.2.화,25.9.2.화,1,Miming94,영수증,음식이 맛있어요 | 양이 많아요 | 매장이 넓어요 | 혼밥하기 좋아요 | 주차하기 편해요,,
897,68b4ff2c4db003730d27d61c,텍스트·콘텐츠형,,"사상님친절하시구너무맛잇어요~
여행마지막에잘먹고가요~",2026-25-09,2026-25-09,25.9.1.월,25.9.1.월,1,세상은요지경5877,영수증,음식이 맛있어요 | 양이 많아요 | 가성비가 좋아요 | 매장이 넓어요,,
898,68b3d00ca882a955ce56e8b6,텍스트·콘텐츠형,,"태안여행으로 우연히 들리게 된곳인데 너무너무 맛있어요
다음번엔 바지락 내장탕도 먹고싶네요
추천합니다",2026-25-08,2026-25-08,25.8.31.일,25.8.31.일,1,콜라202,영수증,음식이 맛있어요 | 재료가 신선해요 | 특별한 메뉴가 있어요 | 인테리어가 멋져요,,
899,68b3cf0cd7cb12c6cee4c0db,텍스트·콘텐츠형,,바지락 해장국 처음 먹었는데 엄청 맛있게 먹었어요 다음에 또 올게요!!!,2026-25-08,2026-25-08,25.8.31.일,25.8.31.일,1,황금도깨비59,영수증,음식이 맛있어요,,
900,68b3a5069b547d7a0f883e8f,텍스트·콘텐츠형,,"태안에 볼일보어 왔다가
맛집이라해서 들렀어요
대기없이 입장했는데
앉자마자 바로 만석되네요!
시래기해장국에 바지락이 잔뜩 들어가서
구수하고 시원하니 맛있어요
밑만찬들도 너무 맛나고 사장님 왕친절해요
배부르게 잘먹고 가요~!",2026-25-08,2026-25-08,25.8.31.일,25.8.31.일,1,망 고주스,영수증,음식이 맛있어요 | 재료가 신선해요 | 양이 많아요 | 매장이 넓어요 | 친절해요,,
901,68b3f8b904ee07ba9187079d,텍스트·콘텐츠형,,좋아요,2026-25-08,2026-25-08,25.8.31.일,25.8.31.일,1,유정11111,영수증,음식이 맛있어요,,
902,68b38e8f38e2255a2fb30a23,텍스트·콘텐츠형,,음식 맛있어요,2026-25-08,2026-25-08,25.8.31.일,25.8.31.일,1,suj****,영수증,음식이 맛있어요 | 매장이 넓어요 | 주차하기 편해요,,
903,68b23f9476ad27c950ec023a,텍스트·콘텐츠형,,여행왔다 아침먹을 식당을 찾다가 바지락 해장국이라는 처음 보는 음식이라 궁금증에 방문했는데 칼칼한 국물에 시원한 해장국 너무 맛있는 한끼였어요 잘먹고 가요~^^,2026-25-08,2026-25-08,25.8.30.토,25.8.30.토,1,qkrgpfks31,영수증,음식이 맛있어요 | 특별한 메뉴가 있어요 | 매장이 넓어요,,
904,68b0f7d6ca339c05e5a79472,텍스트·콘텐츠형,,아들이 맛나다고해서 한번 방문했어요 역시나 맛있네요 저희 양산에도 있으면 좋겠네요 잘먹었어요,2026-25-08,2026-25-08,25.8.29.금,25.8.29.금,1,kma****,영수증,음식이 맛있어요 | 재료가 신선해요 | 특별한 메뉴가 있어요,,
905,68ae941bba606c09cde09f94,텍스트·콘텐츠형,,"깔끔한 매장 분위기에 한번 감동받고 친절하신 직원들 덕분에 맛있게 식사하고 갑니다!
음식 맛은 더욱 좋아요~ 태안 올때마다 잊지 않고 들릴께요♡",2026-25-08,2026-25-08,25.8.27.수,25.8.27.수,1,jopokhi24,영수증,음식이 맛있어요 | 재료가 신선해요 | 인테리어가 멋져요 | 친절해요 | 주차하기 편해요,,
906,68ae76d6fc48a5f9d76a74af,텍스트·콘텐츠형,,"너무 신기한 바지락 해장국!! 맛이 진짜 좋아요!
고기완자도 넘 맛있어서 2개 다 먹었습니다! 혼밥하기도 좋고 직원분들도 친절하셨어요!",2026-25-08,2026-25-08,25.8.27.수,25.8.27.수,1,박캬스,영수증,음식이 맛있어요 | 재료가 신선해요 | 양이 많아요 | 특별한 메뉴가 있어요 | 혼밥하기 좋아요,,
907,68ae7354b7b02a7b180bb97b,텍스트·콘텐츠형,,"2번째 방문
해장하기 좋고 술이랑 먹기도 딱 좋다 ❤️❤️👍🏻",2026-25-08,2026-25-08,25.8.27.수,25.8.27.수,1,참22슬,영수증,음식이 맛있어요 | 재료가 신선해요 | 양이 많아요 | 인테리어가 멋져요,,
908,68ae6990b8f8ee2fd583ce89,텍스트·콘텐츠형,,"태안 바지락해장국 최고👍  
 음식이 깔끔하게 나오고 맛있어요 ~!",2026-25-08,2026-25-08,25.8.27.수,25.8.27.수,1,end****,영수증,음식이 맛있어요 | 재료가 신선해요 | 특별한 메뉴가 있어요 | 매장이 넓어요 | 매장이 청결해요,,
909,68ad307bb54c31337d6f73f2,텍스트·콘텐츠형,,"남편이랑 자주와서 먹어용
양도 넉넉하고 맛있어요
태안최고맛집이에용!",2026-25-08,2026-25-08,25.8.26.화,25.8.26.화,3,y8011y,영수증,음식이 맛있어요 | 재료가 신선해요 | 양이 많아요 | 매장이 넓어요 | 친절해요,,
910,68ad1a432e12648a22c99d96,텍스트·콘텐츠형,,깨끗하고 맛도 너무 맛있어요~!   친절하시고 다음에 또 오고싶어용 !!,2026-25-08,2026-25-08,25.8.26.화,25.8.26.화,1,hap****,영수증,음식이 맛있어요 | 재료가 신선해요 | 양이 많아요 | 특별한 메뉴가 있어요 | 인테리어가 멋져요,,
911,68ad18d3682b20ca994eec69,텍스트·콘텐츠형,,"여행 마지막날 아침식사겸 해장으로 들렀습니다.
맛있어요 특히 완자가 아주 쫄깃합니다
추천합니당",2026-25-08,2026-25-08,25.8.26.화,25.8.26.화,1,즐거운재비,영수증,음식이 맛있어요 | 재료가 신선해요 | 특별한 메뉴가 있어요 | 매장이 넓어요 | 매장이 청결해요,,
912,68ad1459b0efbfec1cbdf41f,텍스트·콘텐츠형,,바지락해장국 시원하고 좋아요,2026-25-08,2026-25-08,25.8.26.화,25.8.26.화,1,남형주36,영수증,재료가 신선해요 | 음식이 맛있어요 | 양이 많아요 | 특별한 메뉴가 있어요,,
913,68abe5c1e4d11ffccc39db0c,텍스트·콘텐츠형,,리뷰가 좋은 이유가 있었네요~~ 너무너무 맛있게 잘 먹었습니다!! 해장국도 맛있었는데 내장탕에 곱창과 양이 듬뿍 들어 있어서 더 맛있었어요~~ 고기완자도 두툼하니 참 맛있어요!! 태안에서의 첫 식사가 덕분에 아주 성공적이에요👍💕 후식 커피도 원두가 넘 맛있네요!!,2026-25-08,2026-25-08,25.8.25.월,25.8.25.월,1,ire****,영수증,음식이 맛있어요 | 양이 많아요 | 디저트가 맛있어요 | 매장이 넓어요 | 친절해요,"안녕하세요, 태안바지락해장국입니다!
좋은 인연으로 방문해 주시고 이렇게 따뜻한 후기까지 남겨주셔서 진심으로 감사드립니다.
내장탕의 듬뿍한 재료와 고기완자, 후식 커피까지 모두 만족하셨다니 큰 보람을 느낍니다.
태안에서의 첫 식사가 즐거운 추억으로 남으셨다니 더없이 기쁩니다.
앞으로도 변함없는 맛과 정성으로 보답하겠습니다.
태안바지락해장국을 찾아주셔서 감사드립니다.",25.10.14.화
914,68abe209d1d8bf6d08bac0cc,텍스트·콘텐츠형,,"너무맛있습니다!

짱이에요 담에또올께요",2026-25-08,2026-25-08,25.8.25.월,25.8.25.월,1,홍텐60,영수증,음식이 맛있어요 | 재료가 신선해요 | 양이 많아요,,
915,68abc48a9427ad64d6d1ee61,텍스트·콘텐츠형,,"맛있게 잘 먹었어요
바지락장 진짜 맛있고 해장국도 맛있어요",2026-25-08,2026-25-08,25.8.25.월,25.8.25.월,1,ko****,영수증,음식이 맛있어요 | 재료가 신선해요 | 인테리어가 멋져요,,
916,68aa9e0bf30cd8238cba4111,텍스트·콘텐츠형,,"태안에 여행왔다가 3시까지밖에 안해서 다음날 바로 찾아왔어요~ 바지락해장국은 처음 먹어보는 음식이었는데..
국물이 아주 끝내주내요 찐한데 시원한게~~ 부산에도 있었음 좋겠어요 바지락고기완자도 아주 튼실하게 고기가 꽉~!!
완전 맛있게 먹고갑니다 또 오고싶네요",2026-25-08,2026-25-08,25.8.24.일,25.8.24.일,1,jju****,영수증,음식이 맛있어요 | 재료가 신선해요 | 반찬이 잘 나와요 | 디저트가 맛있어요,,
917,68aa99457e5108b3260f461e,텍스트·콘텐츠형,,,2026-25-08,2026-25-08,25.8.24.일,25.8.24.일,1,여니9464,영수증,음식이 맛있어요 | 특별한 메뉴가 있어요 | 양이 많아요 | 매장이 청결해요 | 친절해요,,
918,68aa85fd3c868a19c1d5ac0b,텍스트·콘텐츠형,,"두번째 방문~ 음식 깔끔하구 맛있어요!!!
재방문 의사 1000%
중딩 아이도 한그릇 뚝딱!! 입니다!!",2026-25-08,2026-25-08,25.8.24.일,25.8.24.일,1,YJ353,영수증,음식이 맛있어요 | 재료가 신선해요 | 건강한 맛이에요 | 반찬이 잘 나와요 | 메뉴 구성이 알차요,,
919,68aa8b587b865fd363234ebc,텍스트·콘텐츠형,,태안여행 머지막날 점심 해장으로 찾은곳입니다 웨이팅 감수하셔야되요 바지락탕은 시원하고 바지락이 더 많고 바지락내장탕은 곱창과 양이 많이 들어 있어 내장탕 좋아하시는분들 추천드려요 얼쿤하니 해장되는곳입니다,2026-25-08,2026-25-08,25.8.24.일,25.8.24.일,1,뽀대5883,영수증,음식이 맛있어요 | 특별한 메뉴가 있어요,"안녕하세요, 태안바지락해장국입니다!
여행 마지막 날 점심으로 저희를 찾아주셔서 감사드립니다.
기다림에도 불구하고 만족스럽게 식사하셨다니 정말 기쁩니다.
바지락탕의 시원한 국물 맛과 내장탕의 풍부한 재료까지 즐겨주셔서 감사드리며,
앞으로도 든든하고 얼큰한 한 끼로 보답하겠습니다.
태안바지락해장국을 찾아주셔서 감사드립니다.",25.10.14.화
920,68aa7c44faaf867c994e5f92,텍스트·콘텐츠형,,"맛있어요 양도 푸짐하고 시래기밥이 넘 맛있었습니다
와이프는 식초를 넣어서 먹으니 더 맛있었다고하네요",2026-25-08,2026-25-08,25.8.24.일,25.8.24.일,1,커핑51,영수증,음식이 맛있어요 | 재료가 신선해요 | 양이 많아요 | 특별한 메뉴가 있어요 | 가성비가 좋아요,,
921,68b02953d40e17ec6a576b20,텍스트·콘텐츠형,,"태안 놀러 갔다가 맛집이라 들어서 웨이팅 좀 하고 들어갔습니다
완자 가성비 좋고 아이 잘 먹어요 양도 많고 맛있네요
바지락 해장국 진짜 맛있어요
고기해장국보다 깔끔하고 감칠말 대박ㅠㅠ
반찬으로 나오는 3가지 다 맛있었어요
다음 일정으로 보관할곳 마땅치 않아 못샀는데
다음에 가면 꼭 사오려구요
또 먹고 싶어요 ㅠㅠㅠ
아 그리고 노란안경 사장님 친절하신데
홀은 좀 정신없어요 바빠서 그렇겠죠
그래도 식사하는데 큰 무리는 없었습니다",2026-25-08,2026-25-08,25.8.28.목,25.8.24.일,1,mj****,영수증,음식이 맛있어요 | 특별한 메뉴가 있어요 | 메뉴 구성이 알차요 | 반찬이 잘 나와요 | 주차하기 편해요,,
922,68aa68cd94f244c92c41a442,텍스트·콘텐츠형,,"친구네 집 놀려왔다가 해장하러 왔는데 바지락해장국 깔끔하고 맛있네요
올때마다 재방문 의사 백프로 입니다!!!!!",2026-25-08,2026-25-08,25.8.24.일,25.8.24.일,1,꼰님이2,영수증,음식이 맛있어요 | 양이 많아요 | 특별한 메뉴가 있어요 | 인테리어가 멋져요 | 친절해요,,
923,68a9493f9754b1e7dd5a9cfe,텍스트·콘텐츠형,,"진짜 완전 맛있어요,,제가 먹은 해장국중에 젤 맛있어요ㅠ멀리서 왔는데 이거 먹으러 태안 또 올 수도 있을거같아요 진짜 찐맛집..",2026-25-08,2026-25-08,25.8.23.토,25.8.23.토,1,츄3324,영수증,양이 많아요 | 음식이 맛있어요 | 재료가 신선해요 | 특별한 메뉴가 있어요 | 가성비가 좋아요,,
924,68a94307509d9198f0743773,텍스트·콘텐츠형,,"태안의 명물 바지락해장국 맛있게 먹었어요.
진짜 별미네요^^",2026-25-08,2026-25-08,25.8.23.토,25.8.23.토,1,용인 강프로,영수증,음식이 맛있어요 | 재료가 신선해요 | 특별한 메뉴가 있어요 | 매장이 넓어요 | 친절해요,,
925,68a931eae89fd88b40ce0d80,텍스트·콘텐츠형,,맛있어요!!,2026-25-08,2026-25-08,25.8.23.토,25.8.23.토,1,dmd****,영수증,음식이 맛있어요 | 재료가 신선해요 | 특별한 메뉴가 있어요,,
926,68a91e706cef695ae046e0f3,텍스트·콘텐츠형,,맛잇어요!! 친절하세요,2026-25-08,2026-25-08,25.8.23.토,25.8.23.토,1,aje****,영수증,양이 많아요 | 재료가 신선해요 | 음식이 맛있어요 | 매장이 넓어요 | 주차하기 편해요,,
927,68a9171303e8fa1d748c506a,텍스트·콘텐츠형,,"우연히지나다들렸는데~
와~
겁나맛있는맛집발견~
맛난점심에~오늘도공이잘맞을듯~",2026-25-08,2026-25-08,25.8.23.토,25.8.23.토,1,isw****,영수증,음식이 맛있어요 | 양이 많아요 | 매장이 넓어요 | 매장이 청결해요 | 주차하기 편해요,,
928,68a8ff22e9efd21b61e35c7b,텍스트·콘텐츠형,,여행첫날 성공적인 아침식사였습니다 태안 오면 꼭 들려 보세여 ㅎㅎ 바지락 해장국 맛있어요 ㅎㅎ,2026-25-08,2026-25-08,25.8.23.토,25.8.23.토,1,bosskim77,영수증,음식이 맛있어요 | 특별한 메뉴가 있어요 | 친절해요 | 주차하기 편해요 | 매장이 넓어요,,
929,68affb3a7d99eebaa381f847,텍스트·콘텐츠형,,음식이 맛있어요~,2026-25-08,2026-25-08,25.8.28.목,25.8.22.금,1,ㅈr유로운영혼,영수증,음식이 맛있어요 | 재료가 신선해요 | 양이 많아요 | 매장이 넓어요,,
930,68a7dad0fa2aef45ab222aa9,텍스트·콘텐츠형,,,2026-25-08,2026-25-08,25.8.22.금,25.8.22.금,1,쫑섭사랑,영수증,음식이 맛있어요 | 양이 많아요 | 특별한 메뉴가 있어요 | 매장이 넓어요 | 혼밥하기 좋아요,,
931,68a3e518e333f252f17f2210,텍스트·콘텐츠형,,"태안 여행 중 마지막 날인데
첫끼를 바지락해장국으로 선택한게
신의 한수였네요!
속도 개운하고 너무 맛있고
양도 딱 좋고! 집에 돌아가면 또 생각날 맛이에요ㅠ
맛있게 잘 먹고 갑니다!❤️",2026-25-08,2026-25-08,25.8.19.화,25.8.19.화,1,샤인3861,영수증,음식이 맛있어요 | 재료가 신선해요 | 양이 많아요 | 매장이 넓어요 | 주차하기 편해요,,
932,68a2901110aa4c7e49b2b885,텍스트·콘텐츠형,,소문듣고 방문했는데 맛있고 양도 많아요 직원분들도 친절해요 여행마지막날 맛있는 식사하고 갑니다~^^,2026-25-08,2026-25-08,25.8.18.월,25.8.18.월,1,sun****,결제내역,음식이 맛있어요 | 양이 많아요 | 친절해요 | 주차하기 편해요 | 매장이 넓어요,,
933,68a1622c5aecf70b7dc63ee4,텍스트·콘텐츠형,,바지락 맛이 진하고 맛있어요. 점심시간에 가서 웨이팅 좀 했는데 그래도 먹을 맛입니다👍 간단한 찬들도 맛있었어요!,2026-25-08,2026-25-08,25.8.17.일,25.8.17.일,1,rud****,영수증,음식이 맛있어요 | 특별한 메뉴가 있어요 | 건강한 맛이에요,,
934,68a15daf7f4e357f37a19021,텍스트·콘텐츠형,,"맛있게 먹는 법 대로 바지락장에 시래기밥 비벼먹으니 정말 맛있어요~ 낙지젓도 맛나고 고기완자도 두툼하니 맛있습니다^^ 
기다릴만한 맛이에요~~",2026-25-08,2026-25-08,25.8.17.일,25.8.17.일,1,예비맘5521,영수증,음식이 맛있어요 | 특별한 메뉴가 있어요 | 매장이 청결해요 | 주차하기 편해요,,
935,68a15811304df28e32a18989,텍스트·콘텐츠형,,"태안스러운 음식을 먹어서 기분 좋았습니다 ㅎㅎ 반찬구성도 좋고, 메뉴가 정갈하이 손이 자꾸가는 맛! 해장국도 해장국 맛도 나고, 바지락 맛도 나서 해장국의 무거움을 중화시켜주네요 ! 맛있게 잘 먹었습니다!",2026-25-08,2026-25-08,25.8.17.일,25.8.17.일,1,kimcbro,영수증,재료가 신선해요 | 특별한 메뉴가 있어요 | 음식이 맛있어요 | 가성비가 좋아요 | 양이 많아요,,
936,68a146b0e6f4fc879542a5fe,텍스트·콘텐츠형,,,2026-25-08,2026-25-08,25.8.17.일,25.8.17.일,2,yen****,영수증,음식이 맛있어요 | 인테리어가 멋져요 | 친절해요,,
937,68a13d2c6e394350061f7bba,텍스트·콘텐츠형,,"내장탕 하나 바지락하나 완자하나 시켰어요
양도 푸짐하고 맛도있고 술을 부르는 맛이에요",2026-25-08,2026-25-08,25.8.17.일,25.8.17.일,1,rkd****,영수증,음식이 맛있어요 | 재료가 신선해요 | 양이 많아요 | 친절해요 | 매장이 청결해요,,
938,68a139f3701eb065a2d0ffee,텍스트·콘텐츠형,,"이웃들과 근처 펜션에서 1박하고 올라오는 길에 들렀어요...
완전 해장 제대로하고 가네요.
6명 모두 어무 막나게 먹고 갑니다",2026-25-08,2026-25-08,25.8.17.일,25.8.17.일,1,skyjh6749,영수증,음식이 맛있어요 | 재료가 신선해요 | 특별한 메뉴가 있어요 | 단체모임 하기 좋아요 | 주차하기 편해요,,
939,68a1330cc8066d562b4ed767,텍스트·콘텐츠형,,"해장국 맛있고 테이블 회전이 빨라서 좋아요
웨이팅이 있을때도 있는데 금방 들어가는 것 같아요!
국은 맛있습니다 고기완자도 괜찮아요 양이 넉넉해서 좋았습니다!",2026-25-08,2026-25-08,25.8.17.일,25.8.17.일,1,lds****,영수증,음식이 맛있어요 | 양이 많아요 | 특별한 메뉴가 있어요,,
940,68a1304a91ee37de943c62f8,텍스트·콘텐츠형,,,2026-25-08,2026-25-08,25.8.17.일,25.8.17.일,1,dld****,영수증,음식이 맛있어요 | 재료가 신선해요 | 양이 많아요 | 가성비가 좋아요 | 매장이 넓어요,,
941,68a12d20e26eed7e07205700,텍스트·콘텐츠형,,"태안 자주 오면서도 이런 맛집이 숨어 있는지 몰랐네요~진짜 최고예요!!
일단 너무 너무 맛있고 매장도 청결하고 친절하세요
이제 자주 올 것 같아요^^
저는 기본 바지락이 깔끔하고 맛있었는데 친구는 내장탕이 딱 입맛에 맞다고 하네요~둘 다 드셔보셔도 좋을 듯 해요~",2026-25-08,2026-25-08,25.8.17.일,25.8.17.일,1,라리2518,영수증,음식이 맛있어요 | 양이 많아요 | 특별한 메뉴가 있어요 | 친절해요 | 매장이 청결해요,,
942,68a12e65fddc7e5ffa99bb8e,텍스트·콘텐츠형,,"2박 캠핑하고 아침식사로 들른곳이에요.
초5 중1 아이들 둘 데리고 온 4인가족
애들이 밥 다 비울 정도였어요.

아침일찍왔는데도 겨우 바로입장할정도로 아침부터 사람이 많았어요 
정갈한 반찬에 시래기밥 정말최고!!
단메뉴 해장국과 조화되는 고급스러운 맛이에요.

깨끗하고 흘러나오는 음악까지.
고급스러운 식당에서 아침 먹는 기분이었습니다.

태안 여행오시면 여기 꼭 오세요. 적극 추천입니다.",2026-25-08,2026-25-08,25.8.17.일,25.8.17.일,1,min****,영수증,음식이 맛있어요 | 재료가 신선해요 | 양이 많아요 | 차분한 분위기예요 | 인테리어가 멋져요,,
943,68a12240bbb330a41d365e5b,텍스트·콘텐츠형,,"그냥 아침일찍 밥 먹을 곳 찾다가 바지락해장국은 첨 봐서 가봤는데 진짜 해장국맛집이었어요!
완뚝 해써요! 너무 얼큰하고
밥도 곤드레밥으로 나오고, 반찬도 낙지젓갈, 바지락장 정갈하게 나와요!! 사장님 너무 친절하시고 음식도 빨리 나오고  ㅎㅎㅎ 저 가게안에 해장의성지 라는 단어가 엄청 믿음직스럽다 했는데 진짜 잘먹고 갑니다! 
커피도 얘기하면 내려주시는데 아이스/핫도 원하는대로 제조해주십니다 ㅋㅋㅋ커피조차 맛집 !!",2026-25-08,2026-25-08,25.8.17.일,25.8.17.일,1,Yurmee,영수증,음식이 맛있어요 | 친절해요 | 주차하기 편해요,,
944,68a01466a6b817b8225b59bf,텍스트·콘텐츠형,,,2026-25-08,2026-25-08,25.8.16.토,25.8.16.토,1,작은신23,영수증,음식이 맛있어요 | 특별한 메뉴가 있어요,,
945,68a00b593c801f2561397ef7,텍스트·콘텐츠형,,"해장국진짜 맛있습니다!!!
여행와서 아점으로 온건데 맛있게 먹고 갑니다~",2026-25-08,2026-25-08,25.8.16.토,25.8.16.토,1,lovehjh21,영수증,음식이 맛있어요 | 재료가 신선해요 | 양이 많아요 | 매장이 청결해요 | 주차하기 편해요,,
946,689ffd6994d6a344616edf3d,텍스트·콘텐츠형,,태안 여행와서 맛있게 먹고 갑니다.,2026-25-08,2026-25-08,25.8.16.토,25.8.16.토,1,yen****,영수증,음식이 맛있어요 | 재료가 신선해요 | 양이 많아요 | 친절해요 | 매장이 청결해요,,
947,689ffb7ff7a9d6dde7a0746a,텍스트·콘텐츠형,,바지락 엄청 많고 맛있습니다 반찬도 색달라서 좋았어요 다음에 또 방문의사 있습니다!,2026-25-08,2026-25-08,25.8.16.토,25.8.16.토,1,엉이30,영수증,음식이 맛있어요 | 재료가 신선해요 | 양이 많아요 | 가성비가 좋아요 | 매장이 넓어요,,
948,689ff392fc99799444af22ac,텍스트·콘텐츠형,,부모님이랑 여행와서 방문했는데 반찬이나 음식 모두 깔끔해서 좋아하셨어요! 해장국도 적당히 시원하고 얼큰해서 맛있게 먹었습니다,2026-25-08,2026-25-08,25.8.16.토,25.8.16.토,1,kimm71,영수증,재료가 신선해요 | 양이 많아요 | 가성비가 좋아요 | 반찬이 잘 나와요 | 매장이 청결해요,,
949,689fed2c2321abb83cb7f691,텍스트·콘텐츠형,,"직원분들도 친절하시고
해장국도 너무 맛있어요✊🏻
고기완자도 맛잇으니 꼭 시켜드세요 ~~~",2026-25-08,2026-25-08,25.8.16.토,25.8.16.토,1,HYBN,영수증,음식이 맛있어요 | 재료가 신선해요 | 양이 많아요 | 매장이 넓어요 | 친절해요,,
950,689fe6100d5738c69436b1a6,텍스트·콘텐츠형,,"바지락해장국이라는 메뉴가 궁금해서 숙소에 나오서 바로 달려간곳. 찐 맛집이네요 바지락과 씨레기의 조합도 좋고
그리고 소내장과의 조합도 좋고 씨레기들어 비벼먹고 
다시마식초넣어 말아먹는 일타이피의 맛집이네요
리뷰영수증시 튀김어포증정도 대박입니다
넘 잘먹고갑니다~~~^^대밥나세요🫡",2026-25-08,2026-25-08,25.8.16.토,25.8.16.토,1,운동을즐기는남자53,영수증,음식이 맛있어요 | 특별한 메뉴가 있어요 | 재료가 신선해요 | 현지 맛에 가까워요 | 친절해요,"안녕하세요, 태안바지락해장국입니다!
소중한 방문과 정성스러운 후기 정말 감사드립니다.
바지락과 시래기, 그리고 내장의 조합까지 맛있게 즐겨주셔서 기쁩니다.
다시마식초로 마무리하신 표현이 정말 맛있게 전해지네요.
리뷰 이벤트도 즐겁게 참여해 주셔서 감사드리며, 앞으로도 신선한 재료와 정성으로 보답하겠습니다.
태안바지락해장국을 찾아주셔서 감사드립니다.",25.10.14.화
951,689fde48b9aeaf6198e1278f,텍스트·콘텐츠형,,맛있어요,2026-25-08,2026-25-08,25.8.16.토,25.8.16.토,1,her****,영수증,음식이 맛있어요 | 재료가 신선해요 | 양이 많아요 | 매장이 넓어요 | 친절해요,,
952,689ecdf311ffed0e85303e91,텍스트·콘텐츠형,,친절했어요,2026-25-08,2026-25-08,25.8.15.금,25.8.15.금,1,김태일51,영수증,음식이 맛있어요 | 양이 많아요 | 인테리어가 멋져요 | 혼밥하기 좋아요 | 친절해요,,
953,689ec2848487631b306f24fb,텍스트·콘텐츠형,,해장국 내장탕 고기완자 전부 다 맛있어요. 양도 많고 밥 리필도 되어서 푸짐하게 잘 먹고 갑니다. 또 들릴게요!!!,2026-25-08,2026-25-08,25.8.15.금,25.8.15.금,1,김주주63,영수증,음식이 맛있어요 | 재료가 신선해요 | 양이 많아요 | 특별한 메뉴가 있어요,,
954,68a31d864964879365314547,텍스트·콘텐츠형,,"시래기밥이 맛있고 바지락장에 비벼먹으니 진짜 맛있었어요. 낙지젓도 맛있었구요.
해장국은 익숙한 맛이었는데 내장탕 베이스맛 이랄까, 시래기가 들어가서 그런것도 같고, 맛있었어요.
개인적인 입맛으로는 국물에 밥 말아먹는것보다 바지락장에 비벼먹는게 훨씬 맛있었어요ㅎ
고기완자도 크고 맛있습니다!
국물이 다 매운거라 아이와 함께 간다면 아이가 먹을게 없는게 아쉬운점 이네요.",2026-25-08,2026-25-08,25.8.18.월,25.8.15.금,1,E2,영수증,음식이 맛있어요 | 양이 많아요 | 매장이 청결해요,,
955,68b8211b5947f99a074e3291,텍스트·콘텐츠형,,"태안가는길에 남편이 급검색해서 들리게되었어요
어른들은 바지락내장탕을먹고 애들은 바지락완자시켜먹었는데 맛있었고 애들도 완자를  너무잘먹어서 잘왔다 생각했어요ㅎ",2026-25-09,2026-25-08,25.9.3.수,25.8.15.금,1,lyj200500,영수증,음식이 맛있어요 | 특별한 메뉴가 있어요 | 가성비가 좋아요 | 주차하기 편해요 | 아이와 가기 좋아요,,
956,689eb4beac2be9021ac1de09,텍스트·콘텐츠형,,"음식이 특색있고 맛있어요~
해장제대로하고가요~",2026-25-08,2026-25-08,25.8.15.금,25.8.15.금,1,Smile3876,영수증,음식이 맛있어요 | 재료가 신선해요 | 특별한 메뉴가 있어요 | 친절해요,,
957,689eae44281ad437faa9faa0,텍스트·콘텐츠형,,맛잇게 먹엇어요! 담엔 짜배기 도전~,2026-25-08,2026-25-08,25.8.15.금,25.8.15.금,1,hob****,영수증,술이 다양해요 | 음식이 맛있어요 | 특별한 메뉴가 있어요 | 매장이 넓어요 | 매장이 청결해요,,
958,689f51727b5811375a64ceae,텍스트·콘텐츠형,,바지락과 내장의 조합이라니..너무 찬성합니다 이 조합..^^👍 아침 점심 장사만 한다고 하셔서 숙소 체크아웃하고 부리나케 찾아왔네요.. 와 진짜 이거 안먹고 태안 떠났으면 어쩔뻔~~^^ 개인적으로 태안 여행 와서 가장 맛있게 먹은 음식이었습니다.^^,2026-25-08,2026-25-08,25.8.16.토,25.8.15.금,1,fhw****,영수증,음식이 맛있어요 | 재료가 신선해요 | 양이 많아요 | 특별한 메뉴가 있어요 | 가성비가 좋아요,,
959,689ea8b405c565c12e22141f,텍스트·콘텐츠형,,맛있게 잘 먹었습니다.,2026-25-08,2026-25-08,25.8.15.금,25.8.15.금,1,우리27,영수증,음식이 맛있어요 | 특별한 메뉴가 있어요 | 친절해요 | 매장이 청결해요,,
960,689e8cf644ed7625b97a3d0f,텍스트·콘텐츠형,,바지락 해장국이 처음엔 생소해서 고민했는데 아니 여기 왜 아직 방송 안탔지? 싶게 너무 맛있는 집!! 바지락 너무 신선하고 양도 푸짐하고 밥도 시레기밥! 넘 맛있었어요!,2026-25-08,2026-25-08,25.8.15.금,25.8.15.금,1,you****,영수증,음식이 맛있어요 | 재료가 신선해요 | 양이 많아요 | 특별한 메뉴가 있어요,,
961,689e8901771c1eb2c20d1ded,텍스트·콘텐츠형,,"바지락 해장국은 첨먹어보는데 완전 맛있어요!!
내장해장국도 하나도 기름지거나 느끼하지않고 자극적이지않습니당
정갈한 반찬 3개가 다 짜지않고 맛있어서 캠핑끝나고 올라갈때 바지락장사가려구요~~^^",2026-25-08,2026-25-08,25.8.15.금,25.8.15.금,1,ego****,영수증,음식이 맛있어요 | 특별한 메뉴가 있어요 | 재료가 신선해요 | 반찬이 잘 나와요 | 친절해요,,
962,689e838b9384c1a565666c40,텍스트·콘텐츠형,,매장깔끔하고 맛있어요,2026-25-08,2026-25-08,25.8.15.금,25.8.15.금,1,들레몽,영수증,음식이 맛있어요 | 재료가 신선해요 | 인테리어가 멋져요 | 매장이 넓어요 | 친절해요,,
963,689e8553c5bce0ecda8ed1e9,텍스트·콘텐츠형,,"조개 특유의 맛을 싫어해서 바지락도 아예 못 먹지만
색다른 메뉴가 끌려서 방문했어요
결론적으로 대만족 입니다!!
해장국 그 자체여서 마시지도 않은 술이 풀리는 기분이었고, 국물이 시원하고 적당히 칼칼해서 바지락도
몇개 먹었는데 전혀 안 비리더라구요
그리고 같이 나온 바지락장와 낙지젓도 너무 맛있어요
시레기 밥도 무한리필이니 추가해서 바지락 고기완자와바지락장에 비벼드시면 아이들도 너무 좋아할 맛😋
특이한게 다시마식초가 있는데, 국물에
넣어먹으니 감칠맛이 더 살아나면서 맛이 풍부해 지더라구요. 신맛이 강하지 않으니 식초를 좋아하시는 분들은 넣오드시는거 추천해요 저는 네바퀴나 둘러 먹었어여🤭
오후 두시 반이 라스트오더이니 아침점심 메뉴로
얼른 드시러 오세요!!",2026-25-08,2026-25-08,25.8.15.금,25.8.15.금,1,크림치즈여우,영수증,음식이 맛있어요 | 특별한 메뉴가 있어요 | 건강한 맛이에요 | 매장이 청결해요 | 주차하기 편해요,,
964,689e7e1f8040ace8f8f0b368,텍스트·콘텐츠형,,너무 배부르게 잘 먹었습니다. 밥도 공짜로 추가되어서 너무 좋았습니다. 동네에 이런 집이 있는지 이제야 알았네요. 굿입니다.,2026-25-08,2026-25-08,25.8.15.금,25.8.15.금,1,민쿠서쿠,영수증,음식이 맛있어요 | 재료가 신선해요 | 양이 많아요 | 특별한 메뉴가 있어요 | 매장이 넓어요,,
965,68ba7047a435f7d0d709d053,텍스트·콘텐츠형,,"식당 내부가 깨끗하게 잘 관리되어 있고, 맛도 좋네요~~
특히 바지락장이 맛있었습니다",2026-25-09,2026-25-08,25.9.5.금,25.8.13.수,1,sns****,영수증,음식이 맛있어요 | 재료가 신선해요,,
966,689c0256dca794f832752229,텍스트·콘텐츠형,,"3번째 방문했습니다! 태안 오면 꼭 들러야하는 맛집👍
해장하실분들 여기로 다들 모이세요❗️",2026-25-08,2026-25-08,25.8.13.수,25.8.13.수,1,먹수빈,영수증,친절해요 | 매장이 청결해요 | 음식이 맛있어요 | 양이 많아요 | 특별한 메뉴가 있어요,,
967,689bed49c2e675bde0ed2f7c,텍스트·콘텐츠형,,너무 맛있어요!!,2026-25-08,2026-25-08,25.8.13.수,25.8.13.수,1,merong09,영수증,음식이 맛있어요 | 재료가 신선해요 | 양이 많아요 | 매장이 넓어요 | 친절해요,,
968,689abcc7d1265ffbd09528e0,텍스트·콘텐츠형,,"편안한 매장에 맛있고 친절하셨어요. 바지락해장국, 바지락 내장탕, 고기완자 주문했는데 하나같이 맛있네요. 기대 이상이었어요 :)",2026-25-08,2026-25-08,25.8.12.화,25.8.12.화,1,EUNB,영수증,음식이 맛있어요 | 특별한 메뉴가 있어요 | 가성비가 좋아요 | 친절해요 | 매장이 넓어요,,
969,689ab5aa38083251ea7d2a3b,텍스트·콘텐츠형,,"검색통해 왔는데 완전 맛집이었네요!!
고기완자 꼭 추가해서 드셔요!!!👍👍
다음에 여행오면 또 올께요~~~!!",2026-25-08,2026-25-08,25.8.12.화,25.8.12.화,1,ros****,영수증,음식이 맛있어요 | 특별한 메뉴가 있어요 | 친절해요,,
970,689bb7f5b794149e8977dbff,텍스트·콘텐츠형,,"아침을 달달한 빵으로 먹었더니 칼칼한 국물이 땡겨 일찌감치 먼 거리를 달려갔어요. 11시 30분 빈 테이블이 몇 개 있어서 주문 얼른 할 수 있었는데 12시부터는 대기해야 가능하더라구요 
맛이 완전 기대 이상이예요. 고기나 선지해장국은 너무 기름져서 어떤 때에는 기피 대상인데 바지락 듬뿍 넣은 우거지해장국은 거의 흡입하며 먹었어요. 바지락 골라 먹는 재미도 쏠쏠. 카운터 뒤에 원두커피머신 있는데 에스프레소로 뽑은 뒤 찬물 첨가하니 사장님이 얼음도 듬뿍 주셔서 돌아오는 차에서 완전 감동하며 돌아왔어요. 나중에도 여긴 꼭 다시 올 곳 맞습니다.",2026-25-08,2026-25-08,25.8.13.수,25.8.12.화,1,향기로울,결제내역,음식이 맛있어요 | 재료가 신선해요 | 양이 많아요 | 특별한 메뉴가 있어요 | 매장이 청결해요,,
971,6899732d68bad45c7d75e615,텍스트·콘텐츠형,,"얼큰하고 바지락 양이 많았어요. 까 먹는 재미가 있었답니다. 고기 완자도 대왕에다가 소스가 맛있어요!! 배부른 한끼 식사로 완벽합니다~
직원분들도 친절하시고 태안 여행 와서 가장 맛있던 음식점 같습니다 .",2026-25-08,2026-25-08,25.8.11.월,25.8.11.월,1,G7eed,영수증,매장이 넓어요 | 차분한 분위기예요 | 음식이 맛있어요 | 재료가 신선해요 | 양이 많아요,,
972,68997018b4c3814154ab9510,텍스트·콘텐츠형,,국물이 너무 개운하고 깔끔해서 아주 맛있게 잘 먹었습니다 ㅎㅎㅎ 고기완자도 두껍고 바지락이 많아서 맛있게 잘 먹었습니다 추천합니다👍,2026-25-08,2026-25-08,25.8.11.월,25.8.11.월,1,gkd****,영수증,음식이 맛있어요 | 재료가 신선해요 | 인테리어가 멋져요 | 매장이 넓어요 | 친절해요,,
973,68997c8b9a96b71a406a7b7a,텍스트·콘텐츠형,,태안에 교육받으러갔다가 근처맛집을 찾았는데 리뷰가 좋아서 기대하고 갔는데 기대이상이었어요 ^^ 바지락해장국이라 생소했는데 넘 시원하고맛있었어요 . 밥에비벼먹는 바지락장은 같이갔던 동료들도 다 맛있대요. 육전도 맛있어요 ~,2026-25-08,2026-25-08,25.8.11.월,25.8.11.월,1,다임이,영수증,음식이 맛있어요 | 재료가 신선해요 | 매장이 넓어요 | 차분한 분위기예요 | 주차하기 편해요,,
974,689958e1cfb982a4f2804df1,텍스트·콘텐츠형,,,2026-25-08,2026-25-08,25.8.11.월,25.8.11.월,1,gih****,영수증,재료가 신선해요 | 음식이 맛있어요 | 특별한 메뉴가 있어요 | 양이 많아요 | 매장이 넓어요,,
975,6899577cba23ddd86c17e825,텍스트·콘텐츠형,,첫 바지락해장국! 신기하고맛잇어요! 음식도 깔끔하고 이쁘게 나와요! 맛도좋고 깔끔해서 좋았어교! 나중에 태안놀러오면 또 먹으러오겟습니다!😊🫰🏻👍,2026-25-08,2026-25-08,25.8.11.월,25.8.11.월,1,공주언니2,영수증,음식이 맛있어요 | 재료가 신선해요 | 양이 많아요 | 특별한 메뉴가 있어요 | 매장이 넓어요,,
976,6899dce5619abbf155466053,텍스트·콘텐츠형,,또가고시퍼요,2026-25-08,2026-25-08,25.8.11.월,25.8.11.월,1,ros****,영수증,음식이 맛있어요 | 재료가 신선해요 | 양이 많아요 | 가성비가 좋아요,,
977,68994519d0ffb1e20dbe4a08,텍스트·콘텐츠형,,지인들 모시고 또 방문했어요,2026-25-08,2026-25-08,25.8.11.월,25.8.11.월,3,저 푸른초원 위에,영수증,음식이 맛있어요 | 특별한 메뉴가 있어요 | 인테리어가 멋져요,,
978,68983bc2e7b280f804223e47,텍스트·콘텐츠형,,맛있어요 깔끔하고 내장탕은 고소해서 추천해용!!!,2026-25-08,2026-25-08,25.8.10.일,25.8.10.일,1,Rhdiddld,영수증,음식이 맛있어요 | 매장이 넓어요 | 혼밥하기 좋아요 | 친절해요,,
979,689823e06398aef675ec185a,텍스트·콘텐츠형,,맛있네요^^,2026-25-08,2026-25-08,25.8.10.일,25.8.10.일,1,도니여니워니,영수증,음식이 맛있어요 | 재료가 신선해요 | 매장이 넓어요,,
980,6898141f45bcf608f356335e,텍스트·콘텐츠형,,맛있어요 깔끔합니다ㅎㅎ,2026-25-08,2026-25-08,25.8.10.일,25.8.10.일,1,os****,영수증,인테리어가 멋져요 | 매장이 넓어요 | 친절해요 | 매장이 청결해요 | 음식이 맛있어요,,
981,6899305334d0af8dbf055237,텍스트·콘텐츠형,,"해장국이 시원합니다
약간이 간이 조금더 하면 좋을거 같다는 생각이 들었고요 곤드레 밥 곤드레 향이 나면서 해장국에 비벼 먹으니 맛있습니다
짜베기란 술을 먹었습니다
소주에 얼음을 넣어 한컵 주는데 약하고 뒤끝에 단맛이 느껴집니다
맛있게 먹었습니다^^",2026-25-08,2026-25-08,25.8.11.월,25.8.10.일,1,kim****,영수증,음식이 맛있어요 | 양이 많아요 | 매장이 넓어요 | 친절해요 | 주차하기 편해요,,
982,68980d3bfae26a5993585983,텍스트·콘텐츠형,,"바지락이 엄청 많아요!!!!
국물도 칼칼하고 내장탕  최고에요 진짜…
테안맛집 인정합니다!
깍두기..  너무 맛잇어요!!!",2026-25-08,2026-25-08,25.8.10.일,25.8.10.일,1,Yuhwa,영수증,음식이 맛있어요 | 양이 많아요 | 기본 안주가 좋아요,,
983,6897f894d57efd9a92504548,텍스트·콘텐츠형,,처음 먹어본 메뉴인데 너무 맛있었어요. 바지락내장탕 강추입니다.,2026-25-08,2026-25-08,25.8.10.일,25.8.10.일,1,ri****,영수증,음식이 맛있어요 | 재료가 신선해요 | 특별한 메뉴가 있어요 | 친절해요,,
984,6896e0ed09c35bbd8903228b,텍스트·콘텐츠형,,토요일 2시에 방문했어요. 대기없이 바로 들어가서 편하게 식사하고 나왔습니다. 해장국하나 내장탕하나 고기완자2개 먹었어요 바지락도 많이 들어가고 깔끔하게 맛있게 잘 먹고 갑니다.,2026-25-08,2026-25-08,25.8.9.토,25.8.9.토,1,천또바,영수증,음식이 맛있어요 | 양이 많아요 | 친절해요 | 주차하기 편해요,,
985,6896d62b2a87f5513b5fac68,텍스트·콘텐츠형,,"태안 바지락 해장국 바지락 내장탕 고기완자 맛있게 먹고 갑니다. 조개가 신선하고 시래기 밥이 특별하네요!^^ 가게도 깔끔하고 친절하십니다 
특별한 메뉴로 추천드립니다",2026-25-08,2026-25-08,25.8.9.토,25.8.9.토,1,뿌니맘335,영수증,음식이 맛있어요 | 재료가 신선해요 | 특별한 메뉴가 있어요 | 친절해요 | 화장실이 깨끗해요,,
986,6896c2d499c74caca50c9c05,텍스트·콘텐츠형,,맛집 검색 해서 왔는데 정말 맛집이네요,2026-25-08,2026-25-08,25.8.9.토,25.8.9.토,1,211****,영수증,음식이 맛있어요 | 재료가 신선해요 | 양이 많아요 | 특별한 메뉴가 있어요,,
987,6896c336e8e81e5c503653a4,텍스트·콘텐츠형,,태안에 여행을 왔는데 비가 와서 국물이 땡기더라구오.  여행 첫 끼로 먹었는데 너무너무너무 맛있었어요. 시작이 좋습니다 ㅎㅎ. 국물이 얼큰하니 크게 맵지 않고 시래기도 그득그득 바지락도 많아요. 밑반찬들도 다 맛있고 먹다 식초도 약간 넣어먹으면 진짜 한 그릇 뚝딱이에요…! 강추합니다,2026-25-08,2026-25-08,25.8.9.토,25.8.9.토,1,은이시예,영수증,음식이 맛있어요 | 양이 많아요 | 메뉴 구성이 알차요 | 현지 맛에 가까워요 | 매장이 넓어요,,
988,6896c1238a24b1b5a09e35e1,텍스트·콘텐츠형,,맛있게 잘 먹고 갑니다,2026-25-08,2026-25-08,25.8.9.토,25.8.9.토,1,똥글똥글73,영수증,음식이 맛있어요 | 재료가 신선해요 | 특별한 메뉴가 있어요 | 주차하기 편해요,,
989,6896bf668984f15e31516753,텍스트·콘텐츠형,,"맛있어요
재료도 신선하고 사장님도 친절하시네요^^",2026-25-08,2026-25-08,25.8.9.토,25.8.9.토,1,sme****,영수증,음식이 맛있어요 | 재료가 신선해요 | 양이 많아요,,
990,6896ab0ba9bcc6cbb64e9b3b,텍스트·콘텐츠형,,"가족여행와서 네이버리뷰보고 방문했는데 칼칼하고 시원하게 맛있게 먹고 갑니다! 진짜 맛있게 먹었어요!
어제 술도 많이 마셨는데 진짜 해장의 성지라고 할만하네요.",2026-25-08,2026-25-08,25.8.9.토,25.8.9.토,1,제갈곽가8,영수증,음식이 맛있어요 | 특별한 메뉴가 있어요 | 재료가 신선해요 | 양이 많아요 | 단체모임 하기 좋아요,,
991,68969deb4db223bda4ffcb35,텍스트·콘텐츠형,,,2026-25-08,2026-25-08,25.8.9.토,25.8.9.토,1,englishsee,영수증,음식이 맛있어요 | 재료가 신선해요,,
992,68969623281f0059103d4e3b,텍스트·콘텐츠형,,태안오면 여기는 꼭 들려요,2026-25-08,2026-25-08,25.8.9.토,25.8.9.토,2,저 푸른초원 위에,영수증,음식이 맛있어요 | 재료가 신선해요 | 특별한 메뉴가 있어요 | 인테리어가 멋져요,,
993,6896943ee7b280f804f34bc5,텍스트·콘텐츠형,,매장이 깔끔하고 맛있어요!,2026-25-08,2026-25-08,25.8.9.토,25.8.9.토,1,cfcf3,영수증,음식이 맛있어요 | 재료가 신선해요 | 양이 많아요,,
994,68969522200d9b24470fb69f,텍스트·콘텐츠형,,"매장깔끔하고 맛있었습니다 마늘알갱이가 씹히는 스타일이라 느끼함이 덜하지만 전 취향이 아니라 빼고 먹었지만 중딩아들  잘먹더라고요 초딩은 해장국 못먹어 고기완자 먹었는데 담백하더라고요 사이즈가 커서 다못먹고 남겼어요
맛있게 잘먹었습니다",2026-25-08,2026-25-08,25.8.9.토,25.8.9.토,1,니나니노니81,영수증,음식이 맛있어요,,
995,68956b12b731b54bb1460456,텍스트·콘텐츠형,,태안여행와서 바지락 해장국이 있다길래 솔직히 반신반의 하면서 먹었는데 너무 맛있어요 !!!!!👍🏻 양도 엄청 많아서 밥은 반먹고 남겼어요ㅠㅠㅠ 아침에 해장하기 딱 좋아요 ㅎㅎㅎ 사장님 직원분들도 모두 친절하셔서 기분 좋게 식사하고 갑니다 :) ❤️,2026-25-08,2026-25-08,25.8.8.금,25.8.8.금,1,리뷰왕이될테야z,영수증,음식이 맛있어요 | 양이 많아요 | 특별한 메뉴가 있어요 | 친절해요,,
996,689564bacd0058f8beb47af6,텍스트·콘텐츠형,,"진짜 맛있어요 ‼️
리솜갔다가 오래걸려도 가보자 해서 온 곳인데 
안왔으면 후회했을것 같아요 
참고로 저는 맛의고장 “전주”에서 온 여행자 입니다 
매주 목요일은 쉰다니 저는 먹을 복 있눈 사람인가봅니다",2026-25-08,2026-25-08,25.8.8.금,25.8.8.금,1,무미마메,영수증,음식이 맛있어요 | 재료가 신선해요 | 양이 많아요 | 특별한 메뉴가 있어요 | 매장이 넓어요,,
997,689192518d795573c0a633a7,텍스트·콘텐츠형,,진짜 너무 맛있게 잘먹었어요 !! 담에 또 태안오면 머그러갈 곳 1위에여 💕 그리고 바지락 장이랑 낙지젓갈 진짜 넘 맛있어서 또 리필하고 집으로 사가지고 왔다는 다들 태안오면 여기 꼭 들려서 후회없는 한끼하규 가세뇨 🩷,2026-25-08,2026-25-08,25.8.5.화,25.8.5.화,1,라잇쑈,영수증,음식이 맛있어요 | 재료가 신선해요 | 양이 많아요,,
998,689177f49664d6e6f8f42aa3,텍스트·콘텐츠형,,"** 예약없이 이용했고 평일 11:30분쯤 도착했을때 저희가 마지막으로 만석이였어요! 

바지락해장국.내장해장국 모두 먹어봤을때 다 맛있었어요! 
음식도 깔끔하고 1인 1메뉴 주문시 시애기밥도 무제한인데 바지랑장이랑 낙지젓이랑 먹으면 정말 맛있습니다👍🏻


++ 음식도 맛있고 리뷰이벤트시 주는 빠삭이과자도 맛있어용😄",2026-25-08,2026-25-08,25.8.5.화,25.8.5.화,1,하나둘셋3322,영수증,음식이 맛있어요 | 매장이 넓어요 | 매장이 청결해요,,
999,68916eca2bfe9aeaf739d0dd,텍스트·콘텐츠형,,,2026-25-08,2026-25-08,25.8.5.화,25.8.5.화,1,청주셔플댄스,영수증,음식이 맛있어요 | 매장이 넓어요,,
1000,689169922cd03dd5ec62ab7e,텍스트·콘텐츠형,,여행후 맛집을 발견했어요~♡,2026-25-08,2026-25-08,25.8.5.화,25.8.5.화,1,꼼지락6417,영수증,음식이 맛있어요 | 특별한 메뉴가 있어요 | 매장이 청결해요 | 주차하기 편해요,,
1001,689705870bdb3aa3b7f3c3d7,텍스트·콘텐츠형,,"친절하고 깨끗 김치가 없어서 좀아쉽긴했음
양도많고 음식도 깔끔해요",2026-25-08,2026-25-08,25.8.9.토,25.8.5.화,1,gamacha,영수증,음식이 맛있어요 | 양이 많아요 | 매장이 넓어요 | 친절해요 | 매장이 청결해요,,
1002,689023e09dc330c574bf15ca,텍스트·콘텐츠형,,동생네 가족이 와서 태안에서만 먹을 수 있는 바지락 해장국 선택했는데 다들 너무 맛있게 먹어서 제가 뿌듯하네요~~  맛있게 잘 먹었어요 ^^,2026-25-08,2026-25-08,25.8.4.월,25.8.4.월,4,한송0l,결제내역,음식이 맛있어요 | 재료가 신선해요 | 특별한 메뉴가 있어요,,
1003,68900b918863f43cd8ae0c6c,텍스트·콘텐츠형,,"태안 맛집으로 검색해서 온건데
진짜 찐 맛집을 찾은거같아요!!!
메뉴는 2개인데 넘 맛있어요ㅠㅠㅠㅠ
둘다 맛있어요 담에 오면 또 두개다 먹을껍니다
번창하세요!!",2026-25-08,2026-25-08,25.8.4.월,25.8.4.월,1,sehyun21,영수증,음식이 맛있어요 | 재료가 신선해요 | 양이 많아요 | 특별한 메뉴가 있어요 | 매장이 청결해요,,
1004,688ee6a9935e69c64443cfb5,텍스트·콘텐츠형,,섹시푸드 넘 맛있어열,2026-25-08,2026-25-08,25.8.3.일,25.8.3.일,1,asd****,영수증,친절해요 | 음식이 맛있어요 | 양이 많아요 | 특별한 메뉴가 있어요 | 메뉴 구성이 알차요,,
1005,688edc25ecbeab6e764fa849,텍스트·콘텐츠형,,"만리포 여행왔다가 맛집이래서 들렸어요.
일요일 11시 20분쯤 와서 테이블링하고 40분가량 웨이팅 후 입장!
성인 2  중딩 여아 2
바지락내장탕 4, 바지락고기완자 한접시 주문했어요.
양이 넘 많아서 바자낙고기완자 2점은 포장했다는..ㅋ
메인 메뉴는 말할것도 없이 맛있었고,
저기 반찬 세가지!! 정말 다 맛있었어요!
특히 바지락 장!! 짜지도않고 감칠맛  장난 아니라서 우리집 둘째는 저거 하나로 밥 한그릇 다먹을 정도였습니다!! 
거짓말안하고 이거먹으러 태안 여행을 또 오고 싶다는 생각을 했습니다~
너무 잘먹고 가요^^",2026-25-08,2026-25-08,25.8.3.일,25.8.3.일,1,AMYYo,영수증,음식이 맛있어요 | 양이 많아요 | 반찬이 잘 나와요,,
1006,688ebb3c9993f17f5103dbf0,텍스트·콘텐츠형,,"양도많고 맛있구 사장님 완전친절👍👍👍👍👍
여행의 끝을 기분좋게 해주셔서 감사합니당 ❤️",2026-25-08,2026-25-08,25.8.3.일,25.8.3.일,1,힘짱잉,영수증,음식이 맛있어요 | 양이 많아요 | 매장이 넓어요 | 친절해요,,
1007,688eab5fc07e9f5de67acc77,텍스트·콘텐츠형,,"태안에서 먹은 것 중에 제일 맛있었어요
시래기밥 감칠맛 최고 밥은 더 달라고 하면 더 주세요
국물도 너무 맛있고 바지락완자도 맛있으니 꼭 드셔보세요!",2026-25-08,2026-25-08,25.8.3.일,25.8.3.일,1,사롱,영수증,음식이 맛있어요 | 재료가 신선해요 | 특별한 메뉴가 있어요,,
1008,688da9681c196ded67136ab7,텍스트·콘텐츠형,,"너무 맛있어요!!
가족들 모두 너무 맛있다며 가까우면 자주 오고싶다고 이야기 했답니다😊
태안 놀러오면 또 올게요:)",2026-25-08,2026-25-08,25.8.2.토,25.8.2.토,1,별별하,영수증,음식이 맛있어요 | 재료가 신선해요 | 매장이 넓어요 | 친절해요 | 매장이 청결해요,,
1009,688d92efb7739793bd6c0942,텍스트·콘텐츠형,,"신선한 맛, 깔끔한 맛, 칼칼한 맛
기대 이상이네요..굿",2026-25-08,2026-25-08,25.8.2.토,25.8.2.토,1,les3853,영수증,음식이 맛있어요 | 재료가 신선해요 | 매장이 청결해요 | 주차하기 편해요,,
1010,688d828606bfb058c5a3b22e,텍스트·콘텐츠형,,"태안 여행 왔다가 들렸는데 매장이 청결하고 좋아요.
음식도 맛있습니다. 
잘 먹고 가요~",2026-25-08,2026-25-08,25.8.2.토,25.8.2.토,1,tkf****,영수증,음식이 맛있어요 | 특별한 메뉴가 있어요 | 매장이 청결해요 | 주차하기 편해요,,
1011,688d81248efb75a2441e2c7c,텍스트·콘텐츠형,,너무 맛있네요!! 태안에 오면 꼭 여기로!!👍,2026-25-08,2026-25-08,25.8.2.토,25.8.2.토,1,쭈누짜누맘46,영수증,음식이 맛있어요 | 매장이 넓어요 | 친절해요 | 매장이 청결해요 | 주차하기 편해요,,
1012,688d772d3e77802f56ecf5c2,텍스트·콘텐츠형,,맛은있네요.. 직원분이 불친절해서 그러지..밥을 무한리필을 해놓지를 말던가..반찬리필 해달랬더니 한숨을쉬네요..반묶음머리한 아줌마 친절하게 답좀해주세요~~무서워요..리필시키기..,2026-25-08,2026-25-08,25.8.2.토,25.8.2.토,1,보람조던,영수증,,,
1013,688d741a354cf3d2f84742b0,텍스트·콘텐츠형,,너무 맛있어요 이쪽으로 여행오면 꼭 오세요!! 해장맛집!,2026-25-08,2026-25-08,25.8.2.토,25.8.2.토,1,jun****,영수증,음식이 맛있어요 | 양이 많아요 | 특별한 메뉴가 있어요 | 매장이 넓어요,,
1014,688d69745fd2d138d1e05209,텍스트·콘텐츠형,,만리포 해수욕장 들렸다가 아침먹고 가려고 찾다가 급 유턴해서 왔어요~ㅎㅎ 얼큰하고 바지락의 개운함이 잘 느껴집니다!! 낫지젓 맛있고 고기완자도 짜지 않고 맛있어요~ㅎㅎ,2026-25-08,2026-25-08,25.8.2.토,25.8.2.토,1,jae****,영수증,음식이 맛있어요 | 잡내가 적어요 | 특별한 메뉴가 있어요 | 가성비가 좋아요,,
1015,6890aa2b7788fa7730c57a72,텍스트·콘텐츠형,,처음 믹어봤는데 넘 맛있어요 ~^,2026-25-08,2026-25-08,25.8.4.월,25.8.2.토,1,박민주170,영수증,음식이 맛있어요 | 양이 많아요,,
1016,688c51e88c1bf98cac242cbe,텍스트·콘텐츠형,,좀기다렸지만 맛있고 깔끔했습니다.~!!,2026-25-08,2026-25-08,25.8.1.금,25.8.1.금,1,그럼그냥,결제내역,음식이 맛있어요 | 양이 많아요 | 친절해요,,
1017,688c50c7ec06c8c4ff95eea5,텍스트·콘텐츠형,,"국물이 해장하기 딱이예요.
재료 소진전 마지막에서 세번째..",2026-25-08,2026-25-08,25.8.1.금,25.8.1.금,1,smjung1,영수증,음식이 맛있어요,,
1018,688c50d1d107ebb6d12b39cf,텍스트·콘텐츠형,,너무 맛있었어요!!! 태안에 여행오시면 꼭 한번 드셔보시길 추천합니당🤩,2026-25-08,2026-25-08,25.8.1.금,25.8.1.금,1,yes****,영수증,음식이 맛있어요 | 매장이 청결해요 | 매장이 넓어요,,
1019,688c4e10a37aa5ab3e8061ec,텍스트·콘텐츠형,,"너무 멋있고 태안오면 또올것같아요!!
깨끗하고 친절하세요",2026-25-08,2026-25-08,25.8.1.금,25.8.1.금,1,현두님,영수증,음식이 맛있어요 | 재료가 신선해요 | 양이 많아요 | 특별한 메뉴가 있어요,,
1020,688c46ec8d672de7cb8a4c9e,텍스트·콘텐츠형,,"정말 맛있고 직원분들도 친절해요 
다음에 오면 또 오고싶고 반찬도 정말 깔끔 합니다 
👍👍👍👍👍 강추에요 강추 다들 많이 오세요",2026-25-08,2026-25-08,25.8.1.금,25.8.1.금,1,ch****,영수증,음식이 맛있어요 | 재료가 신선해요 | 특별한 메뉴가 있어요 | 매장이 넓어요 | 인테리어가 멋져요,,
1021,688c3e6849cf14ee563c63b2,텍스트·콘텐츠형,,"해장국은 깔끔한 맛이고 내장탕은 걸쭉해요!
너무너무 맛있어요!! 태안오면 다시 들릴거같아요~~
추천해요!",2026-25-08,2026-25-08,25.8.1.금,25.8.1.금,1,kim****,영수증,음식이 맛있어요 | 재료가 신선해요 | 양이 많아요 | 친절해요 | 매장이 청결해요,,
1022,688c3da8b60f2dc46f1f4095,텍스트·콘텐츠형,,"먹고 나가는 사람들의 표정이 좋았습니다.
매장도 청결하고 직원분들도 친절하시네요
맛도 정말 좋네요 굿👍🏻👍🏻",2026-25-08,2026-25-08,25.8.1.금,25.8.1.금,1,감자5567,영수증,음식이 맛있어요 | 특별한 메뉴가 있어요 | 재료가 신선해요 | 친절해요 | 매장이 청결해요,,
1023,6889a2e29c37f642df883f6e,텍스트·콘텐츠형,,"바지락해장국이랑 바지락내장탕 바지락고기완자 다먹어봤는데 다 맛있었어요!

내장탕에 곱창이랑 양도 많이들고 바지락도 넉넉히 들었네요~!

고기완자도 촉촉하고 감칠맛 좋으니
꼭 추가해드세요~!

잘 먹고갑니다!!",2026-25-07,2026-25-07,25.7.30.수,25.7.30.수,1,으랏차차1729,영수증,음식이 맛있어요 | 특별한 메뉴가 있어요 | 매장이 청결해요 | 주차하기 편해요,,
1024,68897fb59e45fab1e4e922cb,텍스트·콘텐츠형,,"깔끔하고맛있어요 해장은덤이구요♥
사장님과직원분들모두친절하셔서 기분좋게잘먹구왔습니당♥",2026-25-07,2026-25-07,25.7.30.수,25.7.30.수,1,서간38,영수증,음식이 맛있어요 | 인테리어가 멋져요 | 친절해요 | 매장이 청결해요 | 주차하기 편해요,,
1025,6889797e1c7e34941cca12a2,텍스트·콘텐츠형,,맛있어용,2026-25-07,2026-25-07,25.7.30.수,25.7.30.수,1,rac****,영수증,음식이 맛있어요 | 재료가 신선해요 | 양이 많아요 | 특별한 메뉴가 있어요,,
1026,68897b729fe682173be937fc,텍스트·콘텐츠형,,"태안 여행 후, 귀가 길에 들렀는데 정말 맛있어요. 

해장국은 얼큰한 맛, 내장탕은 고기의 묵직한 맛, 고기완자는 집에서 만든 완자 맛이라 너무 잘 먹었습니다. 

주차장, 매장이 모두 깨끗하고 넓게 갖추어져 있어서 편리해요.",2026-25-07,2026-25-07,25.7.30.수,25.7.30.수,1,바람결88,영수증,음식이 맛있어요 | 양이 많아요 | 특별한 메뉴가 있어요 | 매장이 넓어요 | 주차하기 편해요,,
1027,68897f666ba5f4dd5a40d081,텍스트·콘텐츠형,,"영수증 리뷰까지 꼼꼼히 살펴 보시는 분들을 위해 내돈내산 솔직 후기만 작성하고 있습니다.

부모님과 태안 여행 중 방문했는데 너무 만족스럽네요ㅎ
매장도 청결하고 친절하시고 주차도 편하면서 음식 맛이 훌륭합니다ㅎ 기본찬도 시레기 밥도 훌륭한데 해장국은 그동안 먹어보지 못했던 맛이고 내장탕은 진짜 끝내주네요ㅎ 고기완자는 고기 가득이라 육즙 터지는게 진짜 맛있습니다ㅎㅎ
테이블에 물티슈, 물도 생수로 주시고 여기는 불만 가질 요소가 전혀 없는 곳이에요ㅎㅎ
평일 11시 방문했는데도 손님 진짜 많고 그만큼 맛집입니다ㅎㅎ 추천 드려요ㅎㅎ",2026-25-07,2026-25-07,25.7.30.수,25.7.30.수,1,우 연 히 봄,영수증,음식이 맛있어요 | 재료가 신선해요 | 양이 많아요 | 특별한 메뉴가 있어요 | 친절해요,"안녕하세요, 태안바지락해장국입니다!
정성 가득한 후기와 따뜻한 말씀에 진심으로 감사드립니다.
가족분들과의 여행 중 저희 음식을 만족스럽게 즐겨주셨다니 정말 기쁩니다.
매장 청결과 서비스, 음식의 맛까지 세심히 봐주셔서 큰 힘이 됩니다.
앞으로도 변함없는 맛과 정성으로 다시 찾아주셨을 때 더욱 좋은 한 끼로 보답하겠습니다.
태안바지락해장국을 찾아주셔서 감사드립니다.",25.10.14.화
1028,688968867ce386afe03cb16e,텍스트·콘텐츠형,,"태안에 가족여행와서 맛있는 음식을 먹고가게 되어서 
또하나의 추억이 생겼습니다. 감사합니다.
다음여행에도 찾아오겠습니다.",2026-25-07,2026-25-07,25.7.30.수,25.7.30.수,1,써킷로드,영수증,음식이 맛있어요,,
1029,688963f8cdb7aa3897413fd7,텍스트·콘텐츠형,,"여기 찐맛집이네요!!!
아침으로 너무너무 맛있게 먹었어요
아침마다 오고 싶은데 내일 휴일이라 아쉽네요
아기 있는 집도 완전 강추요
완자 맛있어요",2026-25-07,2026-25-07,25.7.30.수,25.7.30.수,1,와웅83,영수증,음식이 맛있어요 | 재료가 신선해요 | 양이 많아요 | 특별한 메뉴가 있어요 | 매장이 넓어요,,
1030,68885790eaa942b5f92b62cb,텍스트·콘텐츠형,,"가족끼리 여행중 방문했습니다 :)
해장국 너무 맛있네요 ㅎㅎ",2026-25-07,2026-25-07,25.7.29.화,25.7.29.화,1,Jessica h,영수증,음식이 맛있어요 | 재료가 신선해요 | 친절해요 | 매장이 청결해요,,
1031,688833c2468685a49b39a411,텍스트·콘텐츠형,,"두번째 방문인데 너무 맛있고 개운해요
가게 깔끔하고 넓고 주차 공간도 넓어서 주차 편하고 좋아요",2026-25-07,2026-25-07,25.7.29.화,25.7.29.화,1,cho****,영수증,음식이 맛있어요 | 재료가 신선해요 | 양이 많아요 | 특별한 메뉴가 있어요 | 매장이 넓어요,,
1032,6888334610671c7ae2cd93ee,텍스트·콘텐츠형,,맛있어요~~,2026-25-07,2026-25-07,25.7.29.화,25.7.29.화,1,wjd****,영수증,음식이 맛있어요,,
1033,6888155dbd9dc44489b09489,텍스트·콘텐츠형,,아주 맛납니다. 자꾸만 생각납니다.,2026-25-07,2026-25-07,25.7.29.화,25.7.29.화,1,꿈꾸는미래51,영수증,음식이 맛있어요 | 재료가 신선해요 | 특별한 메뉴가 있어요 | 매장이 넓어요 | 매장이 청결해요,,
1034,68873623f2a7c34b7e3944f1,텍스트·콘텐츠형,,"요즘 날씨가 더워서 음식에 예민한편이라 따끈한 국물 파는곳이면서 청결한곳 찾았는데 여기가 딱이더라구요! 국물도 바지락 들어가서 쉬원하면서 칼칼하고! 남자친구는 내장탕먹었는데 진짜 좋아했어요! 시래기밥도 맛있고 바지락젓갈,낙지젓갈,알타리무로 만든 피클반찬까지 모든게 다 완벽했어요! 여행가서 식당 가면 위생은 어느정도 포기하는데 ㅠ 여기는 위생도 완벽하고 음식에 들어간 재료 하나하나 정성이 느껴져서 기분이 좋았습니다. 아! 바지락고기완자도 시켰는데 이건 왜이리 통통하고 실한지 ㅠㅠ 먹으면서 감동했어요. 이런거 다른식당 가서 시키면 크기도 작고 맛도 별로인데 여긴 사이드조차도 정직하게 나오네요! 태안 가면 여기는 부모님과도 함께 가려구요! 사장님 친절하게 맞아주셔서 감사해요. 맛있게 잘먹었습니다!",2026-25-07,2026-25-07,25.7.28.월,25.7.28.월,1,ks4****,영수증,음식이 맛있어요 | 재료가 신선해요 | 특별한 메뉴가 있어요 | 매장이 청결해요 | 친절해요,,
1035,6886c26d0acd77af1538ebf3,텍스트·콘텐츠형,,정갈하고깔끔하고 친절해요 ㅎㅎ 여행중에 또 오고싶은 곳이에요! 추천드려용,2026-25-07,2026-25-07,25.7.28.월,25.7.28.월,1,미키387,영수증,음식이 맛있어요 | 재료가 신선해요 | 매장이 넓어요 | 혼밥하기 좋아요 | 단체모임 하기 좋아요,,
1036,6885c82ced930ff1805e8e43,텍스트·콘텐츠형,,"완자는 아이가 바로 싸샥 밥도둑
해장국은 남편이 홀딱!
친숙한듯 특별한 맛 태안하면 이집  생각날듯😋",2026-25-07,2026-25-07,25.7.27.일,25.7.27.일,1,rbf****,영수증,음식이 맛있어요 | 재료가 신선해요 | 메뉴 구성이 알차요 | 매장이 넓어요 | 매장이 청결해요,,
1037,6885a9bf75c407e46fb56379,텍스트·콘텐츠형,,오!맛있어요!!!바지락장도 맛있고 한번가보세요!,2026-25-07,2026-25-07,25.7.27.일,25.7.27.일,1,smk3626,영수증,음식이 맛있어요 | 양이 많아요,,
1038,68859bf28efb75a244870716,텍스트·콘텐츠형,,너무 맛있어용 바지락장 짱짱,2026-25-07,2026-25-07,25.7.27.일,25.7.27.일,1,jh****,영수증,음식이 맛있어요 | 재료가 신선해요 | 양이 많아요 | 특별한 메뉴가 있어요,,
1039,68859d2f31e3631fd5c5d49b,텍스트·콘텐츠형,,태안 놀러왔다가 근처 식당 찾아서 왔는데 진짜 맛있습니다.. 술을 안마셨는데도 해장하는 느낌이었어요🤭,2026-25-07,2026-25-07,25.7.27.일,25.7.27.일,1,써니0104,영수증,음식이 맛있어요 | 메뉴 구성이 알차요 | 특별한 메뉴가 있어요 | 친절해요,,
1040,68859934efdfe99f87458868,텍스트·콘텐츠형,,"태안에 이런 맛집이!!💖💖
너무너무 많있고 양도 많습니다! 가격도 쏘 굿
친절하고 .. 이래저래 안 갈 이유 없습니다.!
여기서 꼭 즐 점심하세용",2026-25-07,2026-25-07,25.7.27.일,25.7.27.일,1,땡글0l,영수증,음식이 맛있어요 | 재료가 신선해요 | 양이 많아요 | 특별한 메뉴가 있어요 | 친절해요,,
1041,68859283b3a57ab9be603f4a,텍스트·콘텐츠형,,좀만늦엇어도웨이팅이였네요 ㅠㅠ 음식맛있어요!! 태안가면 꼭들리는집!!,2026-25-07,2026-25-07,25.7.27.일,25.7.27.일,1,봉구83,영수증,음식이 맛있어요 | 재료가 신선해요,,
1042,688590692aa310b727b0f336,텍스트·콘텐츠형,,"처음 먹어보는 해장국인데 맛있습니다 바지락 해감도 잘 되었구요
태안 여행하기 들리기 딱 좋아요",2026-25-07,2026-25-07,25.7.27.일,25.7.27.일,1,아마란스45,결제내역,음식이 맛있어요 | 재료가 신선해요 | 양이 많아요 | 매장이 넓어요 | 매장이 청결해요,,
1043,68858f85ff6762419bf08076,텍스트·콘텐츠형,,맛있어용👍,2026-25-07,2026-25-07,25.7.27.일,25.7.27.일,1,라쿠의티타임,영수증,음식이 맛있어요 | 특별한 메뉴가 있어요 | 건강한 맛이에요 | 매장이 넓어요,,
1044,688587b64b2f5323fe26ea08,텍스트·콘텐츠형,,친구들이랑 해장 찾아 다니다가 우연히 왔는데 너무 맛있었어요! 내장탕은 하루 30그릇 한정 판매인데 양도 많습니다 ㅎㅎ 사장님도 친절하시고 후식 커피까지 꼭 드시고 가세요~,2026-25-07,2026-25-07,25.7.27.일,25.7.27.일,1,nay****,영수증,음식이 맛있어요 | 양이 많아요,,
1045,68845d6bcdf4a2f947340d0f,텍스트·콘텐츠형,,"바지락해장국.
처음 먹었는데  맛 나넹ᆢ.
다시 오고 싶어요.",2026-25-07,2026-25-07,25.7.26.토,25.7.26.토,1,하씨니,영수증,음식이 맛있어요,,
1046,688451aff6324f7372e08928,텍스트·콘텐츠형,,"음식이 깔끔하고 너무 맛있습니다.
다음에는 내장탕 먹느러 또 올게요.
번창하세요~!!",2026-25-07,2026-25-07,25.7.26.토,25.7.26.토,1,가람당근,영수증,음식이 맛있어요 | 반찬이 잘 나와요 | 양이 많아요 | 현지 맛에 가까워요 | 매장이 넓어요,,
1047,68844c2ef2a7c34b7e419bd4,텍스트·콘텐츠형,,너무 맛있게 잘 먹었습니다!!!!!감사합니다!,2026-25-07,2026-25-07,25.7.26.토,25.7.26.토,1,dlw****,영수증,음식이 맛있어요 | 메뉴 구성이 알차요 | 반찬이 잘 나와요 | 주차하기 편해요,,
1048,68844b1040e9a6829e5b7eef,텍스트·콘텐츠형,,최고의태안신선해장국!,2026-25-07,2026-25-07,25.7.26.토,25.7.26.토,1,이동규943,영수증,음식이 맛있어요 | 재료가 신선해요 | 양이 많아요 | 특별한 메뉴가 있어요,,
1049,688448fc46f2105f0cd9683b,텍스트·콘텐츠형,,,2026-25-07,2026-25-07,25.7.26.토,25.7.26.토,1,LCSJhy33,영수증,음식이 맛있어요 | 양이 많아요 | 특별한 메뉴가 있어요,,
1050,68874a1da237335abc8fa301,텍스트·콘텐츠형,,,2026-25-07,2026-25-07,25.7.28.월,25.7.26.토,2,새우닭,영수증,음식이 맛있어요,,
1051,6884188e399a7b7f2c08b85f,텍스트·콘텐츠형,,맛있게 잘 먹었습니다,2026-25-07,2026-25-07,25.7.26.토,25.7.26.토,1,주주4164,영수증,음식이 맛있어요 | 재료가 신선해요 | 인테리어가 멋져요 | 매장이 넓어요,,
1052,68830f5755c8528b9a6ddd7a,텍스트·콘텐츠형,,"해장국 깔끔하고 맛있어요
바지락장도  시래기밥에 비벼먹으니  맛있네요
수저세트가  종이에 따로 포장되어 있어서  여러손이 닿지않아  매우 위생적입니다",2026-25-07,2026-25-07,25.7.25.금,25.7.25.금,1,하늘바람지기,영수증,음식이 맛있어요 | 친절해요 | 주차하기 편해요,,
1053,688054cda1411cddb93bef16,텍스트·콘텐츠형,,너무 맛있어요~,2026-25-07,2026-25-07,25.7.23.수,25.7.23.수,2,aba****,영수증,음식이 맛있어요,,
1054,68804d9d03a7981373b9c57a,텍스트·콘텐츠형,,"해장국 맛있어요~
아이도 와서 고기 완자 좋아하고 잘먹어요",2026-25-07,2026-25-07,25.7.23.수,25.7.23.수,1,예쁜마음40,영수증,음식이 맛있어요 | 재료가 신선해요 | 양이 많아요 | 특별한 메뉴가 있어요 | 가성비가 좋아요,,
1055,68803071ad648728f6d3bf20,텍스트·콘텐츠형,,"우선 주차공간 넓고 좋아요.
실내도 깨끗하고 직원들이 친절합니다.
제일 중요한 음식맛. 아주 맛나요.
바지락 해장국과
바지락장이 맛있어요.
자주 방문 할거 같아요.",2026-25-07,2026-25-07,25.7.23.수,25.7.23.수,1,brf****,영수증,음식이 맛있어요 | 인테리어가 멋져요 | 매장이 넓어요 | 친절해요 | 매장이 청결해요,,
1056,687ef8f55e6c44cf33aecbaa,텍스트·콘텐츠형,,"부모님과 여행중 들렸는데 이색적이고 맛있네요.
바지락 특유의 시원함이 일품이네요..~~~",2026-25-07,2026-25-07,25.7.22.화,25.7.22.화,1,euon5786,영수증,음식이 맛있어요 | 재료가 신선해요 | 양이 많아요 | 특별한 메뉴가 있어요 | 인테리어가 멋져요,,
1057,687ee0cde0b9adfe9d125a89,텍스트·콘텐츠형,,출근하다드린곳..정말맛있네요.출근하면서  먹어야겟어요짱^^,2026-25-07,2026-25-07,25.7.22.화,25.7.22.화,1,신진도 부강횟집29,영수증,음식이 맛있어요 | 재료가 신선해요 | 양이 많아요 | 특별한 메뉴가 있어요,,
1058,687dd7971b37165b9eafc8d5,텍스트·콘텐츠형,,"왠만하면 리뷰작성 안하는데 간만에 맛집 찾았어요~
싹다비운 그릇 보이시죠?
낙지젓갈마저도 맛나서 리필해먹었습니다",2026-25-07,2026-25-07,25.7.21.월,25.7.21.월,1,ajd****,영수증,음식이 맛있어요 | 친절해요 | 매장이 청결해요,,
1059,687dc3813418654280e55894,텍스트·콘텐츠형,,사장님이 너무 친절하시고 음식이 정갈하고 맛있어요^^,2026-25-07,2026-25-07,25.7.21.월,25.7.21.월,1,kn****,영수증,음식이 맛있어요 | 재료가 신선해요 | 양이 많아요 | 매장이 넓어요 | 인테리어가 멋져요,,
1060,687c705d6f4b01b0ca60f1c5,텍스트·콘텐츠형,,짭짤한 해장국에 바지락장까지 밥비벼 먹으니 맛있습니다. 밥 반찬 무한리필되니 부담없이 먹을수 있어요!,2026-25-07,2026-25-07,25.7.20.일,25.7.20.일,1,Epic4992,영수증,음식이 맛있어요 | 특별한 메뉴가 있어요 | 혼밥하기 좋아요 | 친절해요,,
1061,687c725deaaa5978b3f3dcd0,텍스트·콘텐츠형,,"태안 들를때마다 방문하는 맛집입니다!!
일단 바지락장이랑 바지락해장국 둘다 너무 맛있는데 밥도 리필 가능하고 가격도 착해서 가성비까지 너무 좋네요👍",2026-25-07,2026-25-07,25.7.20.일,25.7.20.일,1,zaqwsedc,영수증,음식이 맛있어요 | 양이 많아요 | 가성비가 좋아요 | 주차하기 편해요 | 친절해요,,
1062,687c69fdbf0cf396d35450f5,텍스트·콘텐츠형,,부모님 모시고왔는데 너무 맛있어요 부모님도 좋아하셨어욯ㅎㅎ 가족여행와서 술많이 마셨는데 정말 해장되는맛입니당 완자도 너무 맛있네요 밑반찬도 다 맛있는데 바지락장 하나 사가야겠어요~,2026-25-07,2026-25-07,25.7.20.일,25.7.20.일,1,ekthf1209,영수증,음식이 맛있어요 | 양이 많아요 | 특별한 메뉴가 있어요,,
1063,687c69056dcfd25fce929655,텍스트·콘텐츠형,,맛있게잘먹었습니다.싹싹 긁어먹엇네요!,2026-25-07,2026-25-07,25.7.20.일,25.7.20.일,1,레플리카83,영수증,음식이 맛있어요 | 재료가 신선해요 | 양이 많아요 | 가성비가 좋아요 | 혼밥하기 좋아요,,
1064,687b24162ddca76be48f3526,텍스트·콘텐츠형,,"맛있게 잘먹었어욥~~
완그릇👍👍👍바지락장도 진짜 색다르고 쫄깃합니다. 담에 또 올래용",2026-25-07,2026-25-07,25.7.19.토,25.7.19.토,1,순우유푸딩,영수증,재료가 신선해요 | 음식이 맛있어요 | 특별한 메뉴가 있어요 | 매장이 청결해요,,
1065,687b084422e93facbaa71578,텍스트·콘텐츠형,,"대전에서 태안여행 하다가 점심으로 먹으러 왔눈데
국물이 끝내줘요 진짜 꼭 드세요",2026-25-07,2026-25-07,25.7.19.토,25.7.19.토,1,mh****,영수증,음식이 맛있어요 | 재료가 신선해요 | 양이 많아요 | 인테리어가 멋져요 | 친절해요,,
1066,6879a156d0d141bdc8965cda,텍스트·콘텐츠형,,음식이 맛있습니다,2026-25-07,2026-25-07,25.7.18.금,25.7.18.금,1,독도46,영수증,음식이 맛있어요 | 재료가 신선해요 | 매장이 넓어요 | 친절해요 | 매장이 청결해요,,
1067,68772e3164f8f29c0a6ace3c,텍스트·콘텐츠형,,,2026-25-07,2026-25-07,25.7.16.수,25.7.16.수,1,허영쟁이,영수증,음식이 맛있어요 | 양이 많아요 | 특별한 메뉴가 있어요,,
1068,68772e1755c2b781feadcce8,텍스트·콘텐츠형,,너무맛나요ㅡ,2026-25-07,2026-25-07,25.7.16.수,25.7.16.수,1,열린마음78,영수증,음식이 맛있어요,,
1069,6876ed11f9dec3162d53f1f1,텍스트·콘텐츠형,,"태안여행 마치고 아침일찍 집으로 돌아가는 길 
배는고픈데 영업중인 식당이 없었는데 여기는 영업중이여서 방문했는데 저는 바지락을 별로 안좋아하는데
정말 너무너무 맛있어서 국물한방울 안남기고 먹고 왔어요 사장님께서도 너무 친절하시고 매장이 너무 깨끗합니다 다음에 또 방문하고싶어요 인생최고 바지락해장국 이였어요",2026-25-07,2026-25-07,25.7.16.수,25.7.16.수,1,2tm****,결제내역,음식이 맛있어요 | 재료가 신선해요 | 양이 많아요 | 매장이 청결해요 | 친절해요,,
1070,6875dceac5ed2a6d275011de,텍스트·콘텐츠형,,"네이버 보고 왔는데 후기 수가 많은 만큼 맛있네요!
세돌 아이가 있어 고기완자를 추가했는데 건강한맛이예요~ 밥 사먹이는데 안미안한 느낌 ㅋㅋ 김도 주셔서 아이도 잘 먹었네요^^",2026-25-07,2026-25-07,25.7.15.화,25.7.15.화,1,라이언아재92,영수증,음식이 맛있어요 | 재료가 신선해요 | 양이 많아요 | 특별한 메뉴가 있어요 | 매장이 넓어요,,
1071,6876220bc8cd17c0591ff345,텍스트·콘텐츠형,,"태안 리솜 여행왔다가 맛집검색 후 방문.
가게안을 쭈~욱 둘러보니 사장님의 섬세함이 느껴졌어요.깔끔한 인테리어와 태안에서 잡은 신선한 바지락. 고급진 생수와 함께 테이블에 물티슈까지...여기 찐이구나 생각하는 순간
오마나~~쟁반에 나온 1인용 식사는 깔끔하고 낙지젓갈 열무짱아찌 바지락장 어느하나 빠지지않는 맛!!  최고였습니다.

바지락내장탕은 하루 30그릇 한정판매시라는데 양이 진짜 많아서 가성비가 짱이었어요!!
서울로 포장해 오고싶었으나 여름철이라 안된다고 하셔서 아쉬웠지만 담에 또 오면되죠^^
2시간 20분 거리는 나에게 껌이니까요 ㅋㅋㅋ

식사후 과자와 김까지 야무지게 챙겨서 왔답니다.
아기자기한 바지락해장국집 만세!!

사장님~~번창하세요!!
또 갔을때 줄서서 못먹으면 어쩌나하는 걱정ㅋㅋㅋ",2026-25-07,2026-25-07,25.7.15.화,25.7.15.화,1,채리2022,결제내역,음식이 맛있어요 | 양이 많아요 | 매장이 넓어요 | 매장이 청결해요 | 주차하기 편해요,,
1072,68746bbf889072d48d5fc619,텍스트·콘텐츠형,,"태안놀러왔다가 우연치않게 방문했는데
사장님,직원분들 너무 친절하셔서 들어갈때부터 기분이 너무 좋았습니다! 음식은 진짜 너무 맛있어요 바지락 고기완자 무조건 시키셔야합니다!! 어제 술 많이마셨는데 바로 해장됐어요!! 태안 올때마다 올게요~~!!! 백점 만점에 백점!!",2026-25-07,2026-25-07,25.7.14.월,25.7.14.월,1,khj****,영수증,음식이 맛있어요 | 특별한 메뉴가 있어요 | 재료가 신선해요 | 양이 많아요 | 반찬이 잘 나와요,,
1073,6874ac3d98bce9de36dd7908,텍스트·콘텐츠형,,양도 푸짐하고 반찬도 맛있습니다. 얼큰한 맛입니다.,2026-25-07,2026-25-07,25.7.14.월,25.7.14.월,1,네이비9275,결제내역,음식이 맛있어요 | 재료가 신선해요 | 양이 많아요 | 가성비가 좋아요 | 인테리어가 멋져요,,
1074,6874597e081bccd9f7f256f8,텍스트·콘텐츠형,,"국물이 얼큰하고 시원해요~~~
바지락이 진짜 많이 들었어요 👍",2026-25-07,2026-25-07,25.7.14.월,25.7.14.월,1,코코볼,영수증,음식이 맛있어요 | 재료가 신선해요 | 양이 많아요 | 매장이 넓어요 | 단체모임 하기 좋아요,,
1075,68734bcafaa0ebe0f35acf6f,텍스트·콘텐츠형,,가족들이랑 맛있게 먹었어요!!!,2026-25-07,2026-25-07,25.7.13.일,25.7.13.일,1,림7178,영수증,음식이 맛있어요 | 재료가 신선해요 | 양이 많아요 | 가성비가 좋아요 | 매장이 넓어요,,
1076,68734a3ab9e7c5d973842015,텍스트·콘텐츠형,,"바지락육수가 제대로 밴 해장국이었습니다.
너무 맛있었어요 같이 나오는 반찬들도 엄청 맛있었습니다",2026-25-07,2026-25-07,25.7.13.일,25.7.13.일,1,윤상혁94,영수증,음식이 맛있어요 | 특별한 메뉴가 있어요 | 양이 많아요 | 인테리어가 멋져요,,
1077,68733d16d66aeb311ac70d9f,텍스트·콘텐츠형,,너무 맛있어요 ! 만점,2026-25-07,2026-25-07,25.7.13.일,25.7.13.일,1,th2****,영수증,음식이 맛있어요 | 재료가 신선해요,,
1078,687334c306d5419e23c45ad3,텍스트·콘텐츠형,,양 엄청 먾고 맛있습니다. 인원수대로 시키면 밥도 더 줘서 맛있게 잘 먹었습니다,2026-25-07,2026-25-07,25.7.13.일,25.7.13.일,1,vjejwkxiri,영수증,음식이 맛있어요 | 재료가 신선해요 | 양이 많아요 | 인테리어가 멋져요 | 매장이 넓어요,,
1079,6873333170295a60f4af8d3c,텍스트·콘텐츠형,,내장탕도 맛있고 해장국도 맛있고 완자도 맛있었어요! 천리포해수욕장가기 전에 들리면 딱입니다요~,2026-25-07,2026-25-07,25.7.13.일,25.7.13.일,1,코코두들두,영수증,음식이 맛있어요 | 특별한 메뉴가 있어요 | 매장이 넓어요 | 친절해요,,
1080,68731deb9ff3e46b02f514c0,텍스트·콘텐츠형,,"여행지 전형적인 블로그 맛집이에요 직원이 4명인데 한테이블 치우느라 주문도 안받고 호출벨도 없어서 4번5번 불러야 오네요 식은뒤에 식초 넣어서 먹으라는게 다시다만 때려넣어서 그런지 쓴맛만 올라와서 식초를 넣어야 겨우 먹을만하구요 그나마 고기완자만 먹을만했어요 태안여행오셔서 해장이 필요하셔서 오실려고 계획중이시라면 고민해보시길 추천드려요

정말 다시는 오고싶지 않은곳입니다",2026-25-07,2026-25-07,25.7.13.일,25.7.13.일,1,sba****,영수증,음료가 맛있어요,,
1081,6871e7de0a10d97f4701c98b,텍스트·콘텐츠형,,"처음 와봤는데 너무 맛있네요ㅎㅎㅎ
사장님도 친절하셔요😄😄",2026-25-07,2026-25-07,25.7.12.토,25.7.12.토,1,ㅃ46,영수증,음식이 맛있어요 | 재료가 신선해요 | 양이 많아요 | 가성비가 좋아요 | 매장이 넓어요,,
1082,6871e8a7f337c8339f12c051,텍스트·콘텐츠형,,,2026-25-07,2026-25-07,25.7.12.토,25.7.12.토,1,shi****,영수증,음식이 맛있어요 | 재료가 신선해요,,
1083,6871d88908d3ff74606fe8e4,텍스트·콘텐츠형,,"여자친구와 바다 보러 왔다가
우연히 방문하게 되었습니다

매장이 청결해서 기분좋게 음식 주문했고 인심 좋은 사장님덕에 해장국은 얼큰하고 깔끔하네요

정말 맛있게잘 먹고  또 방문 하겠습니다",2026-25-07,2026-25-07,25.7.12.토,25.7.12.토,1,박경호396,영수증,음식이 맛있어요 | 양이 많아요 | 매장이 넓어요 | 매장이 청결해요 | 주차하기 편해요,,
1084,6871d7da4354bcf2cfc77402,텍스트·콘텐츠형,,,2026-25-07,2026-25-07,25.7.12.토,25.7.12.토,1,우리집 식탁,영수증,현지 맛에 가까워요 | 매장이 청결해요,,
1085,6871da2949cc14a3d63ba9ee,텍스트·콘텐츠형,,"바지락해장국 처음 먹어보는데 완전 맛있습니다
바지락장도 최고!",2026-25-07,2026-25-07,25.7.12.토,25.7.12.토,1,kyw5193,영수증,음식이 맛있어요 | 재료가 신선해요 | 양이 많아요 | 매장이 넓어요 | 뷰가 좋아요,,
1086,6871c44e1d20fd341831c963,텍스트·콘텐츠형,,해장국에 바지락이 들어가서 색다르고 맛있었어요 완자도 큼지막 해서 육즙도 있고 맛있어요,2026-25-07,2026-25-07,25.7.12.토,25.7.12.토,1,cho****,영수증,음식이 맛있어요 | 재료가 신선해요,,
1087,6874f5caf52f241eb3e1e539,텍스트·콘텐츠형,,맛있어요!,2026-25-07,2026-25-07,25.7.14.월,25.7.12.토,1,huduru,결제내역,음식이 맛있어요 | 친절해요 | 매장이 청결해요 | 주차하기 편해요,,
1088,6871ab44b55bb44dbff2d61e,텍스트·콘텐츠형,,아침일찍 갯벌체험 가다가 들렀습니다. 아침식사가 돼서 너무 좋았습니다. 그리고 바지락해장국 처음먹어봤는데 너무 맛있었습니다. 빨간 국물에 바지락 시원한 맛이 들어가니까 어제 술먹고 올걸 후회되네요. 그리고 직원분들이 너무 친절하셔서 기분이 너무 좋았습니다. 갯벌체험 자주 하는데 올때마다 아침먹으러 올거같습니다.,2026-25-07,2026-25-07,25.7.12.토,25.7.12.토,1,dms****,영수증,음식이 맛있어요 | 인테리어가 멋져요 | 매장이 넓어요 | 친절해요,,
1089,68706367c1be784188627156,텍스트·콘텐츠형,,"정말 맛있게 먹었습니다~
깔끔하고 정갈하게 나오니 기분도 좋고
생일당일 아침밥으로 아주 행복해요
직원분들 사장님 모두 친절해요!
태안오면 꼭 먹어보셔야 합니다",2026-25-07,2026-25-07,25.7.11.금,25.7.11.금,1,mar****,영수증,음식이 맛있어요 | 재료가 신선해요 | 특별한 메뉴가 있어요 | 매장이 넓어요 | 친절해요,,
1090,686de410c489dc1e7c3d0928,텍스트·콘텐츠형,,가족들과 여행마지막날 맛있는 점심먹고 출발했습니다 맛있습니다!!,2026-25-07,2026-25-07,25.7.9.수,25.7.9.수,1,래리앙,영수증,음식이 맛있어요 | 재료가 신선해요 | 특별한 메뉴가 있어요 | 인테리어가 멋져요 | 매장이 넓어요,,
1091,686de0df38ac5588bd265884,텍스트·콘텐츠형,,너무 맛있어서  깨끗이 다먹었어요~~ 태안 오시면 꼭 와보세요^^,2026-25-07,2026-25-07,25.7.9.수,25.7.9.수,1,sso****,영수증,음식이 맛있어요 | 재료가 신선해요 | 양이 많아요 | 인테리어가 멋져요 | 혼밥하기 좋아요,,
1092,686cab099367e43dedea86be,텍스트·콘텐츠형,,"여행중에 찾아서 왔는데 
너무 맛있고 깔끔해서 너무 좋아요!! 
직원분들도 너무 친절하세요 
감사합니다~~",2026-25-07,2026-25-07,25.7.8.화,25.7.8.화,1,수7724,영수증,음식이 맛있어요 | 재료가 신선해요 | 양이 많아요 | 혼밥하기 좋아요,,
1093,686c88277d0549b7e36cdb1a,텍스트·콘텐츠형,,"바지락해장국 국물이 정말 끝내주네요!!최고입니다
시래기밥도 너무너무 맛있어요
바지락장 너무 맛있어서 5개 샀어요 ㅎㅎ",2026-25-07,2026-25-07,25.7.8.화,25.7.8.화,1,스도쿠79,영수증,음식이 맛있어요 | 재료가 신선해요 | 양이 많아요 | 가성비가 좋아요 | 특별한 메뉴가 있어요,,
1094,686b4668665925524177c7c6,텍스트·콘텐츠형,,맛있어요 색달라요,2026-25-07,2026-25-07,25.7.7.월,25.7.7.월,1,유주님,영수증,음식이 맛있어요 | 재료가 신선해요,,
1095,686b442fdc40cfd6597615b3,텍스트·콘텐츠형,,"자주 오는 곳입니다.
늘 기분좋게 맛있는 한끼 하고 가요.
번창 하세요!!",2026-25-07,2026-25-07,25.7.7.월,25.7.7.월,3,tjt****,영수증,재료가 신선해요 | 양이 많아요 | 음식이 맛있어요 | 친절해요 | 매장이 청결해요,,
1096,686b21ebcac499fcaf276345,텍스트·콘텐츠형,,"재료도 신선하고 국물이 너무 좋아요!
반찬 구성도 짱입니다^^",2026-25-07,2026-25-07,25.7.7.월,25.7.7.월,1,so_****,영수증,음식이 맛있어요 | 재료가 신선해요 | 양이 많아요 | 특별한 메뉴가 있어요 | 건강한 맛이에요,,
1097,686b0f651145e53e8f31433b,텍스트·콘텐츠형,,방문해보고싶었던 맛집!!기대이상으로 맛있었어요.가게 전체적으로 깔끔하고 사장님 친절함도 추가요,2026-25-07,2026-25-07,25.7.7.월,25.7.7.월,1,허 민화,영수증,음식이 맛있어요 | 재료가 신선해요 | 양이 많아요 | 비싼 만큼 가치있어요 | 메뉴 구성이 알차요,,
1098,686a0ca02ec3b31cef2e0f97,텍스트·콘텐츠형,,반찬도 음식도 맛있어요 맛있게 해장하고 갑니다!,2026-25-07,2026-25-07,25.7.6.일,25.7.6.일,1,kog****,영수증,음식이 맛있어요 | 재료가 신선해요 | 양이 많아요 | 메뉴 구성이 알차요 | 매장이 청결해요,,
1099,686a0c5f4c4e4ac9631a78e7,텍스트·콘텐츠형,,"아이들과 단체로 왔는데 
깔끔하고 맛있어요!
사장님도 친절하시구 양도 많습니다",2026-25-07,2026-25-07,25.7.6.일,25.7.6.일,1,vitamin1627,영수증,음식이 맛있어요 | 재료가 신선해요 | 특별한 메뉴가 있어요 | 양이 많아요,,
1100,6869fd80f8e43e38c217eb91,텍스트·콘텐츠형,,가족끼리 밥먹고 갔어요~~ 바지락 양 엄청 많고 맛있어요! 완자도 시켜서 아기 시레기밥에 밥먹였는데 잘먹네용,2026-25-07,2026-25-07,25.7.6.일,25.7.6.일,1,yh2512,영수증,음식이 맛있어요 | 재료가 신선해요 | 양이 많아요,,
1101,6869e7957df2d396def5726a,텍스트·콘텐츠형,,어제 왔다 너무 맛있어서 오늘 집에 가는 길에 또 왔어요!! 완전 맛집 인정이요👍,2026-25-07,2026-25-07,25.7.6.일,25.7.6.일,2,김가영2051,영수증,음식이 맛있어요,,
1102,6869cd5dbeb5556a629927fc,텍스트·콘텐츠형,,진짜 맛있어요 사장님도 넘 친절하시고 넘 좋았어요 기분좋게 먹다갑니다!!,2026-25-07,2026-25-07,25.7.6.일,25.7.6.일,1,나느나는나는나는,영수증,음식이 맛있어요 | 재료가 신선해요 | 양이 많아요 | 특별한 메뉴가 있어요 | 인테리어가 멋져요,,
1103,6869ccbd50b054243c2a9271,텍스트·콘텐츠형,,지나가다 들른곳 칼국수 집인줄 알았는데... 맛있는 해장국 먹고 갑니다. 맛은 뼈해장국인데 바지락이 있어요~~^^♡,2026-25-07,2026-25-07,25.7.6.일,25.7.6.일,1,나는용,영수증,음식이 맛있어요 | 양이 많아요 | 가성비가 좋아요 | 매장이 넓어요 | 친절해요,,
1104,6869ca63172d6b2f3360ffdd,텍스트·콘텐츠형,,내장탕 건더기많아요 맛있습니다   시원하네요 반찬도맛나요 또올게요,2026-25-07,2026-25-07,25.7.6.일,25.7.6.일,1,프로필설정공간,영수증,음식이 맛있어요 | 양이 많아요 | 특별한 메뉴가 있어요,,
1105,6868c68df683462724b6c583,텍스트·콘텐츠형,,"태안여행 첫끼 너무너무 맛있게 잘먹었습니다!!
바지락 해장국 메뉴가 생소했는데 진짜 감칠맛에 맛이 너무너무 좋아요👍
6살 저희 딸 아이 먹을꺼 없을까봐 김까지 주시는 세심함💚

다음에 또 오고 싶을정도예요!! 태안 오면 또 올께요!!🤗",2026-25-07,2026-25-07,25.7.5.토,25.7.5.토,1,김가영2051,영수증,음식이 맛있어요 | 특별한 메뉴가 있어요,,
1106,6868c0bdbed0bf269ec6bb52,텍스트·콘텐츠형,,"여행와서 검색해서 왔는데
맛있어요~^^ 반찬도 너무 맛있어요^^",2026-25-07,2026-25-07,25.7.5.토,25.7.5.토,1,티끌모아티끌84,영수증,음식이 맛있어요 | 매장이 넓어요 | 친절해요,,
1107,6868aa2f382b1d467ae76b17,텍스트·콘텐츠형,,"태안 여행 맛집 찾아 뺑뺑이 돌다가 찾아온 곳
음식도 맛있고
매장 매우 쾌적하고 시원해요.",2026-25-07,2026-25-07,25.7.5.토,25.7.5.토,1,3h****,영수증,음식이 맛있어요 | 매장이 넓어요 | 매장이 청결해요 | 화장실이 깨끗해요 | 주차하기 편해요,,
1108,68689adccaadeb936cab2f5b,텍스트·콘텐츠형,,"친구들과 방문했어요 ㅎㅎ 이미 유명한 곳이더라구요!
맛도 좋고 매장도 깔끔하고 연인과 함께 방문해도 좋을 것 같습니다❤️",2026-25-07,2026-25-07,25.7.5.토,25.7.5.토,1,kwg****,영수증,음식이 맛있어요 | 매장이 넓어요 | 친절해요 | 주차하기 편해요 | 화장실이 깨끗해요,,
1109,6868995d220ce8f4e1869a9d,텍스트·콘텐츠형,,"우연히 지나다 들렀는데
시원하고 맛있어요
굿 초이스
잘먹었습니다",2026-25-07,2026-25-07,25.7.5.토,25.7.5.토,1,채차,영수증,음식이 맛있어요,,
1110,686892ecaf7ed33ad18f09e1,텍스트·콘텐츠형,,"와...진또배기네요....❤️
내장탕은 고기맛이 좀더 나는것같이 구수하고
원조해장국은 말모, ^^
장아찌도맛있고 일단 밥이 너무맛있어서 어떤것과먹어도 지짜너무맛있어요 ㅜㅜ
한공기더못먹은게 아쉽습니다.....
다음엔 더굶고와야겠어요!!!
맛있게잘먹었습니다 ^^^^^^",2026-25-07,2026-25-07,25.7.5.토,25.7.5.토,1,그린빛90,영수증,음식이 맛있어요 | 재료가 신선해요 | 매장이 넓어요 | 매장이 청결해요 | 친절해요,,
1111,6868899d16b3e180aa2eecca,텍스트·콘텐츠형,,"만리포해수욕장 가는길에 이른 점심으로 들른 무계획의 식당인데, 뜻밖의 맛집이네요 밥도 맛있고 국에 말아 먹으면 자극적이지않고 감칠맛이좋아 2그릇을 먹게하는 맛이다",2026-25-07,2026-25-07,25.7.5.토,25.7.5.토,1,보르달,영수증,음식이 맛있어요 | 인테리어가 멋져요 | 매장이 넓어요 | 친절해요 | 주차하기 편해요,,
1112,6868738f79a3fa9c201d83b0,텍스트·콘텐츠형,,깨끗하고 맛있어요~바지락도 많이들어있구~새로운경험입니다^^,2026-25-07,2026-25-07,25.7.5.토,25.7.5.토,1,79lovejm,영수증,음식이 맛있어요,,
1113,6867620bc60f13ae2a21be2c,텍스트·콘텐츠형,,"우연히 방문하게 됐는데
진짜 대박맛집이예요!!! 살면서 먹어본 국밥중에
제일 맛있습니다 태안오시면 꼭 방문해보세요👍👍",2026-25-07,2026-25-07,25.7.4.금,25.7.4.금,1,K1762,영수증,음식이 맛있어요 | 재료가 신선해요 | 양이 많아요 | 특별한 메뉴가 있어요 | 가성비가 좋아요,,
1114,6867478142eb5a3265215206,텍스트·콘텐츠형,,"친절하시고, 음식도 맛있습니다. 편하게 잘 먹었습니다",2026-25-07,2026-25-07,25.7.4.금,25.7.4.금,1,aaijagi,영수증,음식이 맛있어요 | 매장이 청결해요,,
1115,68674508402f037bdf603c98,텍스트·콘텐츠형,,밥도 맛있고 국도 맛있고 갬덩 ㅠㅠ,2026-25-07,2026-25-07,25.7.4.금,25.7.4.금,1,MadA,영수증,음식이 맛있어요 | 메뉴 구성이 알차요 | 단체모임 하기 좋아요 | 매장이 넓어요 | 매장이 청결해요,,
1116,686214a990da305220376810,텍스트·콘텐츠형,,"갯벌의 참맛, 태안 바지락 해장국! 😋
태안에 오면 꼭 들러야 할 바지락 해장국 맛집! 🌬️ 시원하고 칼칼한 국물이 일품인 원조 바지락 해장국은 숙취 해소에 최고예요. 💖 특히 깊고 진한 맛의 바지락 내장탕은 잊을 수 없는 감칠맛을 선사합니다. 🤤
함께 나오는 반찬들도 예술인데요, 짭조름한 조개장, 새콤달콤한 무피클, 그리고 쫄깃한 낙지젓갈까지! 🐙 모든 반찬이 밥도둑이라 한 그릇 뚝딱 비우게 된답니다. 정말 완벽한 한 끼였어요! 👍 조만간 또 방문해서 다른 메뉴들도 맛봐야겠어요! ✨",2026-25-06,2026-25-06,25.6.30.월,25.6.30.월,1,지니는소확행중,영수증,음식이 맛있어요 | 재료가 신선해요 | 특별한 메뉴가 있어요 | 매장이 넓어요 | 주차하기 편해요,,
1117,6861d9f841712353babefad3,텍스트·콘텐츠형,,"처음 먹어 보는데 짱 맛!!!!!
태안 여행왔다가 아침 일찍 왔는데 너무 마썼어요!!",2026-25-06,2026-25-06,25.6.30.월,25.6.30.월,1,주주주강,영수증,음식이 맛있어요 | 재료가 신선해요 | 특별한 메뉴가 있어요 | 인테리어가 멋져요 | 매장이 넓어요,,
1118,6860bdf2d1b1d977c4133ae4,텍스트·콘텐츠형,,넘넘 맛있어요!!!!!,2026-25-06,2026-25-06,25.6.29.일,25.6.29.일,1,마롱35,영수증,음식이 맛있어요 | 재료가 신선해요 | 인테리어가 멋져요 | 매장이 넓어요,,
1119,6860b641895107195535b449,텍스트·콘텐츠형,,바지락 해장국 맛있어요^^  여기 추천합니다,2026-25-06,2026-25-06,25.6.29.일,25.6.29.일,1,rlejrl2,영수증,음식이 맛있어요,,
1120,6860ac1d8687e7d051407fe5,텍스트·콘텐츠형,,해장의 성지답게 맛있습니다. 반찬도 정갈하고 태안오면 무조건 먹어봐야 하는집입니다. 최고!!!,2026-25-06,2026-25-06,25.6.29.일,25.6.29.일,1,안익수27,영수증,음식이 맛있어요 | 재료가 신선해요 | 가성비가 좋아요 | 친절해요 | 음식이 빨리 나와요,,
1121,6860a3c76c2fa792df672ef2,텍스트·콘텐츠형,,검색해서 친구들이랑 왔는데 제가 검색한거라 별로라고 하면 어떡하지 걱정했는데 다들 너무 맛있다고 밥 추가까지 했어요 ㅋㅋㅋㅋ 해장에 최고 👏👍👍👍,2026-25-06,2026-25-06,25.6.29.일,25.6.29.일,1,오더32,영수증,인테리어가 멋져요 | 매장이 넓어요 | 음식이 맛있어요 | 재료가 신선해요 | 양이 많아요,,
1122,685f6b2820afb88879f1477c,텍스트·콘텐츠형,,가족들과 태안여행중 만난 맛집!!!와이프와 고등학생아들  초딩아들까지 만족한맛!!,2026-25-06,2026-25-06,25.6.28.토,25.6.28.토,1,lool7777,영수증,음식이 맛있어요 | 재료가 신선해요 | 매장이 넓어요 | 화장실이 깨끗해요 | 주차하기 편해요,,
1123,6874c4cf5456d057bfc8d8fb,텍스트·콘텐츠형,,맛있네요. 반찬도 맛있고 해장됩니다. 굿,2026-25-07,2026-25-06,25.7.14.월,25.6.28.토,1,유노0506,영수증,음식이 맛있어요 | 재료가 신선해요 | 양이 많아요,,
1124,685f40b592ce52e1b35f690a,텍스트·콘텐츠형,,오~ 색다른맛이에요! 그냥 바지락 해장국 먹었어요. 맛있네요^^,2026-25-06,2026-25-06,25.6.28.토,25.6.28.토,1,루시아나6,영수증,음식이 맛있어요 | 매장이 넓어요 | 매장이 청결해요 | 주차하기 편해요,,
1125,685f37cb3bb42bef7a7d349e,텍스트·콘텐츠형,,태안에서 첨으로 바지락으로 만든 해장국을 만드신 곳이래요!!! 바지락 가득하고 국물이 시원하고 깊어서 넘 맛있어요 ㅠㅠ💗💗💗 여행왔다가 맛집 알게되어서 기뿝니다!!! 또 겁나 친절하셔요 추천!!!,2026-25-06,2026-25-06,25.6.28.토,25.6.28.토,1,박디미,영수증,음식이 맛있어요 | 재료가 신선해요 | 양이 많아요,,
1126,685dfc51d727923d585069b1,텍스트·콘텐츠형,,,2026-25-06,2026-25-06,25.6.27.금,25.6.27.금,1,아이미안경탄현99,영수증,음식이 맛있어요 | 재료가 신선해요 | 양이 많아요 | 특별한 메뉴가 있어요 | 가성비가 좋아요,,
1127,685b640278b5551313d3fe3d,텍스트·콘텐츠형,,맛잇고 매장도 넓고 쾌적해요,2026-25-06,2026-25-06,25.6.25.수,25.6.25.수,1,doatod,영수증,음식이 맛있어요 | 재료가 신선해요 | 양이 많아요,,
1128,685a2a76febd3f587ce94776,텍스트·콘텐츠형,,"골프치고 무조건 들리세여!!! 맛집입니다!!!
얼큰하고 맛있습니다",2026-25-06,2026-25-06,25.6.24.화,25.6.24.화,1,바이란5,영수증,매장이 넓어요 | 음식이 맛있어요 | 재료가 신선해요 | 양이 많아요 | 특별한 메뉴가 있어요,,
1129,685a2a7311991204cf5406a8,텍스트·콘텐츠형,,태안오면 무조건 오세요‘! 맛있어요 다음에는 고기완자도 먹어보고싶어요!,2026-25-06,2026-25-06,25.6.24.화,25.6.24.화,1,아융49,영수증,매장이 넓어요 | 혼밥하기 좋아요 | 음식이 맛있어요 | 재료가 신선해요 | 양이 많아요,,
1130,685a235e697a1d2c30c6df7d,텍스트·콘텐츠형,,"태안에 놀러왔는데 게 해산물을 별로 안좋아해서
먹을게 너무 없다 생각하다 이곳을 발견하고 방문했는데
낙지젓갈 바지락장 시래기밥 밥도둑이에요
전 밥진짜 반정도먹음 안먹는데 한공기 싸악 비울정도로
정말 너무맛있었고 메인인 바지락해장국도 국물이 너무 시원하고 맵기도 딱이라서 너무좋았어용!!
양이푸짐해서 안 줄어드는 느낌 ㅎㅎ
태안오면 또 올거같아욤
고기완자가 품절이라 못먹은게 젤 아쉽지만
반찬3종에 해장국 정말 기분좋게 잘먹고가요!!",2026-25-06,2026-25-06,25.6.24.화,25.6.24.화,1,킬미힐미,영수증,음식이 맛있어요 | 재료가 신선해요 | 양이 많아요 | 특별한 메뉴가 있어요 | 가성비가 좋아요,,
1131,685a0111e49100343f68db41,텍스트·콘텐츠형,,"엄마랑 방문했는데 너무맛있었어요! 해장으로도 딱이네요! 
다음엔 신랑하고 와야겠어요~!",2026-25-06,2026-25-06,25.6.24.화,25.6.24.화,1,혜농이43,영수증,음식이 맛있어요 | 재료가 신선해요 | 양이 많아요,,
1132,6857a026f840a4b2ab968faf,텍스트·콘텐츠형,,"태안놀러오면 다른것도 좋지만 이거드세여..존맛이입니다.
바지락해장국은 엄청 시원하고 캬 하는맛이고
내장국은 엄청 찐하고 크 하는 맛이에여
태안놀러오게되면 또오고 주변에 추천도 해놓을게여!!",2026-25-06,2026-25-06,25.6.22.일,25.6.22.일,1,swk****,영수증,음식이 맛있어요 | 재료가 신선해요 | 특별한 메뉴가 있어요,,
1133,68578d1143547430fe99608d,텍스트·콘텐츠형,,"어제 와이프와 처음으로 태안에 숙소를 잡고 놀러왔어요. 찾아보다가 우연히 발견하였는데 와우 여기 진짜 찐맛집이에요. 칼칼한 해장국(쇠고기맛)에 듬뿍 들어간 바지락이 대박이네요.

서울 어디서든 먹어볼 수 없는 그런 음식이라 더 특별하다고 느꼈어요. 무조건 한번 가보시면 다시 가고싶다고 느낄곳이고 개인적으로 서울에 프랜차이즈 하나 내고 싶네요.

진심으로 한번 방문해보세요. 태안에 꽃게장도 유명하지만 바지락이 원래 더 유명하니 바지락 음식으로 태안에 좋은 기억을 남기셨으면 좋겠습니다!..

너무 급하게 맛있게 먹어서 사진은 없지만 이 리뷰를 보시는 분이라면 네이버 블로그 몇개 보고 찾아가보세요.

제 리뷰보시고 갔는데 맛없으면 쪽지 보내주세요. 100% 환불해드릴 수 있을만큼 무조건 맛집입니다",2026-25-06,2026-25-06,25.6.22.일,25.6.22.일,1,하일46,영수증,음식이 맛있어요 | 특별한 메뉴가 있어요 | 매장이 넓어요 | 매장이 청결해요 | 친절해요,,
1134,685742fc0c2806df753c4701,텍스트·콘텐츠형,,해장국먹으로 태안까지!! ㅋㅋ태안여행왔다가 들른 맛집. 아침밥으로 제격이예요😊 아침든든하게 제대로 먹고갑니다👍🏻 다음에 또올게용!!,2026-25-06,2026-25-06,25.6.22.일,25.6.22.일,1,찌니입니다,영수증,음식이 맛있어요 | 재료가 신선해요 | 특별한 메뉴가 있어요 | 친절해요,,
1135,685645f83f445ac0c303dcd6,텍스트·콘텐츠형,,부모님모시고 아이들이랑 점심식사했는데 맛있게 잘먹었습니다. 깔끔하고 친절하게 해주셔서 즐거운 점심시간보냈습니다!,2026-25-06,2026-25-06,25.6.21.토,25.6.21.토,1,bloom1222,영수증,매장이 넓어요 | 친절해요 | 매장이 청결해요 | 음식이 맛있어요 | 양이 많아요,,
1136,68563297f0427744ded6e015,텍스트·콘텐츠형,,태안 여행오면서 바지락 해장국은 처음 봐서 찾아온 곳입니다!! 술한잔 하고 또 먹으러 오고 싶은 맛이네요!!,2026-25-06,2026-25-06,25.6.21.토,25.6.21.토,1,랑크톤57,영수증,매장이 넓어요 | 단체모임 하기 좋아요 | 음식이 맛있어요 | 재료가 신선해요 | 양이 많아요,,
1137,685638141d8027342d07b115,텍스트·콘텐츠형,,,2026-25-06,2026-25-06,25.6.21.토,25.6.21.토,1,jangunabba,영수증,음식이 맛있어요,,
1138,68562e30890b1c5235a7dc08,텍스트·콘텐츠형,,얼큰한 바지락해장국 처음인데 정말 맛있네요 😀,2026-25-06,2026-25-06,25.6.21.토,25.6.21.토,1,달나라4349,영수증,음식이 맛있어요,,
1139,68562f12b76f43c736831e59,텍스트·콘텐츠형,,"우와! 정말 푸짐하고 비쥬얼 최고!
국물이 시원해서 저도 모르게 감탄했어요",2026-25-06,2026-25-06,25.6.21.토,25.6.21.토,1,iyhiyh1115,영수증,음식이 맛있어요 | 양이 많아요 | 매장이 넓어요 | 단체모임 하기 좋아요,,
1140,6856216f06aa69dd86ef0613,텍스트·콘텐츠형,,맛있어용 ~! 와보세유,2026-25-06,2026-25-06,25.6.21.토,25.6.21.토,1,934910,영수증,음식이 맛있어요,,
1141,685620bb98d464c3c4062754,텍스트·콘텐츠형,,"시원하고 맛나는 바지락해장국! 
진짜 태안오면 꼭와야할듯요~^^
맛나게 잘 먹겠습니다 ~",2026-25-06,2026-25-06,25.6.21.토,25.6.21.토,1,nal****,영수증,음식이 맛있어요 | 재료가 신선해요 | 매장이 넓어요 | 친절해요 | 매장이 청결해요,,
1142,68561d418e62bdaaea96e6b4,텍스트·콘텐츠형,,"교대역 삼식이 해장국과 비슷한맛!
+바지락이들어있어 시원합니다

국물파들에게 아주 좋은해장국👍🏻
저는 건더기파여서 국물을 많이 남겼어요
우거지가 더 많이있으면 좋겠다는 생각을 슬쩍해봅니다

고기완자는 정말 안퍽퍽하고 너뮤 마싯어요 
시레기밥은 찰지는게 얼마나 쫀쫀한지멀라유
국물과밥 따로 먹는파인데 아주 밥알이 살아있는게 좋았어요 
다시 태안오면 꼭 먹어야겠음 !!!!",2026-25-06,2026-25-06,25.6.21.토,25.6.21.토,1,jhj****,영수증,인테리어가 멋져요 | 매장이 넓어요 | 음식이 맛있어요 | 재료가 신선해요 | 특별한 메뉴가 있어요,,
1143,6854f1cffc708a6f3afe3f3d,텍스트·콘텐츠형,,사이드로 나오는 바지락장도 맛있고 바지락해징탕도 밋있어요 위생도 청결해요,2026-25-06,2026-25-06,25.6.20.금,25.6.20.금,1,hyu****,영수증,음식이 맛있어요 | 재료가 신선해요 | 양이 많아요,,
1144,6854c5b0dafe61329e04fa77,텍스트·콘텐츠형,,바리락 향도 잘 나고 맛있어요~,2026-25-06,2026-25-06,25.6.20.금,25.6.20.금,1,par****,영수증,음식이 맛있어요 | 재료가 신선해요 | 양이 많아요,,
1145,6854b884d8b4a4d2e37efb76,텍스트·콘텐츠형,,말그대로 해장의 성지네요  너무 잘먹었습니다,2026-25-06,2026-25-06,25.6.20.금,25.6.20.금,1,kks****,영수증,음식이 맛있어요 | 인테리어가 멋져요 | 친절해요 | 매장이 청결해요 | 주차하기 편해요,,
1146,68522d7380290666fddcb694,텍스트·콘텐츠형,,"자주 오는 곳입니다.
너무 맛있어요. 매장도 깔끔하고, 친절하고 정말 기분 좋은 곳입니다.",2026-25-06,2026-25-06,25.6.18.수,25.6.18.수,2,tjt****,영수증,양이 많아요 | 음식이 맛있어요 | 재료가 신선해요 | 친절해요 | 주차하기 편해요,,
1147,6850d9abb2825fd3ea46730b,텍스트·콘텐츠형,,"처음으로 태안 놀러와서 뭐먹을지 고민하다가 찾아 왔습니다ㅎㅎ 가격 부담이 덜한 음식점+리뷰 좋은곳 으로 찾았는데 정말 너무나 만족스러웠어요!!!! 반찬 다 너무 맛있고 바지락도 많이 들어있었습니다!!
태안 첫 방문이라 음식점 실패할까 걱정했는데 너무 좋아서 추천하고 싶어서 리뷰 남겨요💓",2026-25-06,2026-25-06,25.6.17.화,25.6.17.화,1,Meekkkkk,영수증,음식이 맛있어요 | 재료가 신선해요 | 양이 많아요 | 가성비가 좋아요 | 친절해요,,
1148,6850ccacd00d19d7653e9679,텍스트·콘텐츠형,,,2026-25-06,2026-25-06,25.6.17.화,25.6.17.화,1,김정은3882,영수증,음식이 맛있어요 | 재료가 신선해요 | 매장이 넓어요 | 단체모임 하기 좋아요 | 친절해요,,
1149,6850c972003fb44bc20eccaa,텍스트·콘텐츠형,,"태안여행와서 사먹은 음식중 제일 맛있게 먹은거같아요😋 매장도 깔끔하고 사장님도 너무 친절하셔서 좋았습이다!
음식도 정갈하니 깔끔하게 나오는데
양이 엄청 많아요!!!
해장국 국물이 예술입니다👍🏻👍🏻
바지락해장국 먹우려고 어제 술마셨나봐요 ㅋㅋㅋㅋ
해장 제대로 하고갑니다! 맛있게 잘먹었어용!!🍀",2026-25-06,2026-25-06,25.6.17.화,25.6.17.화,1,옒옒이,영수증,친절해요 | 매장이 청결해요 | 음식이 맛있어요 | 재료가 신선해요 | 양이 많아요,,
1150,684f8b88cc387a935ee2ff29,텍스트·콘텐츠형,,"너무 맛잇어요
태안여행오면 또올래용",2026-25-06,2026-25-06,25.6.16.월,25.6.16.월,1,ina****,영수증,매장이 넓어요 | 음식이 맛있어요 | 재료가 신선해요 | 양이 많아요,,
1151,684f7db52a5c29ab0cf481d8,텍스트·콘텐츠형,,"매장이 넓고 깔끔하네요~~
사장님과 직원분들 친절하시고!
바지락 해장국에 바지락이 신선하고
시래기와 바지락 모두 많이 들어서 양껏 먹었어요😄",2026-25-06,2026-25-06,25.6.16.월,25.6.16.월,1,오니8,영수증,건강한 맛이에요 | 재료가 신선해요 | 매장이 넓어요 | 친절해요 | 매장이 청결해요,,
1152,684e451437f094616bb8e69d,텍스트·콘텐츠형,,"국물도 맛있고 깔끔하면서  진한맛이 자주오고싶네요
밥도 너무 맛있어요",2026-25-06,2026-25-06,25.6.15.일,25.6.15.일,1,거기가 여긴가,영수증,음식이 맛있어요,,
1153,684e337230c8689300ecdcb5,텍스트·콘텐츠형,,,2026-25-06,2026-25-06,25.6.15.일,25.6.15.일,2,nominho71,영수증,음식이 맛있어요 | 매장이 넓어요 | 매장이 청결해요,,
1154,684e2ff0cde32b555cc394e5,텍스트·콘텐츠형,,운좋게 한정판매인 바지락내장탕 먹을수있었는데 양도 푸짐하고 반찬도 맛있었네요 :),2026-25-06,2026-25-06,25.6.15.일,25.6.15.일,1,휘르22,영수증,음식이 맛있어요 | 양이 많아요 | 특별한 메뉴가 있어요 | 매장이 청결해요 | 주차하기 편해요,,
1155,684f5e39f61ba2f62bac11f7,텍스트·콘텐츠형,,"태안여행 중 서치해서 찾아간 곳이였는데  남편이 너무 맛있다며 계속 생각난다고 합니다.
술안주라고 ㅋㅋㅋ 저도 국물 한입먹고 웃음이 났네요 ㅋㅋ 가게 내부도 깨끗하고 아이에게 밥과 김도 따로 챙겨주시고 친절하셨어요~다음에 태안에 또 간다면 꼭 다시 찾고 싶은 곳입니다 맛있게 잘먹었습니다~",2026-25-06,2026-25-06,25.6.16.월,25.6.14.토,1,hyeran211,영수증,음식이 맛있어요 | 양이 많아요 | 특별한 메뉴가 있어요 | 아이와 가기 좋아요,,
1156,684cf99f3ce8db98624a5d05,텍스트·콘텐츠형,,정말 맛있게 잘 먹었어요!현지인 추천으로 온 곳인데 이렇게 맛있는 해장국 처음 먹어봐요!!계속 생각나는 맛이에요..!!가게 바로 앞 주차장 넓어서 주차하기도 편하고 직원분들도 정말 친절하십니다!!음식 양도 많고 매장 깔끔하고 완전 추천해요!,2026-25-06,2026-25-06,25.6.14.토,25.6.14.토,1,lolllllolllllloooll,영수증,음식이 맛있어요 | 양이 많아요 | 가성비가 좋아요 | 매장이 넓어요 | 친절해요,,
1157,68874be1ddbf7a399d86565c,텍스트·콘텐츠형,,,2026-25-07,2026-25-06,25.7.28.월,25.6.14.토,1,새우닭,영수증,음식이 맛있어요,,
1158,684ce40473c33edcee928aa4,텍스트·콘텐츠형,,"해장으로 딱이에요~
아이들은 완자에 밥한공기 뚝딱^^
주차장도 넓고 친절합니다.",2026-25-06,2026-25-06,25.6.14.토,25.6.14.토,1,엔데셀43,영수증,음식이 맛있어요 | 재료가 신선해요 | 특별한 메뉴가 있어요 | 매장이 넓어요 | 매장이 청결해요,,
1159,684cbad36cd628e07ed7b5cd,텍스트·콘텐츠형,,"태안 여행중 우연히 들른곳인데 너무 맛있었어요.
아이들 먹을수있게 김도 준비해주시고
메뉴에 고기완자도 있어 어른도 아이도 만족한 식사였습니다.
다음에도 꼭 다시 들르고싶은 곳이예요:)",2026-25-06,2026-25-06,25.6.14.토,25.6.14.토,1,happyking123,영수증,음식이 맛있어요 | 재료가 신선해요 | 매장이 넓어요 | 친절해요 | 주차하기 편해요,,
1160,684bb50c209422c12bac0116,텍스트·콘텐츠형,,"깐양과 바지락장이 아주 야들냐들하고 맛있어요
해장국에 있는 바지락도 알찹니다.
적당히 맵고 감칠맛 가득하고 아주 맛있어요!
완자도 아이가 너무 맛있다고 좋아합니다!!
사진보다 사이즈가 컸어요!",2026-25-06,2026-25-06,25.6.13.금,25.6.13.금,1,이글열매90,영수증,매장이 넓어요 | 음식이 맛있어요 | 재료가 신선해요 | 특별한 메뉴가 있어요 | 건강한 맛이에요,,
1161,684ba3f37756894ea7b6262c,텍스트·콘텐츠형,,자주 오는곳인데 재료도 신선하고 너무 맛있어요~~  태안 오시면 꼭 먹어야 하는  바지락 해장국 !!,2026-25-06,2026-25-06,25.6.13.금,25.6.13.금,3,한송0l,결제내역,음식이 맛있어요 | 재료가 신선해요 | 양이 많아요 | 매장이 넓어요 | 매장이 청결해요,,
1162,68478184837f211842e517b0,텍스트·콘텐츠형,,음식이 너무 맛있어요~,2026-25-06,2026-25-06,25.6.10.화,25.6.10.화,1,박만영23,영수증,음식이 맛있어요 | 재료가 신선해요 | 인테리어가 멋져요 | 매장이 넓어요 | 친절해요,,
1163,6846660780d00b3fd44730bb,텍스트·콘텐츠형,,"너무 맛있고 개운하니 최고입니다.
해장으로 최고!!",2026-25-06,2026-25-06,25.6.9.월,25.6.9.월,2,이미매력녀,영수증,음식이 맛있어요 | 재료가 신선해요,,
1164,6846342cc1f0384c9624f1cc,텍스트·콘텐츠형,,태안 여행오면서 들렸는데 완전 맛있고 친절하셔서 좋아요 완전 강추 👍 넘 맛있게 먹구 갑니당,2026-25-06,2026-25-06,25.6.9.월,25.6.9.월,1,Hannaa2,영수증,매장이 넓어요 | 친절해요 | 음식이 맛있어요 | 특별한 메뉴가 있어요 | 메뉴 구성이 알차요,,
1165,684532f9af1a5398e26d6463,텍스트·콘텐츠형,,태안오면 진짜 꼭 한번 와봐야할 집 많네요~,2026-25-06,2026-25-06,25.6.8.일,25.6.8.일,1,cafe 비스타리,영수증,음식이 맛있어요 | 재료가 신선해요 | 양이 많아요 | 특별한 메뉴가 있어요 | 친절해요,,
1166,68451c589800fda5a92363ad,텍스트·콘텐츠형,,"맛집이라는 소문 듣고 기다려서 먹었는데 바지락장부터 해장국, 내장탕까지 다 맛있었어요👍🏻  특히 아기들까지 챙겨주셔서 더 잘 먹었었고 태안에 오면 또 들를 것 같아요ㅎㅎ 사장님도 친절하시고 기분 좋게 먹고 갑니다😍",2026-25-06,2026-25-06,25.6.8.일,25.6.8.일,1,jannet24,영수증,음식이 맛있어요 | 양이 많아요 | 반찬이 잘 나와요 | 메뉴 구성이 알차요 | 매장이 넓어요,,
1167,68450f23929e92d2909dddd0,텍스트·콘텐츠형,,"최악 ㅎㅎ
30분 넘게 기다렸어요 ㅎㅎ 주문 누락하고 사과도 없는 사장님 인성에 박수치고 갑니다
맛도 해장국에 바지락 들어있는 맛 ㅎㅎ 
놀러와서 기분 나빠지고 싶은분들 방문하세용",2026-25-06,2026-25-06,25.6.8.일,25.6.8.일,1,hys****,영수증,,,
1168,684507f65dfcf01ade00ac74,텍스트·콘텐츠형,,태안 여행왔다가 돌아가는 길에 들렸는데 너무 맛있어요~ 맛이 굉장히 신기하고 참신하면서도 맛있는 그런 맛이었어요 ㅎㅎ 입짧은 우리 가족이 세그릇 뚝딱 한적은 처음 인거 같아요~ 맛있게 잘 먹었습니다~,2026-25-06,2026-25-06,25.6.8.일,25.6.8.일,1,coolcat36,영수증,음식이 맛있어요 | 재료가 신선해요 | 친절해요 | 매장이 청결해요,,
1169,684507deb1eed7d7f426f841,텍스트·콘텐츠형,,"태안 여행와서 친구 추천 받았는데 태안에서 먹은 것 중 가장 맛있었어요! 여기서 점심먹고 떠나는데 이제야 태안에 온 느낌ㅠㅠ! 진짜 맛있어서 친구들이랑 조용히 밥에
집중하고 밥만 먹었어요~~ 반찬도 맛있고 별 500개 추천!",2026-25-06,2026-25-06,25.6.8.일,25.6.8.일,1,jeo****,영수증,음식이 맛있어요 | 특별한 메뉴가 있어요 | 재료가 신선해요 | 매장이 청결해요 | 주차하기 편해요,,
1170,6844fb42e4cbb5a8d366566a,텍스트·콘텐츠형,,바지락해장국 처음먹어봤는데 맛나네용 ㅎㅎ 시래기밥에 바지락장 비벼먹으니까 넘 맛있었어요☺️☺️ 매장도 넓고 친절하세여,2026-25-06,2026-25-06,25.6.8.일,25.6.8.일,1,apl****,영수증,음식이 맛있어요 | 특별한 메뉴가 있어요 | 매장이 넓어요 | 친절해요 | 매장이 청결해요,,
1171,6844ee1d03ca5080c0436b8c,텍스트·콘텐츠형,,바지락 해장국이 진짜 얼큰하고 맛있어요. 시래기밥이 진짜 맛있고 반찬 모두 너무너무 맛있답니다!! 다음에 또 와야겠어요. 태안에 방문하시면 꼭 드셔봐야할 해장국 1위 추천. 서비스도 친절하시고 마지막에 커피까지 굿입니다,2026-25-06,2026-25-06,25.6.8.일,25.6.8.일,1,갬씅,영수증,매장이 넓어요 | 음식이 맛있어요 | 재료가 신선해요 | 양이 많아요 | 건강한 맛이에요,,
1172,6844ee3878a79f4ad1a25dea,텍스트·콘텐츠형,,여행 왔다가 들렀는데 맛집이네요! 넘 맛있어요,2026-25-06,2026-25-06,25.6.8.일,25.6.8.일,1,YUJA,영수증,음식이 맛있어요 | 재료가 신선해요 | 양이 많아요 | 특별한 메뉴가 있어요 | 반찬이 잘 나와요,,
1173,68452899efb03de4e7bb5543,텍스트·콘텐츠형,,"태안에 방문하면 찾는 곳이예요.
칼칼한 맛이 좋고요, 바지락도 많고, 음식이 정갈하게 니와요.
리뷰 생각을 못해서 먹고난 사진만..^^;;
그래도 모두 바닥까지 먹었네요~",2026-25-06,2026-25-06,25.6.8.일,25.6.8.일,3,나야나지롱,영수증,음식이 맛있어요 | 재료가 신선해요 | 양이 많아요 | 특별한 메뉴가 있어요 | 매장이 넓어요,,
1174,6844d6bef12affcac0efd168,텍스트·콘텐츠형,,"바지락해장국 얼큰하고 바지락 상태도 좋아요
시래기밥 좋아하는데 비빔장에 비벼먹고 넘 맛나요",2026-25-06,2026-25-06,25.6.8.일,25.6.8.일,1,zam****,영수증,음식이 맛있어요 | 재료가 신선해요 | 양이 많아요 | 매장이 넓어요 | 친절해요,,
1175,6843bbf6507135d71c010dfb,텍스트·콘텐츠형,,"여행2일차
아점으로 찾아와 먹었는데 4명 모두 만족
바지락내장탕
원조 바지락 해장국
바지락 고기완자
주문했는데 
바지락 해장국이 가장 맛있고 특색있었어요
굿굿
아이들데려오시면 고기완자 시켜서 같이 드시면 될듯요",2026-25-06,2026-25-06,25.6.7.토,25.6.7.토,1,해야산전통식품,영수증,음식이 맛있어요 | 재료가 신선해요 | 특별한 메뉴가 있어요 | 매장이 청결해요 | 주차하기 편해요,,
1176,6845099349d0f28df62357cf,텍스트·콘텐츠형,,,2026-25-06,2026-25-06,25.6.8.일,25.6.7.토,1,소금빵맛나지,영수증,음식이 맛있어요 | 특별한 메뉴가 있어요,,
1177,684387edd0ce4e1a1487e592,텍스트·콘텐츠형,,맛있고 사장님 친절하시고 좋아요,2026-25-06,2026-25-06,25.6.7.토,25.6.7.토,1,젤리 공주,영수증,음식이 맛있어요,,
1178,68437fda32d4cce2126ddcea,텍스트·콘텐츠형,,음식이 깔끔하고 맛있어요.!,2026-25-06,2026-25-06,25.6.7.토,25.6.7.토,1,bla****,영수증,음식이 맛있어요 | 재료가 신선해요 | 인테리어가 멋져요 | 매장이 넓어요 | 친절해요,,
1179,684ad7d6b21644330a951cb9,텍스트·콘텐츠형,,나들이가는 길에 들어왔는데 바지락해장국을 처음 먹어봤네요. 깔끔하고 맛있었네요~ 양도 괜찮고 깔끔했어요~ 다음에 이 근방 지나가면 또 먹어야 겠어요~,2026-25-06,2026-25-06,25.6.12.목,25.6.6.금,1,한이0719,영수증,음식이 맛있어요 | 재료가 신선해요 | 특별한 메뉴가 있어요,,
1180,684279f25373651b4d427c6a,텍스트·콘텐츠형,,"만리포 가다가 출출해서 여기저기 찾아보다가  바지락 해장국이라고 해서 먹어보고 싶어서 방문했어요~ 
해장국 바지락도 많고 얼큰하게 맛있네요 시래기밥도 구수하고 맛있어요~^^ 태안오면 또 방문 할께요~^^",2026-25-06,2026-25-06,25.6.6.금,25.6.6.금,1,dmkim0524,결제내역,음식이 맛있어요 | 재료가 신선해요 | 매장이 넓어요 | 혼밥하기 좋아요,,
1181,684274a1809bf7c40622e0f6,텍스트·콘텐츠형,,"국물이 맑고 깊어서 정말 맛있게 먹었어요
바지락도 양이 많고 밥이 맛있어서 잘 먹구 가네요!",2026-25-06,2026-25-06,25.6.6.금,25.6.6.금,1,희주3819,영수증,음식이 맛있어요 | 재료가 신선해요 | 양이 많아요 | 가성비가 좋아요,,
1182,68426979ac1f895e2b1a03ba,텍스트·콘텐츠형,,식당 깔끔하고 맛있어요 잘 먹었어영  배부르네용,2026-25-06,2026-25-06,25.6.6.금,25.6.6.금,1,Intotherain34,영수증,음식이 맛있어요,,
1183,68425cbeff9e64c5125dfc54,텍스트·콘텐츠형,,오늘 태안 여행 나들이로 방문했는데 인생 해장국 맛집을 발견했습니다:) 시래기국에 시래기도 너무 연하고 계속 먹게되서 또 찾을 것 같습니다:),2026-25-06,2026-25-06,25.6.6.금,25.6.6.금,1,Nemuritor,영수증,음식이 맛있어요 | 재료가 신선해요 | 양이 많아요 | 매장이 넓어요 | 혼밥하기 좋아요,,
1184,6842569b3bef52db924bd89d,텍스트·콘텐츠형,,진짜 너무 맛있습니다!,2026-25-06,2026-25-06,25.6.6.금,25.6.6.금,1,심술쟁이5065,영수증,음식이 맛있어요 | 재료가 신선해요 | 특별한 메뉴가 있어요 | 건강한 맛이에요 | 반찬이 잘 나와요,,
1185,68423f43912393a15b96dbf9,텍스트·콘텐츠형,,"솔라고cc 올 때마다 먹고 가는 찐 맛집입니다~!
바지락해장국도 맛있지만 정갈하게 함께 나오는 바지락장과 낚지젓갈도 정말 맛있네요~~!!
아침으로 든든하게 먹고 힘내서 출발합니다ᵔᴥᵔ",2026-25-06,2026-25-06,25.6.6.금,25.6.6.금,2,솔이3097,영수증,음식이 맛있어요,,
1186,6842e65a8fe557264e522847,텍스트·콘텐츠형,,"태안에 사는 친구에게 맛집으로 추천받아 방문함.
시래기를 듬뿍넣은 바지락해장국은 여느 해장국보다 깔끔하고 칼칼하며 맛있었으나 바지락 해감이 덜되어 여러번 뱉어내야했음.
바지락고기완자는 동그랑땡에 바지락을 넣어 큼직하게 만들었는데 익히 아는 맛이었지만 맛있게 먹음. 또 방문할 의향이 있으니 해감에 신경써 주시길 바래봄.",2026-25-06,2026-25-06,25.6.6.금,25.6.6.금,1,yhjkhw,영수증,음식이 맛있어요 | 재료가 신선해요 | 특별한 메뉴가 있어요 | 매장이 넓어요 | 주차하기 편해요,,
1187,684229f5ff865b1bc8d171e9,텍스트·콘텐츠형,,태안오면 꼭 먹어야해요! 너무 맛있고 너무너무 친절하세여 최고에요 🥰🙏🏽,2026-25-06,2026-25-06,25.6.6.금,25.6.6.금,1,고고스몬,영수증,음식이 맛있어요 | 재료가 신선해요 | 양이 많아요 | 특별한 메뉴가 있어요,,
1188,683fb43fc867a260fbf64eda,텍스트·콘텐츠형,,"사장님 엄청 친절하시고 !!
엄청 맛있어요 ㅠㅠ 해장의 성지!!!💖💖",2026-25-06,2026-25-06,25.6.4.수,25.6.4.수,1,빵빵여친,영수증,음식이 맛있어요 | 재료가 신선해요 | 양이 많아요 | 특별한 메뉴가 있어요 | 인테리어가 멋져요,,
1189,683fb149a95708b2fd9a7b76,텍스트·콘텐츠형,,개운하고 바지락이 신선해서 맛있어요!!,2026-25-06,2026-25-06,25.6.4.수,25.6.4.수,1,조땡8462,영수증,음식이 맛있어요 | 재료가 신선해요 | 양이 많아요 | 특별한 메뉴가 있어요 | 가성비가 좋아요,,
1190,683fad6520789050dc9087dc,텍스트·콘텐츠형,,"태안에n년째살고 있는데 바지락이메인으로 하는 식당은 처음이에요 바지락으로 하면뭐든 맛있지라고 생각했는데
바지락해장국 바지락내장탕 완전 신세계에용
짱맛존맛 완전추천이에요😍  매장도 넓고 깨끗하고
아! 반찬으로 바지락장이나오는데 이거진짜 별미더라구요
한입먹고반해써용ㅜㅜ 거기다 사장님부터 직원분들 다 친절하셔서 먹는 음식이 더맛있어용😍😍😍재방문 만프로에용👍👍👍👍",2026-25-06,2026-25-06,25.6.4.수,25.6.4.수,1,dldbdo7798,영수증,음식이 맛있어요 | 재료가 신선해요 | 특별한 메뉴가 있어요 | 매장이 넓어요 | 친절해요,,
1191,683e7e081f135f4f1f89961d,텍스트·콘텐츠형,,"아이와 태안 여행와서 집에 돌아가는길에 
점심 먹을곳을 검색하다 우연히 근처에 있어서
방문하였는데
얼큰한걸 좋아하는 저희 가족으로서 너무 만족한 한끼였아요!! ^^ 꼬막장도 너무 맛있고 ㅜㅜ 다음에 또 방문할게요^^",2026-25-06,2026-25-06,25.6.3.화,25.6.3.화,1,헤헤6289,영수증,양이 많아요 | 재료가 신선해요 | 매장이 넓어요 | 단체모임 하기 좋아요 | 친절해요,,
1192,683e6e0cc78ddfa238a556d8,텍스트·콘텐츠형,,"음식이 맛있습니다.ㅎ
아이들을 배려해주셔서 흰밥도 제공해주셨어요.
주차공간도 넓고 매장도 넓어서 대가족이 오셔도 좋습니다.
너무 즐겁고 맛있게 먹었습니다.^^ㅎ
또 올께요.ㅎ",2026-25-06,2026-25-06,25.6.3.화,25.6.3.화,1,rom****,영수증,음식이 맛있어요 | 매장이 넓어요 | 친절해요 | 매장이 청결해요,,
1193,683e68ec36bacdf7fe64dd59,텍스트·콘텐츠형,,,2026-25-06,2026-25-06,25.6.3.화,25.6.3.화,1,nominho71,영수증,음식이 맛있어요 | 매장이 넓어요 | 매장이 청결해요,,
1194,683d008b2cb2bf42aa010bd7,텍스트·콘텐츠형,,음식 맛있고 매장이 깔끔해서 좋아요👍,2026-25-06,2026-25-06,25.6.2.월,25.6.2.월,1,ynl****,영수증,음식이 맛있어요 | 재료가 신선해요,,
1195,683bd85579cbe45bbff6b208,텍스트·콘텐츠형,,"바지락해장국 넘 맛있어요~~
국물이 시원해서 해장으로 최고!!!
곤드레밥에 바지락장과 낙지젓은 말해모해~
리필도 되는 후한인심에 감동추가
꼭 들러보세요~",2026-25-06,2026-25-06,25.6.1.일,25.6.1.일,1,mir****,영수증,음식이 맛있어요 | 양이 많아요 | 주차하기 편해요,,
1196,683bd75f7a966ade6392264e,텍스트·콘텐츠형,,,2026-25-06,2026-25-06,25.6.1.일,25.6.1.일,1,nun****,영수증,음식이 맛있어요 | 양이 많아요 | 특별한 메뉴가 있어요 | 가성비가 좋아요 | 혼밥하기 좋아요,,
1197,683bd75514d51d1500de8e50,텍스트·콘텐츠형,,"여행가는 길에 우연히 들른곳
바지락 칼국수는 많이 먹어봤지만 해장국은 처음이라 새롭고 맛있게 잘 먹었습니다
매운거 못 먹는 아이는 고기완자에 맛있게 밥 먹었어요~
잘 먹었습니다",2026-25-06,2026-25-06,25.6.1.일,25.6.1.일,1,hohomommy,영수증,음식이 맛있어요 | 특별한 메뉴가 있어요 | 매장이 청결해요 | 주차하기 편해요,,
1198,683bd54a82691102f5007f10,텍스트·콘텐츠형,,"아이들과 여행 끝나고 집에 돌아가는 길에
점심으로 먹었어요~ 
반찬도 깔끔하고 맛있네요~ 
바지락장을 아이가 좋아해서 추가로 구매해서
돌아갑니다~ 맛있었어요~!!",2026-25-06,2026-25-06,25.6.1.일,25.6.1.일,1,hey****,영수증,음식이 맛있어요 | 특별한 메뉴가 있어요 | 매장이 청결해요 | 주차하기 편해요,,
1199,683bd1cfe740e7875d11567d,텍스트·콘텐츠형,,자극적이지않고 너무맛있습니다 깔끔하거 배터지게 잘 먹엇습니다!자주 올게용,2026-25-06,2026-25-06,25.6.1.일,25.6.1.일,1,다은파파0628,영수증,음식이 맛있어요 | 인테리어가 멋져요 | 매장이 넓어요,,
1200,683bc7ace90aa4e742386370,텍스트·콘텐츠형,,"태안 여행 와서 먹은 첫끼!
와 진짜 너무 맛있오요!!!!!!!!!! 대박!!!!!!!!
서울 가기전 또 먹으러 올꺼에요👍🏻",2026-25-06,2026-25-06,25.6.1.일,25.6.1.일,1,귀욤이22,영수증,음식이 맛있어요 | 재료가 신선해요 | 양이 많아요 | 반찬이 잘 나와요 | 메뉴 구성이 알차요,,
1201,683bc8d298bb1a214c296d38,텍스트·콘텐츠형,,"엄청 맛있어요 ㅠ
밥도 무료라니 ㅠ
진심 여행하시면 꼭 들르세요~
저는 낼또 올랍니다~
ㅎㅎㅎ",2026-25-06,2026-25-06,25.6.1.일,25.6.1.일,1,초보운전그만하고싶다,영수증,음식이 맛있어요 | 재료가 신선해요 | 양이 많아요 | 특별한 메뉴가 있어요 | 가성비가 좋아요,,
1202,683bc3ab5acaeb8fb5edfcc6,텍스트·콘텐츠형,,"맛있게 잘 먹었습니다 :) 맛집 인정입니다~ 
얼큰시원 좋아요!",2026-25-06,2026-25-06,25.6.1.일,25.6.1.일,1,Epikurean,영수증,음식이 맛있어요 | 재료가 신선해요 | 양이 많아요 | 주차하기 편해요 | 매장이 넓어요,,
1203,683bbfbd7f9924d822940980,텍스트·콘텐츠형,,"태안 여행중 우연히 들렀는데 아침부터 만석 이네요 
맛집을 잘찾아온거같아요
짜지않고 자극적이지않고 너무 맛있게잘먹었습니다",2026-25-06,2026-25-06,25.6.1.일,25.6.1.일,1,노리씽,영수증,음식이 맛있어요 | 재료가 신선해요 | 특별한 메뉴가 있어요 | 매장이 넓어요 | 친절해요,,
1204,683bbac99884fe8b0e074092,텍스트·콘텐츠형,,바지락 해장국 맛도 좋고 고기완자도 실해서 아이랑 같이 밥먹기도 좋아요~ 아이밥과 김도 챙겨주시고 친절하십니다!,2026-25-06,2026-25-06,25.6.1.일,25.6.1.일,1,ldy****,영수증,음식이 맛있어요 | 재료가 신선해요 | 양이 많아요 | 특별한 메뉴가 있어요 | 인테리어가 멋져요,,
1205,683bab2f023f36da4066ba29,텍스트·콘텐츠형,,바지락해장국 처음 먹어봤는데 정말 개운하고 맛있어요 양도많고 반찬도 맛있고 내장탕도 맛이 진해요!! 잘먹었습니다,2026-25-06,2026-25-06,25.6.1.일,25.6.1.일,1,oni****,영수증,음식이 맛있어요 | 재료가 신선해요 | 양이 많아요 | 매장이 넓어요 | 친절해요,,
1206,683ba3da7e7807f8bd47f052,텍스트·콘텐츠형,,"음식도 너무맛있고 친절해하셔서 즐거운 여행이 시작
될것 같아요!",2026-25-06,2026-25-06,25.6.1.일,25.6.1.일,1,uri****,영수증,음식이 맛있어요 | 재료가 신선해요 | 특별한 메뉴가 있어요 | 매장이 넓어요 | 친절해요,,
1207,683a8172a8cf17aa406a02bd,텍스트·콘텐츠형,,"맛있어서 재재재방문 했네요~
지난번에 재료소진으로 못먹은 기억이
있어서 오늘은 부랴부랴 일찍 와서 먹었어요!!",2026-25-05,2026-25-05,25.5.31.토,25.5.31.토,3,akejajo,영수증,음식이 맛있어요 | 가성비가 좋아요 | 커피가 맛있어요 | 친절해요 | 주차하기 편해요,,
1208,683a58e540c91947cce60e94,텍스트·콘텐츠형,,"그냥 내장탕은 흔한데.. 바지락내장탕이라니!! 기대되는 마음으로 왔는데 너무 맛있게 잘 먹었어요 😄
바지락고기완자도 넘넘 맛나요!",2026-25-05,2026-25-05,25.5.31.토,25.5.31.토,1,샤를로뜨,영수증,친절해요 | 주차하기 편해요 | 음식이 맛있어요,,
1209,68392daa14d51d150025f011,텍스트·콘텐츠형,,"너무 맛있게 먹고갑니다 버지락 내장탕은 하루30그릇만 되는데 저희는 운좋게 먹었찌요^^~
처음먹어보는 바지락해장국인데 또 먹고싶는 맛이에요 부모님도 대만족!!!",2026-25-05,2026-25-05,25.5.30.금,25.5.30.금,1,에이치48,영수증,음식이 맛있어요 | 재료가 신선해요 | 양이 많아요,,
1210,6836a4a16f1d8c7968638da1,텍스트·콘텐츠형,,"태안에  맛조개 잡으러 왔다가 독특한 바지락해장국이 있어서 우연히 들렸는데 반찬으로 나온 조개장, 낙지젖갈, 알타리장아찌도 너무 맛있었고 바지락해장국은 뚝배기 구멍나도록 싹싹 먹었어요.. 우리부부는 조개잡이 올 때마다 들리자고 할정도로 맛있었어요^^",2026-25-05,2026-25-05,25.5.28.수,25.5.28.수,1,린이욱이맘,영수증,음식이 맛있어요 | 재료가 신선해요 | 양이 많아요 | 건강한 맛이에요 | 메뉴 구성이 알차요,,
1211,68369fe9ad5521fb21dccef2,텍스트·콘텐츠형,,"너무너무 맛있어요ㅎㅎㅎ
짜지않고 간도 아주 좋아요
시금치밥 같이 주시는 구성도 좋습니다ㅎㅎ
번창하세요",2026-25-05,2026-25-05,25.5.28.수,25.5.28.수,1,ikeeert,영수증,음식이 맛있어요 | 재료가 신선해요 | 양이 많아요 | 특별한 메뉴가 있어요 | 가성비가 좋아요,,
1212,68369422e8bf9e6754915460,텍스트·콘텐츠형,,태안에 와서 특별한 메뉴 먹어보고 싶어서 방문햇어요~ 빨개보여도 맵지 않고 얼큰합니다 밥 반찬도 리필되니 든든하게 먹을 수 있어요 ㅎㅎ,2026-25-05,2026-25-05,25.5.28.수,25.5.28.수,1,맛집쀼셔v,영수증,음식이 맛있어요 | 양이 많아요 | 매장이 넓어요 | 주차하기 편해요,,
1213,6833e3c357e02d975dab88cc,텍스트·콘텐츠형,,두번째 방문한 태안의 맛집 사실전날에도 방문했으나 재료가 소진될만큼 맛있어서 다음날 다시 찾아와 먹었다 태안에 오면 꼭한번들러야 할곳으로 음식이 깔끔하고 담백합니다^^,2026-25-05,2026-25-05,25.5.26.월,25.5.26.월,2,하율e,결제내역,음식이 맛있어요 | 재료가 신선해요 | 건강한 맛이에요 | 잡내가 적어요 | 매장이 청결해요,,
1214,6833dbdd7ae8311c20f7562d,텍스트·콘텐츠형,,"우연히 왔는데 바지락내장탕 진짜 너무너무 맛있고
같이 주시는 바지락장도 맛있어서 만족스럽게 먹었어요!!! 감사합니당",2026-25-05,2026-25-05,25.5.26.월,25.5.26.월,1,움먕냥,영수증,음식이 맛있어요 | 재료가 신선해요 | 양이 많아요,,
1215,68329bb0f5df4ae0ce59ab98,텍스트·콘텐츠형,,너무 맛있고 사장님 친절하고 최고에요!!!,2026-25-05,2026-25-05,25.5.25.일,25.5.25.일,1,blessedpoet,영수증,음식이 맛있어요 | 특별한 메뉴가 있어요 | 건강한 맛이에요 | 매장이 넓어요 | 친절해요,,
1216,6832864d676f703a18ac6987,텍스트·콘텐츠형,,음식이 맛있고 직원분들이 친절합니다. 주차장이 바로 앞이라 주차도 편해요~,2026-25-05,2026-25-05,25.5.25.일,25.5.25.일,1,jhy7376,영수증,음식이 맛있어요 | 양이 많아요 | 친절해요 | 매장이 청결해요 | 주차하기 편해요,,
1217,683270ad873bf6f16d3b0e23,텍스트·콘텐츠형,,어제 방문했는데 재료소진으로 못먹어서 오늘 아침일찍방문 일행들이 오길잘했다고 앞으로 태안오면 여긴꼭방문 늦게까지 영업해주셨으면 좋겠어요 ㅠㅠ,2026-25-05,2026-25-05,25.5.25.일,25.5.25.일,1,저 푸른초원 위에,영수증,음식이 맛있어요 | 재료가 신선해요 | 양이 많아요 | 특별한 메뉴가 있어요 | 매장이 청결해요,,
1218,68326fefaf103bb80037e0cc,텍스트·콘텐츠형,,"숙소랑 가깝고 아침밥 되는곳 찾다가 
기대없이 갔는데 너무 괜찮네요!
남편은 태안 올때마다 온다고???ㅋㅋ
칼칼한거 감자탕같은 음식 좋아하는 사람이면 좋아할 스타일이예요
사장님 친절하시고 가게랑 음식이 전체적으로 아주 깔끔합니다
7살 아이와 갔는데 아이는 과일을 먹어서 배 안고프다해서 저희것만 시켰는데 아이 먹을 밥과 김을 서비스로 챙겨주셨습니다....(눈물 광광😂)
식사 후 커피도 먹을수 있고 다음에도 들르겠습니다👍",2026-25-05,2026-25-05,25.5.25.일,25.5.25.일,1,유냉,영수증,음식이 맛있어요 | 재료가 신선해요,,
1219,68326c3aafec478052a45de2,텍스트·콘텐츠형,,"국물 첫입 먹자마자 드는 생각은 '내일도 와야겠다'입니다. 빨간 국물색은 익숙하지만 시레기와 바지락이 만들어낸 맛은 절대 제가 경험해본 적 없는 꼬소하고 산뜻한 맛이였습니다.
완자도 꼭 시키셔야 합니다. 그러면 해장국밥, 바지락장 비빔밥, 완자 삼위일체로 다양한 맛을 즐길 수 있습니다.
사장님도 친절하셔서 정말 여러모로 만족스러운 태안 여행의 첫 번째 식사였습니다.
이거 먹으러 태안 오기 가능☆",2026-25-05,2026-25-05,25.5.25.일,25.5.25.일,1,tfk****,영수증,음식이 맛있어요 | 재료가 신선해요 | 양이 많아요 | 가성비가 좋아요 | 인테리어가 멋져요,,
1220,683268124da05f5beb9b2420,텍스트·콘텐츠형,,사장님 모두 친절하시고 진짜 맛있었어요 전날 캠핑장에서 마신 술 다 사라짐...고기완자도 먹었는데 쟌맛입니다..애들도 짱 좋아할거같아요. 저는 해장국 먹고 짝궁은 내장탕먹었는데 개인적으로 내장탕이 좀 더 최고였어요! 하루 30그릇 한정판매입니다..바지락해장국도 맛있어요! 내장 못드시는 분들은 바지락해장국 드셔도 충분해요! 중간에 다시마식초 추가..강력추천합니다. 밑반찬도 깔끔하게 맛있고 딱 좋은 양으로 나와서(부족하면 추가가능!) 다 잘먹었습니다. 다음에 태안오면 무조건 또 조식으로 먹을거에요!,2026-25-05,2026-25-05,25.5.25.일,25.5.25.일,1,새우주새우,영수증,매장이 넓어요 | 음식이 맛있어요 | 재료가 신선해요 | 양이 많아요,,
1221,6831457d2b18be01038bc514,텍스트·콘텐츠형,,일하고 눈앞에 있어서 들어왔던 식당 바지락 한바가지로  맛있개 먹고갑니다,2026-25-05,2026-25-05,25.5.24.토,25.5.24.토,1,rum****,영수증,음식이 맛있어요 | 재료가 신선해요 | 양이 많아요 | 인테리어가 멋져요 | 매장이 청결해요,,
1222,68314506b03d3917d1c8e723,텍스트·콘텐츠형,,정말 맛있었습니다. 재방문 의사 있습니다. 예전에 왔다가 재료소진으로 못먹어서 아쉬운 마음에 재방문 해서 먹어봤는데 사람들이 왜 많은지 알겠네요. 태안 놀로오신분들 꼭 한번 들려봤으면 좋겠습니다.,2026-25-05,2026-25-05,25.5.24.토,25.5.24.토,1,신석희12,영수증,음식이 맛있어요 | 양이 많아요 | 가성비가 좋아요 | 기본 안주가 좋아요 | 코스요리가 알차요,,
1223,68312ff5a7d88dd19fdd184e,텍스트·콘텐츠형,,"여행 왓다가 해장하려고 검색해서 온 곳인데
넘 마싯게 잘 먹고 갑니다
바지락이 시원해서
술술 들어가요 ㅋㅋ바지락도 신선해요 
아이랑 함께왓는데 김이랑 밥도 제공해 주시고 
감사합니다 
담에 또 올께요 ^^
매장도 깨끗해요",2026-25-05,2026-25-05,25.5.24.토,25.5.24.토,1,상자62,영수증,음식이 맛있어요 | 재료가 신선해요 | 양이 많아요 | 특별한 메뉴가 있어요 | 가성비가 좋아요,,
1224,682bfad678492e4350294819,텍스트·콘텐츠형,,"자주 오는 곳입니다.
시레기밥+해장국 이 조합은 정말 최고네요.
부족하면 더 주시고,
태안 지나신다면 꼭 들러서 드세요.
전 정말 좋아하는 가게입니다.",2026-25-05,2026-25-05,25.5.20.화,25.5.20.화,1,tjt****,영수증,음식이 맛있어요 | 재료가 신선해요 | 양이 많아요 | 혼밥하기 좋아요 | 친절해요,,
1225,682bebbca30907b015fc7a60,텍스트·콘텐츠형,,바지락해장국은 첨인데 넘 맛있네요!! 추천추천😀,2026-25-05,2026-25-05,25.5.20.화,25.5.20.화,1,bbo****,영수증,음식이 맛있어요 | 재료가 신선해요 | 양이 많아요 | 인테리어가 멋져요 | 친절해요,,
1226,682ab9ccb51865ebce4910a6,텍스트·콘텐츠형,,"맛있게 잘먹었습니다~
푸짐하고 깔끔해서 맛있게 잘 먹었어요~",2026-25-05,2026-25-05,25.5.19.월,25.5.19.월,1,ㄴㅐ사랑 호두,영수증,음식이 맛있어요 | 재료가 신선해요 | 양이 많아요 | 특별한 메뉴가 있어요 | 매장이 청결해요,,
1227,682a9f4e3ccb52367896b973,텍스트·콘텐츠형,,"가족여행 와서 맛있는 아점 하고 갑니다.
다음에 친구들이랑 골프장 놀러오면 또 올게요",2026-25-05,2026-25-05,25.5.19.월,25.5.19.월,1,별명없음19,영수증,음식이 맛있어요 | 재료가 신선해요 | 인테리어가 멋져요 | 매장이 넓어요 | 친절해요,,
1228,682ac523c1dab3b727618113,텍스트·콘텐츠형,,맛이썽요,2026-25-05,2026-25-05,25.5.19.월,25.5.19.월,1,nel2089,영수증,음식이 맛있어요,,
1229,682b07c99cb2ea292d7a20c9,텍스트·콘텐츠형,,"주차가 편해요.
매장도 청결하고..
바지락 해장국^^  특별한 메뉴라서 찾아갔습니다.
바지락은 적당히 있어요.
바지락 맛이 진한것 같지는 않아요.
그냥 해장국에 바지락 넣은것 같아요~
궁금해서 한번 먹으러 갈수 있어요.
가격은 12,000원",2026-25-05,2026-25-05,25.5.19.월,25.5.18.일,1,열정빅벅,영수증,특별한 메뉴가 있어요 | 매장이 청결해요 | 주차하기 편해요,,
1230,68294842dd968f55b6d4cdbc,텍스트·콘텐츠형,,"친절하고 너무맛있ㅇㆍㄱ요
짱짱맨~~~",2026-25-05,2026-25-05,25.5.18.일,25.5.18.일,1,울라숑95,영수증,음식이 맛있어요 | 재료가 신선해요 | 양이 많아요,,
1231,682936fbeb4c43db6592e9e0,텍스트·콘텐츠형,,"여행와서 아침먹으러왔는데
정말맛있어요~^^
바지락해장국 첨 들어보고 첨 먹어봤는데
한그릇 다비웠어요
고기완자는 아이먹으라고 시켰는데
진짜두툼하고 맛있어서 저희도 많이먹었네요ㅎㅎ
완전 추천합니다!!",2026-25-05,2026-25-05,25.5.18.일,25.5.18.일,1,gkh****,영수증,음식이 맛있어요 | 재료가 신선해요 | 특별한 메뉴가 있어요 | 친절해요 | 매장이 청결해요,,
1232,6829d8c5db2435f70b87c743,텍스트·콘텐츠형,,이번에 태안방문하게되어 지인들과 이번엔 바지락내장탕을 먹어봤는데 국물녹진하고 너무맛있어요. 다음에또 방문할거같아요,2026-25-05,2026-25-05,25.5.18.일,25.5.18.일,2,온양폭포수,영수증,음식이 맛있어요 | 재료가 신선해요 | 양이 많아요 | 특별한 메뉴가 있어요 | 가성비가 좋아요,,
1233,68284286b50156c244a3e213,텍스트·콘텐츠형,,"야간 골프 가기전에 우연히 들렸는데 맛있네요~
반찬도 각자 나와서 깔끔하고 음식도 푸짐하니 좋았어요~~ 태안 쪽 갈때마다 종종 가게될거 같아요~^^",2026-25-05,2026-25-05,25.5.17.토,25.5.17.토,1,00000038185,영수증,음식이 맛있어요 | 양이 많아요 | 매장이 넓어요 | 친절해요 | 매장이 청결해요,,
1234,6828060aecd61502f42b5957,텍스트·콘텐츠형,,시원하고 얼큰한 바지락 해장국!! 술먹고 다음날 해장하기 너무좋아요!! 바지락장이랑 비벼먹어도 맛있도 해장국에 말아먹어도 맛있는 해장국집!! 태안오시면 꼭 드셔보세요~!!👍,2026-25-05,2026-25-05,25.5.17.토,25.5.17.토,1,samo0707,영수증,음식이 맛있어요 | 양이 많아요 | 특별한 메뉴가 있어요 | 친절해요,,
1235,6827f882d2e4c2e58fa9debb,텍스트·콘텐츠형,,태안오면 또 올거같아요,2026-25-05,2026-25-05,25.5.17.토,25.5.17.토,1,후니8696,영수증,음식이 맛있어요 | 재료가 신선해요 | 매장이 넓어요 | 친절해요 | 주차하기 편해요,,
1236,6827dc111cf4c3e57bb37e77,텍스트·콘텐츠형,,"우연히 보고 태안여행 마지막날 아침으로 픽했는데 후기좋듯이 넘 괜찮네요.
바지락해장국 처음인데 삼삼하면서도 맛있고 깔끔하네요.
다음 태안여행때 또 들릴것같아요.
태안오신다면 추천합니다~~
ps.바지락장이랑 알타리무장도 맛있어서 따로 구입했네요~^^",2026-25-05,2026-25-05,25.5.17.토,25.5.17.토,1,tjsal3543,영수증,음식이 맛있어요 | 재료가 신선해요 | 매장이 넓어요 | 친절해요 | 매장이 청결해요,,
1237,682400807095f6ce372b27c5,텍스트·콘텐츠형,,"와 맛 장난아님
정갈한 반찬
풍부한 내장
너무 맛있네요",2026-25-05,2026-25-05,25.5.14.수,25.5.14.수,1,18ssay,영수증,음식이 맛있어요 | 재료가 신선해요 | 양이 많아요 | 매장이 넓어요 | 친절해요,,
1238,6823fd45850bc3f6a65849a3,텍스트·콘텐츠형,,애기 접종 왔다가 맛있게 먹고 갑니다🙂,2026-25-05,2026-25-05,25.5.14.수,25.5.14.수,1,다니8089,영수증,음식이 맛있어요 | 특별한 메뉴가 있어요,,
1239,682403454094616a318434bd,텍스트·콘텐츠형,,"이렇게 부드러운 바지락 처음 먹어봐요
오오….. 너무 맛있는데요
약간의 기대는 하고 갔지만
더 기대이상이였어요 !!!
바지락 + 해장국의 진짜 최강 조합
저 밥 다 말아서 한그릇 뚝딱했어요
뚝배기에 나오니 계속 뜨끈뜨끈하게 먹을수 있어서
더 국밥다워 좋았네요^^*
다음에 또 먹으러 오기로 약속했어요~~!
사장님들도 친절하시고 !! 😍😍",2026-25-05,2026-25-05,25.5.14.수,25.5.14.수,1,먹는게좋아랑,영수증,음식이 맛있어요 | 재료가 신선해요 | 특별한 메뉴가 있어요 | 매장이 넓어요 | 친절해요,,
1240,682023dabaf5de1cafc76627,텍스트·콘텐츠형,,"시래기밥에 바지락장을 비벼 먹으니
정말 꿀맛이네요
해장국도 진하고 조개도 싱싱해요!",2026-25-05,2026-25-05,25.5.11.일,25.5.11.일,2,akejajo,영수증,음식이 맛있어요 | 재료가 신선해요 | 가성비가 좋아요 | 음악이 좋아요 | 친절해요,,
1241,6829d052a9b1a0916e1795c9,텍스트·콘텐츠형,,"바지락해장국은 처음 먹어봤는데요..
태안에 가면 꼭 먹어봐야하는 곳입니다!! 국물도 진하고 맛있고 뭔가 먹어본 맛인데 너무 맛있어요.. 바지락도 쫄깃하고 하나도 안비리고 진짜 잘 먹었어요 다음에 태안 방문하면 또 가려구요 진짜 추천입니다!",2026-25-05,2026-25-05,25.5.18.일,25.5.11.일,1,딱지의겨울,결제내역,음식이 맛있어요 | 재료가 신선해요 | 특별한 메뉴가 있어요 | 반찬이 잘 나와요 | 매장이 넓어요,,
1242,682017004c6bc01f2623d45f,텍스트·콘텐츠형,,"바지락고기완자와바지락해장국  바지락장과
에비벼먹고 해장국은 고추기름이 좀많은듯
해요",2026-25-05,2026-25-05,25.5.11.일,25.5.11.일,1,나두때론고민중,영수증,음식이 맛있어요 | 양이 많아요,,
1243,681d741240133d8c92fc270f,텍스트·콘텐츠형,,여기 처음 먹으러 왔는데 너무 맛있었어요ㅎㅎ 색다른 맛이여서 너무 맛있었고 다시 또 오고 싶어요 추천합니다🙂,2026-25-05,2026-25-05,25.5.9.금,25.5.9.금,1,따롱37,영수증,음식이 맛있어요 | 양이 많아요 | 친절해요 | 매장이 청결해요 | 매장이 넓어요,,
1244,681ac0f9192816245919ff87,텍스트·콘텐츠형,,"바지락해장국 정말 얼큰하고 해장되요!
태안오시면 꼭 들러서 맛보세요!!",2026-25-05,2026-25-05,25.5.7.수,25.5.7.수,1,Lucy9855,영수증,매장이 넓어요 | 음식이 맛있어요 | 양이 많아요 | 건강한 맛이에요 | 친절해요,,
1245,681aba3dd6cd142c7728517e,텍스트·콘텐츠형,,너무 맛있게 잘먹고 갑니다!^^,2026-25-05,2026-25-05,25.5.7.수,25.5.7.수,1,명미나물,영수증,음식이 맛있어요 | 인테리어가 멋져요 | 매장이 넓어요 | 친절해요 | 매장이 청결해요,,
1246,6819850b35189183ed1c7043,텍스트·콘텐츠형,,"바지락해장국 먹어보니 국물도 시원하고 좋네요.
바지락살도 통통하니 먹을만했어요
사진을못찍어서 아쉽긴한데ㅜㅜ 
너무맛있어서 리뷰합니다 ㅋㅋ
꼭 와야하는곳 맞아요ㅎㅎㅎㅎ",2026-25-05,2026-25-05,25.5.6.화,25.5.6.화,1,푸딩이3253,영수증,음식이 맛있어요 | 재료가 신선해요 | 양이 많아요 | 특별한 메뉴가 있어요 | 가성비가 좋아요,,
1247,68197e0426f6bc1492b8fa8d,텍스트·콘텐츠형,,아주 맛있고 양도 많아여!,2026-25-05,2026-25-05,25.5.6.화,25.5.6.화,1,krl****,영수증,음식이 맛있어요 | 재료가 신선해요 | 양이 많아요 | 특별한 메뉴가 있어요 | 인테리어가 멋져요,,
1248,68197e07704f62049eea65e9,텍스트·콘텐츠형,,"해장하려고 방문했는데 내장탕, 해장국도 둘다 맛있어요!! 태안오면 이곳 추천합니당",2026-25-05,2026-25-05,25.5.6.화,25.5.6.화,1,sub****,영수증,음식이 맛있어요 | 재료가 신선해요 | 메뉴 구성이 알차요,,
1249,681979407ed88199cde341bd,텍스트·콘텐츠형,,골프장 가는길에 점심먹었는데 음식이 맛있고 친절했어요~~~,2026-25-05,2026-25-05,25.5.6.화,25.5.6.화,1,카샘,영수증,음식이 맛있어요 | 음식이 빨리 나와요,,
1250,6819686eab2436fee4848691,텍스트·콘텐츠형,,"가족여행 중에 새로운 맛을 경험하고 갑니다.
해장국 무지 좋아라하는 남편과 아들이
엄지척 하고 갑니다.
태안에 오면 또 재방문 할것 겉습니다.",2026-25-05,2026-25-05,25.5.6.화,25.5.6.화,1,연한커피62,영수증,음식이 맛있어요 | 특별한 메뉴가 있어요 | 매장이 넓어요 | 매장이 청결해요 | 주차하기 편해요,,
1251,68195cb5d812e1389cc18257,텍스트·콘텐츠형,,"태안 여행중에 만나게된 특별한 메뉴에요
바지락해장국은 처음 먹어봤는데 맛있더라고요
바지락 완자도 맛있고 해장국은 덜매운맛으로 가능해서 아이도 해장국을 먹을수 있었어요~~
매장도 깔끔하고 사장님도 친절하셔서 기분좋게 먹고나왔네요~",2026-25-05,2026-25-05,25.5.6.화,25.5.6.화,1,jjung000,영수증,음식이 맛있어요 | 특별한 메뉴가 있어요 | 인테리어가 멋져요 | 친절해요 | 매장이 청결해요,,
1252,681b04724f660d48ce99b103,텍스트·콘텐츠형,,"해장의 성지 태안바지락 해장국

태안 갈때마다 원픽으로 방문 하는곳.

해장국도 맛나고 씨레기밥에.바지락장도
달달하이 맛나서 과식하는곳.
태안 간다면.꼭 가볼것
3시정도면 솔드아웃되는건 비밀.",2026-25-05,2026-25-05,25.5.7.수,25.5.5.월,2,심뚱의또갈집,영수증,매장이 넓어요 | 혼밥하기 좋아요 | 음식이 맛있어요 | 재료가 신선해요 | 양이 많아요,,
1253,68185a48bc6d73ef09e4558b,텍스트·콘텐츠형,,천리포  수목원 가는중  바지락해장국  첨 듣는 메뉴라  기대하면  들른곳...  김치나..깍두기 도  사진처럼  장아찌..ㅋㅋㅋ 거기에  국물은  어찌  그리 짜거운지요.  사장님  개선이  필요합니다  바지락도  뻘이  넘 심해요..  더 정성 스럽게  바지락 손질도  해주세요,2026-25-05,2026-25-05,25.5.5.월,25.5.5.월,1,kum****,영수증,매장이 넓어요 | 화장실이 깨끗해요,,
1254,68184baa1816781a920d7d95,텍스트·콘텐츠형,,얼큰하고 개운하고 너무 맛있어요~ 최고!,2026-25-05,2026-25-05,25.5.5.월,25.5.5.월,1,터지니,영수증,음식이 맛있어요 | 재료가 신선해요 | 양이 많아요,,
1255,68183c99632c165caf0c9153,텍스트·콘텐츠형,,서산 태안 여행 오면 재방문하고 싶은 맛집이네요. 😆😆 바지락으로 끓여서 시원하고 깊은 맛이 남달라요. 시래기밥도 맛있고 3종 반찬도 완전 맛도리❤️ 바지락장 최고예요.,2026-25-05,2026-25-05,25.5.5.월,25.5.5.월,1,저녁잠409,영수증,음식이 맛있어요 | 재료가 신선해요 | 양이 많아요 | 특별한 메뉴가 있어요 | 혼밥하기 좋아요,,
1256,6818284934b69ada7172a542,텍스트·콘텐츠형,,내장탕 한그릇 한뚝하고 갑니다. 너무 맛있습니도. 태안오며또 들릴곳이에요~,2026-25-05,2026-25-05,25.5.5.월,25.5.5.월,1,wjd****,영수증,음식이 맛있어요 | 재료가 신선해요 | 양이 많아요 | 인테리어가 멋져요 | 매장이 넓어요,,
1257,6818268ca2d1d02c2163bbe7,텍스트·콘텐츠형,,"진짜 맛있어요^^

한공기 다 못먹는 편인데
시래기밥에 간장 넣지 않고 맨밥만 먹어도 맛있어서
시래기밥 먹다가 바지락장 추가해서 먹었어요

무짱아찌도 개운하고

바지락고기완자는 바지락이 들어가서 더 쫄깃해요

잘 먹었어요^^",2026-25-05,2026-25-05,25.5.5.월,25.5.5.월,1,숄47,영수증,음식이 맛있어요 | 재료가 신선해요 | 친절해요 | 매장이 청결해요,,
1258,68181c3ebb1eb411205f7094,텍스트·콘텐츠형,,"여행왔다 우연히 들렸는데, 해산물에 거부감있던 아이도 고기완자에 밥 잘 먹었어요~전반적으로 양도 푸짐하고 맛있었습니다~잘 먹고 갑니다~^^",2026-25-05,2026-25-05,25.5.5.월,25.5.5.월,1,블루베리치즈케이크조아,영수증,음식이 맛있어요 | 재료가 신선해요 | 양이 많아요 | 매장이 넓어요 | 친절해요,,
1259,68181570006f5942b9e97285,텍스트·콘텐츠형,,"해장국집을 찾다가 바지락해장국이라는걸 보고 어떤맛일지 궁금해서 결정했는데 너무맛있고 든든한 한끼였습니다.
같이 나오는 반찬들도 너무 맛있고 특히 장아찌는 정말 맛있었어요! 태안으로 여행온다면 또 오고싶을 정도 입니다. 잘먹었습니다😋",2026-25-05,2026-25-05,25.5.5.월,25.5.5.월,1,꾸꾸꾸꿈,영수증,음식이 맛있어요 | 재료가 신선해요 | 양이 많아요 | 특별한 메뉴가 있어요 | 매장이 넓어요,,
1260,6818106a2160f3721131a389,텍스트·콘텐츠형,,"바지락 고기완자, 바지락 내장탕, 바지락 해장국 맛있어요~
같이 나오는 밑반찬들도 맛있어요",2026-25-05,2026-25-05,25.5.5.월,25.5.5.월,1,me389,영수증,음식이 맛있어요 | 재료가 신선해요 | 양이 많아요 | 특별한 메뉴가 있어요 | 반찬이 잘 나와요,,
1261,6816d590f4086afc1eaff5be,텍스트·콘텐츠형,,살짝 덜맵게도 가능해요~~ 매운거 못먹는 중딩 아들이 덜매운맛 맛나게 먹네요.  완자도 맛있으니까 꼭 주문해서 드세요!!!!!!맛집 강추입니다~~!!!!,2026-25-05,2026-25-05,25.5.4.일,25.5.4.일,1,ka****,영수증,음식이 맛있어요 | 재료가 신선해요 | 양이 많아요 | 특별한 메뉴가 있어요 | 메뉴 구성이 알차요,,
1262,6816d447c46db7a9c45f1f56,텍스트·콘텐츠형,,해장국 너무 맛있게 먹었어요~~ 칼칼하니 해장하기 좋네요 시래기밥에 바지락장 궁합이 좋아요 태안오면 또오겠습니다,2026-25-05,2026-25-05,25.5.4.일,25.5.4.일,1,라니꼬,영수증,음식이 맛있어요 | 메뉴 구성이 알차요,,
1263,6816d344632230f67f2d34cc,텍스트·콘텐츠형,,"사장님 넘넘 친절하세요
맛도 굿굿 잘먹었습니다",2026-25-05,2026-25-05,25.5.4.일,25.5.4.일,1,어린왕자506,영수증,음식이 맛있어요 | 재료가 신선해요 | 양이 많아요 | 특별한 메뉴가 있어요 | 친절해요,,
1264,6816d07638b1c2543d349862,텍스트·콘텐츠형,,"주차  편하고 매장 청결하고 넓어요.
음식도 깔끔하고 내장탕이 냄새 없고  맛있어요",2026-25-05,2026-25-05,25.5.4.일,25.5.4.일,1,초코쿠키6789,영수증,음식이 맛있어요 | 재료가 신선해요 | 양이 많아요 | 매장이 넓어요 | 친절해요,,
1265,6816cac8694f5e5834ce375e,텍스트·콘텐츠형,,태안 맛집~~ 꼭 들리시길 바래용♡,2026-25-05,2026-25-05,25.5.4.일,25.5.4.일,1,라미라미53,영수증,음식이 맛있어요 | 재료가 신선해요 | 인테리어가 멋져요 | 매장이 넓어요 | 매장이 청결해요,,
1266,6816b8352c047bcd50c01584,텍스트·콘텐츠형,,"사장님,직원분들 웃는얼굴로 맞이해주시고 해장국도 너무 얼큰하니 맛나요! 아이들은 완자 시켜서 먹였는데, 흰밥이나 나물밥 선택해서 김이랑 같이 서비스로 주셨습니다^^ 다음에 태안여행오면 또 들릴맛집입니다💛✨",2026-25-05,2026-25-05,25.5.4.일,25.5.4.일,1,eun****,영수증,인테리어가 멋져요 | 매장이 넓어요 | 음식이 맛있어요 | 재료가 신선해요 | 친절해요,,
1267,6816b70c28616ef6b95ce8b3,텍스트·콘텐츠형,,"바지락해장국은 생소했는데
시레기에 바지락을 넣어서 매콤하게 끓여서 앗있어요 
갇이 나오는 젓갈도 맛있었이요",2026-25-05,2026-25-05,25.5.4.일,25.5.4.일,1,행복나루83,영수증,음식이 맛있어요 | 재료가 신선해요 | 매장이 넓어요 | 매장이 청결해요,,
1268,6815b63c5227ac5c2e046a44,텍스트·콘텐츠형,,바지락국이 얼큰하고 시원해서 해.ㅏㅇ에 최고입니다,2026-25-05,2026-25-05,25.5.3.토,25.5.3.토,1,chyoon561,영수증,음식이 맛있어요 | 재료가 신선해요 | 인테리어가 멋져요 | 친절해요 | 주차하기 편해요,,
1269,6815af731be517825e11acbb,텍스트·콘텐츠형,,얼큰하고 시원합니다. 맛있게 잘 먹었어요~ 바지락장이랑 젓갈 장아치가 맛있어서 반찬도 구매했어요. 다음에 또 올께요^^,2026-25-05,2026-25-05,25.5.3.토,25.5.3.토,1,jun****,영수증,음식이 맛있어요 | 매장이 넓어요 | 친절해요 | 매장이 청결해요 | 주차하기 편해요,,
1270,6815a6ce38b5e7bad401b724,텍스트·콘텐츠형,,태안오면 한번 드셔보세요 맛있어요 사장님도 너무 친절해요,2026-25-05,2026-25-05,25.5.3.토,25.5.3.토,1,달려라디퐁,영수증,음식이 맛있어요 | 재료가 신선해요 | 양이 많아요 | 매장이 넓어요,,
1271,68158a1b10d40b844d73ca1a,텍스트·콘텐츠형,,"바지락해장국 너무 맛있어요!
아이들 밥 주문하려하니 아이들 밥은 그냥 주시네요.
양도 많고 너무 맛있어서 태안여행 오면 또 들르고 싶어요!
무엇보다 저는 매장이 청결해서 좋습니다.
잘먹고 갑니다🩷🩷",2026-25-05,2026-25-05,25.5.3.토,25.5.3.토,1,ieee8923,영수증,음식이 맛있어요 | 건강한 맛이에요 | 매장이 넓어요 | 차분한 분위기예요 | 매장이 청결해요,,
1272,6815820f466c33d72fc022a4,텍스트·콘텐츠형,,가족여행으로 태안에 왔다가 검색해서 급 방문했어요. 해장용으로도 그냥 한끼 식사로도 정갈하고 너무 맛있어요!!!! 포장해가고픈 맛!!!♡♡,2026-25-05,2026-25-05,25.5.3.토,25.5.3.토,1,goodbyerim,영수증,음식이 맛있어요 | 재료가 신선해요 | 양이 많아요 | 매장이 넓어요 | 매장이 청결해요,,
1273,68157ed59009d7f74bd78ecf,텍스트·콘텐츠형,,맛있어요!!! 내장 좋아하시는 분들은 무조건 내장탕으로~~ 기본반찬도 맛있는것만 나오니 좋아요 ㅎㅎ 태안여행와서 제일 맛있었어요 ㅎㅎㅎㅎ👍👍👍왕추천,2026-25-05,2026-25-05,25.5.3.토,25.5.3.토,1,지베가고싶죠,영수증,친절해요 | 주차하기 편해요 | 음식이 맛있어요 | 양이 많아요 | 메뉴 구성이 알차요,,
1274,681577a52dfa757c34f317c7,텍스트·콘텐츠형,,"지나가다가 그냥 들어갔는데
너무 맛있게 잘먹었어요~",2026-25-05,2026-25-05,25.5.3.토,25.5.3.토,1,하가가하엄마,영수증,음식이 맛있어요 | 양이 많아요 | 매장이 넓어요 | 주차하기 편해요,,
1275,681447109bbec06844d93626,텍스트·콘텐츠형,,여기서만 먹을수있는 투결한 메뉴에요 가성비좋네여 친절하시고 맛있고 가성비좋고 주차장넓고 완벽해요,2026-25-05,2026-25-05,25.5.2.금,25.5.2.금,1,Pearl50,영수증,화장실이 깨끗해요 | 음식이 맛있어요 | 재료가 신선해요 | 양이 많아요 | 인테리어가 멋져요,,
1276,681442f644d4b57fda0139b4,텍스트·콘텐츠형,,"바지락해장국 특이하고 너무 맛있어요
바지락이 신선하고
내장도 너무너무 잘 삶아져서 부드럽고 좋네요
완자도 너무 맛있어요 👍",2026-25-05,2026-25-05,25.5.2.금,25.5.2.금,1,Jhssa,영수증,음식이 맛있어요 | 재료가 신선해요 | 양이 많아요 | 주차하기 편해요,,
1277,681431e055a0277f2a7491da,텍스트·콘텐츠형,,오픈직후 방문하고 오늘이 두번째인데 11시 30분에는 사람이 다 꽉 차있더라구요 시원하고 맛있게 잘먹었습니다~,2026-25-05,2026-25-05,25.5.2.금,25.5.2.금,2,cyj****,영수증,음식이 맛있어요 | 재료가 신선해요 | 특별한 메뉴가 있어요 | 건강한 맛이에요 | 메뉴 구성이 알차요,,
1278,681179b7ab4cedef6634612a,텍스트·콘텐츠형,,,2026-25-04,2026-25-04,25.4.30.수,25.4.30.수,1,기억해쭈63,영수증,음식이 맛있어요 | 매장이 넓어요 | 매장이 청결해요,,
1279,68116a7eb969b1929c543f19,텍스트·콘텐츠형,,태안 여행중 얼큰한 해장국 먹으러 방문했는데 해장으로 최고네요. 얼큰하고 시원한 국물이 속을 편하게 해주고 등 북 들어간 시레기가 구수하니 입맛 살려줘요. 태안여행하면서 아름다운 경치에 눈이 즐겁고 원한 바지락 해장국이 입을 즐겁게 해줘요,2026-25-04,2026-25-04,25.4.30.수,25.4.30.수,1,꿈꾸는트래블러 가평국내여행,영수증,음식이 맛있어요 | 특별한 메뉴가 있어요 | 혼밥하기 좋아요 | 친절해요 | 주차하기 편해요,,
1280,68104ea25f94412980fb9f42,텍스트·콘텐츠형,,,2026-25-04,2026-25-04,25.4.29.화,25.4.29.화,1,y8011y,영수증,음식이 맛있어요 | 양이 많아요 | 친절해요 | 매장이 청결해요,,
1281,6812d95dbd5dd358525cb7cd,텍스트·콘텐츠형,,태안에서 먹은 음식중에 제일 맛있었음 ㅎ,2026-25-05,2026-25-04,25.5.1.목,25.4.28.월,1,하와이로가요,결제내역,음식이 맛있어요 | 인테리어가 멋져요 | 매장이 청결해요,,
1282,680ef8b655fa5ff875809362,텍스트·콘텐츠형,,와.. 진짜 맛있어요 태안에서 캠핑갔다가 돌가는길에 항상 들리는길인데 첨 생겨서 먹어봤는데 존맛탱입니다 무조건 드세요 바지락장 미쳤습니다,2026-25-04,2026-25-04,25.4.28.월,25.4.28.월,1,lullu young,영수증,음식이 맛있어요 | 재료가 신선해요 | 양이 많아요 | 특별한 메뉴가 있어요 | 가성비가 좋아요,,
1283,680db2070bcfa822e1b22482,텍스트·콘텐츠형,,"소문으로만 듣고 처음 와본곳~
칼칼하고 깔끔하고 너무 맛있게 먹고 왔네요~
이제 종종 올께요^^",2026-25-04,2026-25-04,25.4.27.일,25.4.27.일,1,짜야80,영수증,음식이 맛있어요 | 재료가 신선해요 | 매장이 넓어요 | 매장이 청결해요 | 주차하기 편해요,,
1284,680dafe770dfef2fe59e47e4,텍스트·콘텐츠형,,"해장국, 바지락장 넘 맛있었어요~! 너무 맛있어서 밥 두그릇 뚝딱했습니다~ 태안여행와서 먹은 음식중에 젤 맛있었어요 ㅎㅎ",2026-25-04,2026-25-04,25.4.27.일,25.4.27.일,1,dmsgp192,영수증,음식이 맛있어요 | 재료가 신선해요 | 특별한 메뉴가 있어요 | 메뉴 구성이 알차요 | 음식이 빨리 나와요,,
1285,680db02ba45b41cbe1f5c16e,텍스트·콘텐츠형,,"바지락을 원래도 좋아하는데
바닷가 가는길에 바지락해장국집이
생겼길래 나오는길에 방문했어요
점심시간이라 북적북적 했지만
대기없이 먹었구요
생소한 메뉴였지만 재료들이 친근해서
넘 넘 맛있게 먹었어요~
아이들도 먹기좋은 완자 메뉴도 있고
김도 같이 챙겨주셔서 맛있게 잘 먹였답니당~~
맛있게 먹어서 재방문예정!!
번창하시길~~",2026-25-04,2026-25-04,25.4.27.일,25.4.27.일,1,cmh****,영수증,음식이 맛있어요 | 재료가 신선해요 | 양이 많아요 | 친절해요 | 매장이 청결해요,,
1286,680daea238bbf23dc0ecd118,텍스트·콘텐츠형,,"바지락이 신선하고 해장국이 진국이예요
조금 늦게 가면 재료소진이라 못먹네요
태안 방문할때마다 들리는 맛집입니다!",2026-25-04,2026-25-04,25.4.27.일,25.4.27.일,1,akejajo,영수증,음식이 맛있어요 | 재료가 신선해요 | 커피가 맛있어요 | 매장이 넓어요 | 주차하기 편해요,,
1287,680da0eba2d1d02c216c758e,텍스트·콘텐츠형,,바지락도 풍성하고 국물이 진하고 맛있어요,2026-25-04,2026-25-04,25.4.27.일,25.4.27.일,1,은채맘42,영수증,음식이 맛있어요 | 재료가 신선해요 | 특별한 메뉴가 있어요 | 매장이 넓어요,,
1288,680d9981b05f7e7108c3870d,텍스트·콘텐츠형,,해장의 정석 인정!! 밥 두그릇 쓱싹비벼먹고 마무리 커피까지 태안여행오면 계속 올꺼예요!!,2026-25-04,2026-25-04,25.4.27.일,25.4.27.일,1,KOAMOMO,영수증,음식이 맛있어요 | 재료가 신선해요 | 양이 많아요 | 특별한 메뉴가 있어요 | 가성비가 좋아요,,
1289,6817243cad55419afd16fe8e,텍스트·콘텐츠형,,바지락 해장국 정말 특이한 메뉴였습니다. 맛있어요,2026-25-05,2026-25-04,25.5.4.일,25.4.27.일,1,에어스키,영수증,음식이 맛있어요 | 특별한 메뉴가 있어요 | 인테리어가 멋져요 | 혼밥하기 좋아요 | 친절해요,,
1290,680d87ae7e6a54e6c8dd1c95,텍스트·콘텐츠형,,"남편과 태안나들이 중 아침으로 들른곳입니다.
매장 밝고 쾌적하고 친절하시네요. 주차도 편리합니다.
바지락해장국 푸짐하고 맛있어요. 반찬도 깔끔하네요. 
다만 제 입맛에는 약간 짠듯싶기도 해서..간을 조금만 덜하면 좋을듯요. 추천합니다~~♡",2026-25-04,2026-25-04,25.4.27.일,25.4.27.일,1,레몬트리56,영수증,음식이 맛있어요 | 재료가 신선해요 | 매장이 넓어요 | 친절해요 | 매장이 청결해요,,
1291,680d858c24098e2087294bcd,텍스트·콘텐츠형,,특별한 바지락 맛에 맛있게 즐겁해 해장하고 갑니다 지인분들께 추천 할 정도로 최고였어요~~,2026-25-04,2026-25-04,25.4.27.일,25.4.27.일,1,전아영59,영수증,음식이 맛있어요 | 재료가 신선해요 | 특별한 메뉴가 있어요 | 인테리어가 멋져요 | 친절해요,,
1292,680d850aec1f10168b8160a3,텍스트·콘텐츠형,,"아주 맛있게 잘 먹고 갑니다
아이와 함께 왔는데 어린이는 흰쌀밥에 김까지 챙겨주셔서 메뉴 고민 없이 잘 먹고 왔어요.
바지락 내장탕도 바지락 해장국도 모두 맛있어요
호불호 없는 소울푸드👍👍👍",2026-25-04,2026-25-04,25.4.27.일,25.4.27.일,1,복길이468,영수증,주차하기 편해요 | 음식이 맛있어요 | 재료가 신선해요 | 양이 많아요 | 특별한 메뉴가 있어요,,
1293,680d72bfb5a87572c1bae1d2,텍스트·콘텐츠형,,친전하시고 맛도 짱입니다,2026-25-04,2026-25-04,25.4.27.일,25.4.27.일,1,은하수437,영수증,음식이 맛있어요 | 양이 많아요 | 가성비가 좋아요,,
1294,680db170583c8d46d3d0010e,텍스트·콘텐츠형,,"바지락칼국수는 많이 먹어봤어도
바지락해장국은 처음이었는데
너무맛있게 먹었네요
바지락도 신선하고 바지락장도 맛있고
다음번에 태안쪽 여행하게 되면 무조건 첫번째로 방문하고싶은 집입니다",2026-25-04,2026-25-04,25.4.27.일,25.4.26.토,1,has****,영수증,음식이 맛있어요 | 재료가 신선해요 | 특별한 메뉴가 있어요 | 인테리어가 멋져요 | 친절해요,,
1295,680c5d20344aeca38fccb3a5,텍스트·콘텐츠형,,진짜 맛잇어요 강추,2026-25-04,2026-25-04,25.4.26.토,25.4.26.토,1,메시16,영수증,음식이 맛있어요 | 재료가 신선해요 | 인테리어가 멋져요 | 친절해요 | 매장이 청결해요,,
1296,680c58be73d8312a148a8e4b,텍스트·콘텐츠형,,"태안으로 와서 먹었던 음식 중에 가장 맛있었어요~!!
해장국은 얼큰하면서 깔끔하고 내장탕은 살짝 녹진한 맛이였어요!!! 맛도 베스트인데  핸드폰 충전해놓고 차로 갔는데 차로 가져다주실정도로 너어무 손님에 대한 친절히 가득하셨답니다",2026-25-04,2026-25-04,25.4.26.토,25.4.26.토,1,light5773,영수증,음식이 맛있어요 | 재료가 신선해요 | 특별한 메뉴가 있어요 | 친절해요 | 매장이 청결해요,,
1297,680c406b5acd1a7430a7ea94,텍스트·콘텐츠형,,처음 먹어본 메뉸데 양도 많고 맛있어요!,2026-25-04,2026-25-04,25.4.26.토,25.4.26.토,1,승밍92,영수증,음식이 맛있어요 | 양이 많아요 | 특별한 메뉴가 있어요 | 혼밥하기 좋아요 | 매장이 청결해요,,
1298,680c5421d21e73c6f704c03e,텍스트·콘텐츠형,,"해장국은 감자탕다시다가루 잔뜩 들어간 감자탕국물임
바지락은 모래질겅질겅 도저히 못먹겠음
고기완자는 냉동떡갈비 데워나온 정말 형편없음
나물밥은 향이 하나도 안남
찬은 김치, 깍두기도 없고 낙지젖갈나옴 
해장국에 김치, 깍두기가 없다니!!

감자탕국물에 모래질겅바지락 몇개, 형편없는 찬
너무 기대를 하고갔나? 실망이요",2026-25-04,2026-25-04,25.4.26.토,25.4.26.토,1,팥치즈바게트,영수증,집중하기 좋아요,,
1299,680c38d11ab4065588eab899,텍스트·콘텐츠형,,"파도리해수욕장 가기 전 아침 먹으러 들린 곳!!
해장국, 내장탕(1일 30그릇 한정), 고기완자 먹었어요 :)
바지락이 한 가득, 내장도 나눠먹을만큼 있더라구요~
여행으로 왔던 터라.. 집 근처에 있으면 일주일에 한 번씩 먹고 싶은 맛이에요! 고기해장국이랑 비교했을 때 제 입맛엔 훨신 깔끔하고 맛있게 먹을 수 있어요 :)
고기완자도 먹고 가자 해서 밥 다 먹고 먹느라~ 배가 너무너무 불렀지만!! 하나도 안 남기고 다 먹어야겠다 할만큼 맛있었어요~
반찬으로 나왔던 바지락장이랑 알타리장도 추가 구입했을만큼 맛있어요!! (집가서 먹고 시댁이랑 친정에 하나씩 선물하려구 3세트로..) 
태안 또 오면 꼭 또 들릴게요~~ 친절한 응대 감사합니다!",2026-25-04,2026-25-04,25.4.26.토,25.4.26.토,1,love apple82,영수증,음식이 맛있어요 | 가성비가 좋아요 | 특별한 메뉴가 있어요 | 재료가 신선해요 | 음식이 빨리 나와요,,
1300,680c29a62e5327bd5c5cd660,텍스트·콘텐츠형,,"태안왔다가 우연히검색하고 간곳~
대박 맛있슴 ,친절하고깔끔하고, 바지락장에비벼먹는 시래기밥도맛있고
무엇보다 바지락해장국,바지락내장탕 최고!!
해장으로도최고네요 .아침~맛있게잘먹었습니다.",2026-25-04,2026-25-04,25.4.26.토,25.4.26.토,1,모도리6402,영수증,음식이 맛있어요 | 재료가 신선해요 | 특별한 메뉴가 있어요 | 건강한 맛이에요 | 화장실이 깨끗해요,,
1301,680c29279f0d64e708ef337f,텍스트·콘텐츠형,,,2026-25-04,2026-25-04,25.4.26.토,25.4.26.토,1,ccw****,영수증,특별한 메뉴가 있어요 | 친절해요 | 매장이 청결해요 | 특별한 날 가기 좋아요,,
1302,680b0036553e0115713721fc,텍스트·콘텐츠형,,처음 먹었는데 맛있어여^^,2026-25-04,2026-25-04,25.4.25.금,25.4.25.금,1,소공연,영수증,음식이 맛있어요,,
1303,6807174b9d1fb128ca33c358,텍스트·콘텐츠형,,2번째 방문. 시원하고 얼큰해서 맥주랑한잔 맛있게 먹었어용!,2026-25-04,2026-25-04,25.4.22.화,25.4.22.화,2,ghk****,영수증,음식이 맛있어요 | 재료가 신선해요 | 양이 많아요,,
1304,6805df4dde9e881698301808,텍스트·콘텐츠형,,"태안여행오면 꼭 들러야할 곳 맞네요
그냥 해장국에 바지락 넣었겠지 생각했는데
숟가락을 멈출수없어요
매번 목요일마다 갈까하다가 정기휴일이라
몇번만에 성공했는데 역시 맛있네요
영업시간이 3시반까지라 아쉬워요
매장 깨끗하고 친절하고 태안의 명물이 될것같네요~",2026-25-04,2026-25-04,25.4.21.월,25.4.21.월,1,향기73,영수증,음식이 맛있어요 | 재료가 신선해요 | 매장이 넓어요 | 매장이 청결해요 | 주차하기 편해요,,
1305,6805ba12a6fead4b11b8b1ab,텍스트·콘텐츠형,,"각자 따로 쟁반에 깔끔하게 나오고 음식도 빨리 나옵니다.
매콤하게 맛있게 먹을수 있고 같이 나오는 바지락장이랑 낙지젓갈도 맛있습니다
잘 먹고 갑니더",2026-25-04,2026-25-04,25.4.21.월,25.4.21.월,1,디지타마,영수증,음식이 맛있어요 | 양이 많아요 | 매장이 넓어요 | 매장이 청결해요 | 음식이 빨리 나와요,,
1306,6805a9deaf161f613c0bd24c,텍스트·콘텐츠형,,얼큰하고 시원해서 해장에 딱 입니다!! 맛있게 먹고 갑니다~~👍,2026-25-04,2026-25-04,25.4.21.월,25.4.21.월,1,swe****,영수증,음식이 맛있어요 | 양이 많아요 | 특별한 메뉴가 있어요 | 매장이 청결해요 | 주차하기 편해요,,
1307,680488cae07abd1bba903030,텍스트·콘텐츠형,,,2026-25-04,2026-25-04,25.4.20.일,25.4.20.일,1,yos****,영수증,음식이 맛있어요 | 인테리어가 멋져요 | 매장이 넓어요 | 매장이 청결해요,,
1308,6804867c804b4dc1d45dc91d,텍스트·콘텐츠형,,"태안으로 캠핑왔다가 해장겸 방문했어요!! 
평소 사실 조개류를 별류 좋아하지 않는데 
여긴 너어어무.. 맛있네요
얼큰하고 담백하고 바지락도 엄청 신선해요 
반찬이랑도 잘 어울려서 반찬도 따로 구매했어요!! 
다음에 태안오면 꼭꼭 다시 방문할게요:)!!!",2026-25-04,2026-25-04,25.4.20.일,25.4.20.일,1,슈우리,영수증,음식이 맛있어요 | 재료가 신선해요 | 양이 많아요 | 특별한 메뉴가 있어요 | 반찬이 잘 나와요,,
1309,68047782ebe90d3d6f764471,텍스트·콘텐츠형,,"캠핑마치고 집에가다 들렀는데
오메오메 이거 해장되고 맛납니다
담번 캠핑때 또 예약~~!!^^",2026-25-04,2026-25-04,25.4.20.일,25.4.20.일,1,허니마미63,영수증,음식이 맛있어요 | 재료가 신선해요 | 매장이 넓어요 | 매장이 청결해요 | 주차하기 편해요,,
1310,680451238bc21515ff23387c,텍스트·콘텐츠형,,완전 대박이네요,2026-25-04,2026-25-04,25.4.20.일,25.4.20.일,1,leg170,영수증,음식이 맛있어요 | 인테리어가 멋져요 | 친절해요,,
1311,68043fee31fc6e01ae398551,텍스트·콘텐츠형,,"바지락 시래기 해장국 넘 맛있었어
적극  추천합니다
바지락 고기완자도 맛있었어요.",2026-25-04,2026-25-04,25.4.20.일,25.4.20.일,1,위풍당당 서울,영수증,음식이 맛있어요 | 재료가 신선해요 | 양이 많아요 | 매장이 넓어요 | 친절해요,,
1312,68043e52ebe42019a5ef72b3,텍스트·콘텐츠형,,여행중 검색후 아침식사하게 되었는데 메뉴도 특색있고 맛있습니다. 30그릇한정 내장탕으로 통일했네요~  음식도 깔끔하게 나오고 매장도 청결하니 너무 좋네요^^,2026-25-04,2026-25-04,25.4.20.일,25.4.20.일,1,초롱마미83,영수증,음식이 맛있어요 | 재료가 신선해요 | 인테리어가 멋져요 | 친절해요 | 매장이 청결해요,,
1313,6802e9fc18d760a944625a81,텍스트·콘텐츠형,,"호텔조식처럼 분위기 있고 깨끗하고 모처럼 맛있는 식사 했어요. 태안 올때마다 종종 들려야겠어요.
하루30인만 된다는 바지락내장탕도 포장해갑니다!!",2026-25-04,2026-25-04,25.4.19.토,25.4.19.토,1,해리맘,영수증,음식이 맛있어요 | 인테리어가 멋져요 | 친절해요 | 매장이 청결해요 | 주차하기 편해요,,
1314,6801b1ddcb75bae7c35af194,텍스트·콘텐츠형,,너무 맛있고 깔끔해요,2026-25-04,2026-25-04,25.4.18.금,25.4.18.금,1,you****,영수증,음식이 맛있어요 | 재료가 신선해요 | 인테리어가 멋져요 | 친절해요,,
1315,67ff24d0370f75d87f86f579,텍스트·콘텐츠형,,여자 친구랑 먹자 먹자 하면서 갔는데 휴무 때마다 가서 2주만에 먹었네요 ㅎㅎ 바지락 해장국 처음 먹어봤는데 맛있어서 또 찾아오고 싶어졌어요!,2026-25-04,2026-25-04,25.4.16.수,25.4.16.수,1,ghk****,영수증,음식이 맛있어요 | 재료가 신선해요,,
1316,67fdb82216cf601c06bc66eb,텍스트·콘텐츠형,,"하루에 30그릇 한정판매하는 바지락 내장탕 먹었어요!
아주 맛있고 고기완자도 짱!",2026-25-04,2026-25-04,25.4.15.화,25.4.15.화,1,나야895,영수증,음식이 맛있어요 | 양이 많아요 | 특별한 메뉴가 있어요,,
1317,67fc80365ba4b4e30b1f3902,텍스트·콘텐츠형,,"색다른 해장국~~!!
칼칼하고 시원하고 너무 맛있어요.
해장국보다 시래기밥이 더 맛있다는...^^",2026-25-04,2026-25-04,25.4.14.월,25.4.14.월,1,이미매력녀,영수증,음식이 맛있어요 | 양이 많아요 | 매장이 넓어요,,
1318,67fb369d700a950c86048328,텍스트·콘텐츠형,,맛있게 잘 먹었어요,2026-25-04,2026-25-04,25.4.13.일,25.4.13.일,1,가치까치,영수증,음식이 맛있어요,,
1319,67fb30eb0019c13265bde2b6,텍스트·콘텐츠형,,"20분정도 웨이팅 후 맛있게 잘 먹었어용
태안와서먹어볼수있는음식이라 색다르고 좋았어요
가끔 바지락껍질이 씹힐수는있지만 같이먹었답니다 ㅎㅎ",2026-25-04,2026-25-04,25.4.13.일,25.4.13.일,1,리뷰는중요하다,영수증,음식이 맛있어요,,
1320,67fb3145cea97c62481187ba,텍스트·콘텐츠형,,"첨 먹어보는 바지락 내장탕. 맛있음. 
맛 깔끔. 
국밥집같지않은 내부 분위기. 약간 카페같음. 깔끔함.",2026-25-04,2026-25-04,25.4.13.일,25.4.13.일,1,뀨뀨몬322,영수증,인테리어가 멋져요 | 음식이 맛있어요 | 잡내가 적어요,,
1321,67fb2dcb47e738360009fd46,텍스트·콘텐츠형,,"여행 마지막날 바지락해장국으로 마무으리
내장탕은 녹진하니 맛있구
오리지널은 깔끔하게 먹을 수 있어 좋았어요💕",2026-25-04,2026-25-04,25.4.13.일,25.4.13.일,1,봉배링,영수증,음식이 맛있어요 | 재료가 신선해요 | 특별한 메뉴가 있어요 | 반찬이 잘 나와요 | 주차하기 편해요,,
1322,67fb2c28024a78f6c0a7cb8b,텍스트·콘텐츠형,,"너무 맛있었어요 
여러가지 방법으로 먹어볼 수도 있고 반찬 모두 구매 가능해서 사서 집에서도 먹으려구요 
해장으로 최고입니다 ㅋㅋ",2026-25-04,2026-25-04,25.4.13.일,25.4.13.일,1,놀이공원6,영수증,인테리어가 멋져요 | 매장이 넓어요 | 음식이 맛있어요 | 재료가 신선해요 | 양이 많아요,,
1323,67fb2a6a92ee2e4aec0091d3,텍스트·콘텐츠형,,너무맛있었습니다 바지락장도 사가요,2026-25-04,2026-25-04,25.4.13.일,25.4.13.일,1,마늘와사비,영수증,음식이 맛있어요 | 재료가 신선해요 | 인테리어가 멋져요 | 친절해요 | 매장이 청결해요,,
1324,67fb2add9aa253441cf30d51,텍스트·콘텐츠형,,"바지락해장국 처음 먹어봤는데 진짜 맛남
아이고 잘먹고 괜찮아요
시원합니다",2026-25-04,2026-25-04,25.4.13.일,25.4.13.일,1,kakiss1052,영수증,음식이 맛있어요 | 재료가 신선해요 | 특별한 메뉴가 있어요,,
1325,67fb22871c9361a0ce007ffa,텍스트·콘텐츠형,,다음날 해장으로 정말 굿입니다!! 혼밥절대 못하는데 혼밥하러도 오고싶어요!!,2026-25-04,2026-25-04,25.4.13.일,25.4.13.일,1,y01****,영수증,음식이 맛있어요 | 재료가 신선해요 | 친절해요 | 매장이 청결해요 | 매장이 넓어요,,
1326,67fb1d67664ab15b380e7fdb,텍스트·콘텐츠형,,두번 째 태안여행!! 첫번 째때 방문하고 재방문!!! 장종류도 너무 맛있어서 대량 포장해서 가는중이랍니다~~ 태안에 오시면 꼭 드셔보길 강추합니다!!!,2026-25-04,2026-25-04,25.4.13.일,25.4.13.일,1,do_****,영수증,음식이 맛있어요 | 특별한 메뉴가 있어요 | 반찬이 잘 나와요 | 음악이 좋아요 | 친절해요,,
1327,67f9e4d84d8d32dca098b461,텍스트·콘텐츠형,,태안에 놀러와서 먹었습니다! 고민하다가 방문했는데 바로 해장 싹 되어가지고 오늘 즐겁게 놀수있을것 같아요! 진지하게 소주 시킬까 고민했습니닼ㅋㅋ 저는 바지락내장국 먹었는데 내장 양도 많고 어우 좋네요. 같이 나오는 반찬도 어우 너무 좋네요 진짜 제가 사는 지역에 있었으면 맨날 소주 먹으러 왔습니다. 진짜 잘먹고갑니다,2026-25-04,2026-25-04,25.4.12.토,25.4.12.토,1,감곱,영수증,음식이 맛있어요 | 특별한 메뉴가 있어요 | 메뉴 구성이 알차요 | 매장이 넓어요 | 매장이 청결해요,,
1328,67f9b570f682e4d2ad49e415,텍스트·콘텐츠형,,처음 먹어봤는데 맛있어요 바지락장도 맛나요,2026-25-04,2026-25-04,25.4.12.토,25.4.12.토,1,오또케내공룡77,영수증,인테리어가 멋져요 | 매장이 넓어요 | 음식이 맛있어요 | 재료가 신선해요 | 친절해요,,
1329,67f9aed7f5613089a5d2b38c,텍스트·콘텐츠형,,"와..진짜 배터지게 먹고 갑니다!!!!
정말 맛있어요ㅋㅋ 특히 바지락장은 기깔나게 맛있네욬ㅋㅋ 아이랑 왔다고 흰밥도 따로 챙겨주시고ㅜㅜ감동ㅠㅠ 감사해요!!! 태안 놀러오면 여기 또 올게요!!!",2026-25-04,2026-25-04,25.4.12.토,25.4.12.토,1,won2won2,영수증,음식이 맛있어요 | 재료가 신선해요 | 특별한 메뉴가 있어요 | 매장이 넓어요 | 매장이 청결해요,,
1330,67f4b65cc5f8964aa5f8a342,텍스트·콘텐츠형,,태안 찐맛집입니다 바지락이 엄청 많이 들어가있고 같이 나오는 바지락장과 장아찌도 너무 맛있어서 따로 구매했어요ㅋㅋㅋ 나중에 내장탕도 먹어보러 재방문할 예정입니다 태안오시면 꼭와보세용🥰,2026-25-04,2026-25-04,25.4.8.화,25.4.8.화,1,kim****,영수증,음식이 맛있어요 | 양이 많아요 | 특별한 메뉴가 있어요 | 메뉴 구성이 알차요 | 친절해요,,
1331,67f4abd8314c40004f89cf0e,텍스트·콘텐츠형,,"사진 못찍고 다먹어버렸어요…🤭🤭🤭
진짜 태안 1등 맛집입니다 !! 
진짜 너무 맛있어서 맨날 오고싶어요
 고기완자도 맛있네용
사장님도 친절하시고 매장도 깨끗하고 다 완벽해요!!",2026-25-04,2026-25-04,25.4.8.화,25.4.8.화,2,뚜잉이25,영수증,음식이 맛있어요 | 재료가 신선해요 | 양이 많아요 | 인테리어가 멋져요 | 매장이 넓어요,,
1332,67f4ac7b5dde207e566c7aa3,텍스트·콘텐츠형,,"바지락 해장국+ 시래기 된장국 의 느낌이에요^^
재방문 의사 있어요~~
바지락 고기 완자 맛이 궁금해 다시 가보려구요~",2026-25-04,2026-25-04,25.4.8.화,25.4.8.화,1,해날82,영수증,음식이 맛있어요 | 재료가 신선해요 | 특별한 메뉴가 있어요 | 매장이 넓어요 | 단체모임 하기 좋아요,,
1333,67f495dc9a662e4f3eca3f81,텍스트·콘텐츠형,,해장국이 죽입니다!!! 다 해장된거같아요,2026-25-04,2026-25-04,25.4.8.화,25.4.8.화,1,Cocoball,영수증,음식이 맛있어요 | 재료가 신선해요 | 양이 많아요 | 매장이 넓어요 | 주차하기 편해요,,
1334,67f48752a763580a4a30bc7d,텍스트·콘텐츠형,,음 맛있어용 잘먹고 갑니둥,2026-25-04,2026-25-04,25.4.8.화,25.4.8.화,1,진이그래피,영수증,친절해요 | 매장이 청결해요 | 매장이 넓어요 | 혼밥하기 좋아요,,
1335,67f3569c19b90875139e6385,텍스트·콘텐츠형,,지인 추천을받아 태안에 가면 꼭 먹어보라는 바지락 해장국집 사장님도 친절하고시고 시레기밥에 깔끔한 탕이 내용물도 알차고 정말맛있어요 추천합니다,2026-25-04,2026-25-04,25.4.7.월,25.4.7.월,1,하율e,영수증,음식이 맛있어요 | 재료가 신선해요 | 양이 많아요 | 건강한 맛이에요 | 친절해요,"방문해주셔서 진심으로 감사드립니다.
신선한 바지락을 듬뿍 넣어 정성껏 끓인 해장국이
고객님의 속을 시원하게 풀어드렸다니 너무 기쁩니다.
추천하신 지인분도 감사합니다~",25.4.7.월
1336,67f1fd3ccd7fdae9430fc475,텍스트·콘텐츠형,,"익숙한듯 새로운맛이에요~~
깔끔하고 맛있게 잘 먹었습니다^^",2026-25-04,2026-25-04,25.4.6.일,25.4.6.일,1,일상다반사61,영수증,음식이 맛있어요 | 재료가 신선해요 | 양이 많아요 | 특별한 메뉴가 있어요,"소중한 리뷰 진심으로 감사드립니다!
저희 바지락 해장국을 맛있게 드셔주셨다니 큰 힘이 됩니다.
다음에도 편하게 찾아주시고, 든든하게 챙겨가세요!",25.4.7.월
1337,67f1f35c012a06ca8bfb12ea,텍스트·콘텐츠형,,"태안와서 먹은 음식들 중에 손에 꼽게 맛있습니다!
깔끔한 내부와 걸맞게 음식 맛도 깔끔하고 너무 맛있어요
전 날 술 한 잔 하셨다면 무조건 추천합니다!!
주차도 너무 간편해서 좋았습니다☺️
항상 건겅하시고 번창하세요~!",2026-25-04,2026-25-04,25.4.6.일,25.4.6.일,1,ewf224,영수증,음식이 맛있어요 | 재료가 신선해요 | 가성비가 좋아요 | 매장이 넓어요 | 주차하기 편해요,"방문해주시고 따뜻한 후기 남겨주셔서 감사합니다.
국물 한입에 속이 확 풀렸다는 말씀을 들을 때마다 저희도 큰 보람을 느낍니다.
현지 태안 바지락을 아낌없이 넣어 끓인 국물, 정직한 한 끼로 보답드릴게요.
태안에서 진짜 제대로 된 밥 한 끼 찾으신다면, 저희가 자신 있게 말씀드립니다.
태안 맛집이라는 이름에 걸맞게 항상 최선을 다하겠습니다.",25.4.7.월
1338,67f1f1c2caffcb9afcc71954,텍스트·콘텐츠형,,주차하기 편하고 사장님 친절하시고 음식도 끝장나게 맛있습니다. 처음 먹어보는 바지락 장도 정말 맛나더군요. 시레기 밥도 추가 요금 없이 더 주십니다. 가까우면 자주 올 맛집입니다. 강추강추!!,2026-25-04,2026-25-04,25.4.6.일,25.4.6.일,1,그때의 난 282,영수증,음식이 맛있어요 | 재료가 신선해요 | 매장이 넓어요 | 친절해요 | 주차하기 편해요,"정성스럽게 드린 한 그릇으로 힘이 되셨다니 정말 뿌듯합니다.
직접 공수한 태안산 바지락으로 매일 아침 우려낸 육수는
시원함과 깊은 감칠맛을 동시에 잡았다고 자부하고 있어요.
특히 해장으로 이보다 더 좋을 수 없다는 분들이 많아
이제는 저희를 ‘해장의 성지’로 불러주시더라고요.
그 기대에 어긋나지 않도록 오늘도 내일도 한결같이 준비하겠습니다.",25.4.7.월
1339,67f1d5c2100bd5afdca4de8c,텍스트·콘텐츠형,,"매장도 넘 깔끔하고 어제 과음했는데 해장국 먹으니 속이 확 풀리는 개운한 맛이에요.
완자도 쫄깃하니 넘 맛있어요.",2026-25-04,2026-25-04,25.4.6.일,25.4.6.일,1,파랑이58,영수증,음식이 맛있어요 | 재료가 신선해요 | 특별한 메뉴가 있어요 | 매장이 넓어요 | 주차하기 편해요,"시원한 국물과 바지락의 조화, 딱 입에 맞으셨다니 기쁩니다!
이제는 태안 지역 맛집 추천할 때 빠지지 않고 등장하면서
태안 오면 꼭 먹어야 되는 집으로 자리 잡고 있어요.
언제 오셔도 변함없는 맛과 정성으로 맞이하겠습니다.",25.4.7.월
1340,67f25536c8cc2db4b97d974b,텍스트·콘텐츠형,,천리포 수목원 목련축제 보러가는 길에 아침 식사로 검색해보고 찾아갔는데 너무 맛있게 잘 먹었어요~ 식당 내부가 굉장히 깔끔하고 호텔라운지 느낌의 음악을 틀어두시더라구요~ 식사 구성도 굉장히 깔끔한데 맛도 깔끔 시원합니다! 바지락해장국이 안에 바지락이 굉장히 푸짐하게 들어있어요~ 국물이 진짜 시원해서 해장하기 딱입니다~ 간이 쎄지 않아서 좋았고 많이 맵지 않더라구요~ 시래기밥도 바지락장에 먼저 비벼먹었는데 바지락장도 매력있네요~ 낙지젓갈도 잘게 다진걸 주는게 아니라 먹기좋은 크기로 먹음직스럽게 나와서  밥에 올려먹기 좋았는데~ 간도 짜지 않고 진짜 맛있었어요~ 무 백김치도 나오는데 시원해서 구성이  좋더라구요~ 해장국 절반먹고 다시마식초 넣어서 더 맛있게 먹었어요~  근처 오면 아침식사로 재방문할듯요^^ 강추,2026-25-04,2026-25-04,25.4.6.일,25.4.6.일,1,음오아예쓰으,영수증,음식이 맛있어요 | 재료가 신선해요 | 양이 많아요 | 특별한 메뉴가 있어요 | 가성비가 좋아요,"이렇게 정성스러운 후기를 남겨주시다니 감동입니다.
해장에는 물론이고 따뜻한 한 끼 식사가 필요한 날에도 딱 좋은 메뉴죠.
태안산 바지락의 깊은 풍미 덕분에, 어느 순간부터
“태안 오면 꼭 먹어야 되는 집”으로 손님들이 소개해주시는 걸 보고,
더 책임감을 갖고 매일 정성을 다하고 있습니다.",25.4.7.월
1341,67f1ced66894e2a37fe7adad,텍스트·콘텐츠형,,,2026-25-04,2026-25-04,25.4.6.일,25.4.6.일,1,jss5591,영수증,음식이 맛있어요 | 재료가 신선해요 | 양이 많아요,"감사합니다.
언제든 든든한 한 끼가 필요할 땐 꼭 들러주세요!",25.4.7.월
1342,67f0df8eb85fc0250d2d3b04,텍스트·콘텐츠형,,정말맛있어요 아이먹기에도좋아요 사장님 친절하셔서 좋았어요 인테리어도 카페같고 좋아요,2026-25-04,2026-25-04,25.4.5.토,25.4.5.토,1,명선생8,영수증,음식이 맛있어요 | 재료가 신선해요 | 양이 많아요 | 특별한 메뉴가 있어요 | 가성비가 좋아요,"저희 해장국의 깊은 국물 맛을 알아봐주셔서 감사합니다.
정성껏 준비한 한 그릇으로 ‘태안 맛집’의 자부심 지켜가겠습니다.
또 뵙길 기대할게요!",25.4.7.월
1343,67f0a6ec7921f758830c28a5,텍스트·콘텐츠형,,음식이 너무 맛있어서 서울에도 생기면 좋겠다고 계속 얘기하면서 먹었어요. 아이랑 갔는데 김이랑 밥도 따로 챙겨주셨어요 태안 올때마다 들릴께요^_^,2026-25-04,2026-25-04,25.4.5.토,25.4.5.토,1,dkslxntp,영수증,음식이 맛있어요 | 재료가 신선해요 | 친절해요 | 매장이 청결해요 | 아이와 가기 좋아요,"따뜻한 리뷰 감사합니다!
아이들이 맛있게 먹는 모습만 봐도 흐믓합니다.
바지락 해장국 한 그릇 드시고 속도 풀고 기분까지 좋아지셨다니 정말 다행이에요.
태안 현지 바지락의 깊은 맛 덕분에, 저희 해장국은
이제 ""여긴 태안 오면 꼭 먹어야 되는 집""이라는 말까지 듣고 있답니다.
다음에도 든든한 한 끼가 필요할 때 꼭 다시 찾아주세요!",25.4.7.월
1344,67f0a6697f5de25e60432a79,텍스트·콘텐츠형,,아주 맛이 깊어요. 해장에 딱이에요. 감칠맛도 있고 살짝 얼큰해서 더 좋아요. 재방문했는데.. 사람이 더 많아졌어요.,2026-25-04,2026-25-04,25.4.5.토,25.4.5.토,1,z3****,영수증,음식이 맛있어요 | 재료가 신선해요 | 건강한 맛이에요 | 인테리어가 멋져요 | 매장이 넓어요,"국물맛은 깔끔하고 시원하게, 바지락은 풍성하게!
속을 확 풀어주는 진짜 해장국으로 소문이 나면서
요즘엔 저희 가게를 ‘해장의 성지’라고 찾아주시는 손님들이 많아졌습니다.
다음에도 믿고 방문해 주세요!",25.4.7.월
1345,67ef2edff3b7bdb10ecdb9b4,텍스트·콘텐츠형,,깔끔하고 맛있어요 다음에 다시올겁니다~,2026-25-04,2026-25-04,25.4.4.금,25.4.4.금,1,poo****,영수증,음식이 맛있어요 | 재료가 신선해요 | 매장이 청결해요 | 주차하기 편해요,"태안 바지락 해장국을 찾아주시고 좋은 후기 남겨주셔서 진심으로 감사드립니다. 든든한 한 끼가 필요할 때, 해장이 필요한 날 언제든 방문해주세요!  다음 방문 때도 바지락 가득한 해장국으로 맞이하겠습니다!",25.4.7.월
1346,67eb7ad0b8a658ff754490c5,텍스트·콘텐츠형,,"맛있어서 자주 애용하는 곳!!

태안오면 꼭 드셔봐야해요~~",2026-25-04,2026-25-04,25.4.1.화,25.4.1.화,2,한송0l,영수증,음식이 맛있어요 | 재료가 신선해요 | 매장이 넓어요 | 매장이 청결해요 | 주차하기 편해요,"저희 해장국의 깊은 국물 맛을 알아봐주셔서 감사합니다.
정성껏 준비한 한 그릇으로 ‘태안 맛집’의 자부심 지켜가겠습니다.
또 뵙길 기대할게요!",25.4.7.월
1347,67e8ccbe9247bfbf6531f399,텍스트·콘텐츠형,,정말 맛있어요. 강추요,2026-25-03,2026-25-03,25.3.30.일,25.3.30.일,1,토리토리4659,영수증,음식이 맛있어요 | 양이 많아요 | 특별한 메뉴가 있어요 | 가성비가 좋아요,감사합니다. 항상 맛있게 준비해드리겠습니다.,25.3.31.월
1348,67e8c5bd1d34e54daa52afea,텍스트·콘텐츠형,,해장국이 깔끔하고맛있어요. 바지락 고기완자도 별미고 반찬으로나온 낙지젓갈도 맛있었어요,2026-25-03,2026-25-03,25.3.30.일,25.3.30.일,1,cam****,영수증,음식이 맛있어요 | 재료가 신선해요 | 특별한 메뉴가 있어요 | 매장이 넓어요,안녕하세요. 좋은 후기 남겨주셔서 정말 감사드립니다! 태안 맛집으로서 늘 최상의 바지락 해장국을 제공해드릴 수 있도록 노력하겠습니다. 다음에도 맛있는 한 끼 준비해놓겠습니다!,25.3.31.월
1349,67e8b101eed713593e660644,텍스트·콘텐츠형,,"진짜 오랜만에 리뷰써요!! Oh Sexy Food!!!!!
재료 신선하고 양 많고 맛있고 건강한 맛에 친절한 사장님 진짜 최고의 음식점이에요!!
원래 뒷정리 잘 안하는데 너무 맛있어서 저도 모르게 바빠보이는 사장님을 위해 접시까지 정리했네요

태안 맛집 인정이용~~
태안에서 먹어본 음식중에 탑이에요
더 이상 할 말이 없습니다.

위에 5개 밖에 선택을 못해서 5개 선택했는데
음식 부분에선 진짜 다 선택해도 될 정도로
완전 맛있었습니당 ㅎㅎ

잘 먹었습니당 사장님!
다음에 태안오면 무조건 들릴게요!!",2026-25-03,2026-25-03,25.3.30.일,25.3.30.일,1,콜리7,영수증,음식이 맛있어요 | 재료가 신선해요 | 양이 많아요 | 가성비가 좋아요 | 건강한 맛이에요,안녕하세요. 태안 맛집으로 인정해주셔서 정말 감사드립니다! 접시 정리까지 해주시고 너무 감사드려요. 든든한 한 끼 식사로도 만족하셨다니 기쁩니다. 태안의 신선한 바지락을 듬뿍 담아 항상 변함없는 맛과 정성으로 모시겠습니다. 다음에도 꼭 다시 방문해주세요!,25.3.31.월
1350,67e9c73ae32cba1e03ec7778,텍스트·콘텐츠형,,"단골집이예요 바지락도 신선하구
밥도 찰지고 고소하고 태안갈때마다
들르는 🏡 이예요~자꾸 생각나는 그맛이예요
아주 맛있어요~~!!",2026-25-03,2026-25-03,25.3.31.월,25.3.30.일,1,kok****,영수증,음식이 맛있어요 | 재료가 신선해요 | 특별한 메뉴가 있어요,"안녕하세요. 항상 찾아주셔서 감사합니다. 
든든한 한 끼가 필요할 때, 해장이 필요한 날 언제든 방문해주세요! 항상 최상의 재료로 최고의 맛을 유지할 수 있도록 노력하겠습니다.",25.3.31.월
1351,67e88ba8c00d946880fd9a83,텍스트·콘텐츠형,,술이 다시 생각나는 맛이였습니다,2026-25-03,2026-25-03,25.3.30.일,25.3.30.일,1,koojjxodls,영수증,음식이 맛있어요 | 친절해요 | 주차하기 편해요,안녕하세요. 태안 해장의 성지를 제대로 찾아오셨네요! 바지락이 듬뿍 들어가서 국물 맛이 깊고 시원하죠? 전날 과음하셨다면 오늘 이 한 그릇으로 확 풀고 가세요! 언제든 해장이 필요할 때 찾아주시면 맛있는 한 그릇 준비해놓겠습니다.,25.3.31.월
1352,67e77004036ca8103ecb0890,텍스트·콘텐츠형,,"국물한입먹자마자 바로 술을 부르는맛
태안오면 또가고싶은집🥹🥹🥹
진짜 맛있어요👍👍👍👍",2026-25-03,2026-25-03,25.3.29.토,25.3.29.토,1,인아9687,영수증,음식이 맛있어요 | 재료가 신선해요 | 특별한 메뉴가 있어요 | 매장이 넓어요 | 혼밥하기 좋아요,"안녕하세요. 태안 바지락 해장국을 찾아주시고 좋은 후기 남겨주셔서 진심으로 감사드립니다. 든든한 한 끼가 필요할 때, 해장이 필요한 날 언제든 방문해주세요! 항상 최상의 재료로 최고의 맛을 유지할 수 있도록 노력하겠습니다.",25.3.29.토
1353,67e7622f5e277d0545785b43,텍스트·콘텐츠형,,,2026-25-03,2026-25-03,25.3.29.토,25.3.29.토,1,사이보군,영수증,음식이 맛있어요 | 재료가 신선해요 | 특별한 메뉴가 있어요,안녕하세요. 좋은 후기 남겨주셔서 정말 감사드립니다! 태안 맛집으로서 늘 최상의 바지락 해장국을 제공해드릴 수 있도록 노력하겠습니다. 다음에도 맛있는 한 끼 준비해놓겠습니다!,25.3.29.토
1354,67e7509ab3d708e621c4ebcc,텍스트·콘텐츠형,,"맛있어서 다 비웠네요~
강력 추천합니다.",2026-25-03,2026-25-03,25.3.29.토,25.3.29.토,1,좋은친구590,결제내역,음식이 맛있어요 | 특별한 메뉴가 있어요 | 인테리어가 멋져요 | 매장이 넓어요 | 친절해요,안녕하세요. 좋은 후기 남겨주셔서 정말 감사드립니다! 빈그릇으로 보답해주셨군요. 다음에도 맛있는 한 끼 준비해놓겠습니다!,25.3.29.토
1355,67e60228a20548dfd5d7441e,텍스트·콘텐츠형,,"골든베이 맛집
라운딩하기전 식사하기 좋은곳^^",2026-25-03,2026-25-03,25.3.28.금,25.3.28.금,1,똘이맘242,영수증,음식이 맛있어요 | 재료가 신선해요 | 차분한 분위기예요 | 매장이 청결해요 | 주차하기 편해요,안녕하세요. 라운딩전 든든한 한끼 좋죠~좋은 후기 남겨주셔서 정말 감사드립니다! 태안 맛집으로서 늘 최상의 바지락 해장국을 제공해드릴 수 있도록 노력하겠습니다.,25.3.29.토
1356,67e5efc92f33ea84de00fdf8,텍스트·콘텐츠형,,"태안에
이런 곳이 있다니~ 맛있었어요 ㅎㅎ",2026-25-03,2026-25-03,25.3.28.금,25.3.28.금,1,얀123,영수증,매장이 넓어요 | 음식이 맛있어요 | 재료가 신선해요 | 양이 많아요,,
1357,67e21e285d9d3c6631528e7d,텍스트·콘텐츠형,,"사장님두 친절하시고 진짜 마싯어여!!!🤤🤤
단골 예약이요!",2026-25-03,2026-25-03,25.3.25.화,25.3.25.화,1,뚜잉이25,영수증,음식이 맛있어요 | 재료가 신선해요 | 양이 많아요,,
1358,67e0d4f6ad99359c46240666,텍스트·콘텐츠형,,"메뉴 구성이 정말 알차요! 
시래기 밥도 맛있고 바지락이 신선한 게 느껴지는 한 상입니다. 
1인상으로 잘 차려주셔서 어른 모시거 오기에도 좋을 것 같습니다. 맛있는 반찬 판매도 하고 계셔서 필요하시면 태안 바지락 반찬도 구매해가시면 좋겠네요!",2026-25-03,2026-25-03,25.3.24.월,25.3.24.월,1,D I A N A,영수증,음식이 맛있어요 | 양이 많아요 | 특별한 메뉴가 있어요 | 메뉴 구성이 알차요 | 매장이 넓어요,,
1359,67df72dcbb395cac69f8c2a5,텍스트·콘텐츠형,,"맵질이라 걱정했는데  얼큰하고 딱이예요
국물까지 다먹고
바지락장 추가구매해서 가요
리뷰쓰면 튀김과자 주는데  쥐포과자 예요~
무료 아이스커피까지  ~~
장소 저장했다가 담에 또 들릴예정 ~~
맵기조절가능해요",2026-25-03,2026-25-03,25.3.23.일,25.3.23.일,1,candy181818,영수증,음식이 맛있어요 | 양이 많아요 | 반찬이 잘 나와요 | 커피가 맛있어요,,
1360,67de2ceea0dc57cd7d53f2f0,텍스트·콘텐츠형,,처음먹어보는 음식인데 정말 맛있네요. 구수한 시래기 밥도 좋고 반찬도 너무 맛있습니다!,2026-25-03,2026-25-03,25.3.22.토,25.3.22.토,1,미자7379,영수증,음식이 맛있어요 | 혼밥하기 좋아요 | 매장이 넓어요 | 친절해요 | 매장이 청결해요,,
1361,67de0a4b29b9da86835fdb43,텍스트·콘텐츠형,,,2026-25-03,2026-25-03,25.3.22.토,25.3.22.토,1,똥글똥글19,영수증,음식이 맛있어요 | 재료가 신선해요 | 양이 많아요 | 매장이 넓어요 | 친절해요,,
1362,67dcdf063804ffcf67b21cd7,텍스트·콘텐츠형,,음식이 맛있어요~~,2026-25-03,2026-25-03,25.3.21.금,25.3.21.금,1,한송0l,영수증,음식이 맛있어요,,
1363,67dcbe018ef8945b1b727f2f,텍스트·콘텐츠형,,"내장탕 맛있게 먹었습니다.
밥도 리필되서 좋았고 매장 넓고 좋았습니다.",2026-25-03,2026-25-03,25.3.21.금,25.3.21.금,1,kissssin146,영수증,음식이 맛있어요 | 재료가 신선해요 | 인테리어가 멋져요 | 매장이 청결해요,,
1364,67dcad2332938d4694f009a2,텍스트·콘텐츠형,,"맛있어요. 또 매장이 엄청 깔끔합니다. 
오늘은 혼자왔지만 다음에는 가족과 오면 좋겠다고 생각했어요.",2026-25-03,2026-25-03,25.3.21.금,25.3.21.금,1,딩굴28,영수증,음식이 맛있어요 | 특별한 메뉴가 있어요 | 메뉴 구성이 알차요,,
1365,67d7aae54a745bb062a5b190,텍스트·콘텐츠형,,바지락완전많아영 맛있어용,2026-25-03,2026-25-03,25.3.17.월,25.3.17.월,1,ㄲ0,영수증,음식이 맛있어요 | 재료가 신선해요 | 양이 많아요 | 특별한 메뉴가 있어요 | 친절해요,안녕하세요. 바지락이 속까지 풀어주는 경험! 태안 바지락 해장국 한 그릇이면 해장은 물론 든든한 한 끼까지 해결됩니다. 바지락의 풍부한 감칠맛을 앞으로도 변함없이 유지하겠습니다. 또 찾아주세요!,25.3.17.월
1366,67d78f0a14d17a4d1f737d5a,텍스트·콘텐츠형,,태안오면 꼭 와야할 맛집이네요! 너무 맛있어요!,2026-25-03,2026-25-03,25.3.17.월,25.3.17.월,1,sky****,영수증,매장이 넓어요 | 음식이 맛있어요 | 재료가 신선해요 | 양이 많아요 | 특별한 메뉴가 있어요,안녕하세요. 태안 맛집으로 인정해 주셔서 정말 감사합니다! 신선한 바지락과 깊은 국물이 해장뿐만 아니라 든든한 식사까지 해결해 드렸길 바랍니다. 다음 방문 때도 바지락 가득한 해장국으로 맞이하겠습니다!,25.3.17.월
1367,67d5168ab76e066e73574c07,텍스트·콘텐츠형,,"몽산포 올때마다 들려서 맛있게 먹고 가는 집입니다^^
해장하기 정말 좋습니다. 자주 생각날듯합니다.",2026-25-03,2026-25-03,25.3.15.토,25.3.15.토,2,준석맘15,영수증,음식이 맛있어요 | 재료가 신선해요 | 매장이 넓어요 | 친절해요 | 주차하기 편해요,안녕하세요. 바지락이 속까지 풀어주는 경험! 태안 바지락 해장국 한 그릇이면 해장은 물론 든든한 한 끼까지 해결됩니다. 바지락의 풍부한 감칠맛을 앞으로도 변함없이 유지하겠습니다. 또 찾아주세요!,25.3.17.월
1368,67d505c85f5472621691b046,텍스트·콘텐츠형,,,2026-25-03,2026-25-03,25.3.15.토,25.3.15.토,1,양천머슬맨,영수증,음식이 맛있어요 | 재료가 신선해요 | 특별한 메뉴가 있어요 | 가성비가 좋아요 | 인테리어가 멋져요,안녕하세요. 맛있게 드셔주셔서 감사합니다,25.3.17.월
1369,67d4ccdc7eaf97f13e52a357,텍스트·콘텐츠형,,"태안에 여행 왔는데 바지락해장국이 있다고 해서
와봤어요~ 
해장국은 바지락도 듬뿍! 시래기도 듬뿍!
얼큰하고 맛있어요! 
반찬으로 나온 바지락장은
시래기밥에 비벼 먹으니 정말 맛있네요~
요거요거 별미에요.
아이들은 바지락고기완자랑 밥 먹었는데
맛있게 잘 먹었어요~ 
사장님(?), 직원분(?)께서 친절하셔서
태안에서의 첫식사 더욱 기분 좋게 먹었습니다^^",2026-25-03,2026-25-03,25.3.15.토,25.3.15.토,1,민트세상,영수증,음식이 맛있어요 | 재료가 신선해요 | 특별한 메뉴가 있어요 | 건강한 맛이에요,안녕하세요. 좋은 후기 남겨주셔서 정말 감사드립니다! 태안 맛집으로서 늘 최상의 바지락 해장국을 제공해드릴 수 있도록 노력하겠습니다. 다음에도 맛있는 한 끼 준비해놓겠습니다!,25.3.17.월
1370,67d4cc20af0d153f37274a78,텍스트·콘텐츠형,,"아이와 지인들과 함께왔는데 바지락해장국 특색있으면서 맛있어요
아이들은 완자 시켜줬고 잘 먹었네요
아이들을 위해 김과 밥도 챙겨주시고 너무 친절하세요",2026-25-03,2026-25-03,25.3.15.토,25.3.15.토,1,add****,영수증,음식이 맛있어요 | 재료가 신선해요 | 특별한 메뉴가 있어요,"안녕하세요. 태안 바지락 해장국, 한 그릇이면 몸도 마음도 개운! 아이들이 잘 먹엇다니 너무 다행이네요. 속이 든든한 한 끼가 필요할 때 언제든 찾아주세요. 변함없는 맛으로 준비하겠습니다.",25.3.17.월
1371,67d3b4ad17baee27126b0fda,텍스트·콘텐츠형,,세상에서 제일 맛있는 해장국. 바지락도 맛있고 시래기도 맛있고 젓갈도 통통하니 최고에요!!!!!!!!!!!,2026-25-03,2026-25-03,25.3.14.금,25.3.14.금,1,qwertyqazwsxedc,영수증,음식이 맛있어요 | 재료가 신선해요 | 양이 많아요 | 특별한 메뉴가 있어요 | 가성비가 좋아요,"안녕하세요. 태안에서 직접 공수한 신선한 바지락으로 만든 해장국, 만족하셨다니 정말 감사합니다. 매일 신선한 재료만을 사용해 정성껏 끓여내고 있으니 언제든 든든한 한 끼가 필요할 때 찾아주세요!",25.3.14.금
1372,67d39f016cfc48a8d0e51d71,텍스트·콘텐츠형,,유투브 맛집에서 먹는거 보고 방문했는데 시원하고 맛있네요. 동반인은 어제 술먹고 먹었는데 해장된다합니다.,2026-25-03,2026-25-03,25.3.14.금,25.3.14.금,1,cmz****,영수증,매장이 넓어요 | 혼밥하기 좋아요 | 음식이 맛있어요 | 재료가 신선해요 | 양이 많아요,"안녕하세요. 
정성 가득한 바지락 해장국이 속을 시원하게 풀어주셨다니 너무 기쁩니다. 한 그릇 한 그릇 정성을 담아 끓이고 있으니 언제든지 맛있는 해장국이 필요할 때 찾아주세요.",25.3.14.금
1373,67cfb16decb70cd6cc1be461,텍스트·콘텐츠형,,"여기 바지락장 너무 맛있어요!! 리필해서 먹었습니당!
사장님도 엄청 친절하시고 태안올 때 여긴 완전 필수👍😊",2026-25-03,2026-25-03,25.3.11.화,25.3.11.화,1,랑미973,영수증,음식이 맛있어요 | 재료가 신선해요 | 친절해요 | 매장이 청결해요,"안녕하세요. 
좋은 후기 남겨주셔서 정말 감사드립니다! 태안 맛집으로서 늘 최상의 바지락 해장국을 제공해드릴 수 있도록 노력하겠습니다. 다음에도 맛있는 한 끼 준비해놓겠습니다!",25.3.14.금
1374,67ce5ec05ea82f183cc2a95a,텍스트·콘텐츠형,,맛있다고 소문듣고 왔는데 맛있어요~,2026-25-03,2026-25-03,25.3.10.월,25.3.10.월,1,eompig0772,영수증,음식이 맛있어요 | 양이 많아요 | 매장이 넓어요 | 친절해요,안녕하세요. 건강하고 든든한 한 끼를 위해 신선한 바지락을 준비하고 있습니다. 다음에도 태안 해장국이 생각날 때 꼭 방문해주세요!,25.3.14.금
1375,67ccf942dd4d61bc1f4534b2,텍스트·콘텐츠형,,"소문듣고왔는데 기대했던 것 만큼 맛있어요!!
음식도 정갈학느 매장도 깔끔!!
재방문 의사 200% :)",2026-25-03,2026-25-03,25.3.9.일,25.3.9.일,1,쿄쿄9,영수증,음식이 맛있어요 | 재료가 신선해요 | 양이 많아요 | 매장이 넓어요 | 친절해요,안녕하세요. 좋은 후기 남겨주셔서 정말 감사드립니다! 태안 맛집으로서 늘 최상의 바지락 해장국을 제공해드릴 수 있도록 노력하겠습니다. 다음에도 맛있는 한 끼 준비해놓겠습니다!,25.3.14.금
1376,67ccf2d72dc252afb6c1c7e6,텍스트·콘텐츠형,,"아침 일찍 문열고 깨끗하고 사장님도 친절하시구!
제일 중요한 맛도 쵝오!!!!
반신반의로 들어왔는데 아주 만족하고 갑니다!!!",2026-25-03,2026-25-03,25.3.9.일,25.3.9.일,1,다잘될꾸양,영수증,음식이 맛있어요 | 양이 많아요 | 친절해요 | 매장이 청결해요 | 매장이 넓어요,"안녕하세요. 태안 바지락 해장국, 한 그릇이면 몸도 마음도 개운! 속이 든든한 한 끼가 필요할 때 언제든 찾아주세요. 변함없는 맛으로 준비하겠습니다.",25.3.14.금
1377,67cdc1cd88a85a23150b1615,텍스트·콘텐츠형,,"여행의 마지막이 태안이었는데
상상도 못할 바지락.요리를 먹고 갑니다.
완자도 맛있었고
바지락내장탕도 좋았고 양구씨레기밥에
바지락장의 달달하면서 감칠맛 좋은
장으로 슥슥 비벼 먹으면 밥도둑이 따로
없네요
보통 게장이 연평도 게가 맛나다.하지만
미식인들.사이에서 태안 꽃게로 만든
꽃게장이.유명하듯 태안.바지락 해장국이
명물이 될것 같네요
단점이 있다면  전반적으로 짠건.아니지만
그래도 짠류의 음식이.많다보니
식사후 바로 옆 씨유.편의점에서 바나나우유
하나 디져트로 강추 합니다.",2026-25-03,2026-25-03,25.3.10.월,25.3.8.토,1,심뚱의또갈집,영수증,매장이 넓어요 | 혼밥하기 좋아요 | 음식이 맛있어요 | 재료가 신선해요 | 특별한 메뉴가 있어요,"안녕하세요. 태안 바지락 해장국을 찾아주시고 좋은 후기 남겨주셔서 진심으로 감사드립니다. 든든한 한 끼가 필요할 때, 해장이 필요한 날 언제든 방문해주세요! 항상 최상의 재료로 최고의 맛을 유지할 수 있도록 노력하겠습니다.",25.3.14.금
1378,67ca62b6460bc9182f4dfe6b,텍스트·콘텐츠형,,"매장도 깔끔하고, 친절하시고, 해장국도 맛있어요. :)",2026-25-03,2026-25-03,25.3.7.금,25.3.7.금,1,36번손님,영수증,매장이 청결해요 | 음식이 맛있어요 | 특별한 메뉴가 있어요,,
1379,67ca5f8385b9bdd6a53f14fe,텍스트·콘텐츠형,,"바지락 해장국, 내장탕 둘다 너무 맛있고 같이 주신 반찬들도 맛있었어용!! 매장도 깔끔하고 사장님도 친절하세용 잘먹구갑니다!!",2026-25-03,2026-25-03,25.3.7.금,25.3.7.금,1,홍댕이429,영수증,음식이 맛있어요 | 친절해요 | 매장이 청결해요 | 주차하기 편해요 | 음식이 빨리 나와요,,
1380,67c5242571019a5e790b3316,텍스트·콘텐츠형,,맛있게 잘 먹었어요,2026-25-03,2026-25-03,25.3.3.월,25.3.3.월,1,100422,영수증,음식이 맛있어요,,
1381,67c51ce87d37f62341866a7d,텍스트·콘텐츠형,,"태안에서 바지락해장국 특색있을것같아서 방문했다 
밥이 공기밥이아니라 시래기밥~그것이 일단마음에 들었고 바지래해장국은 담백~~내장바지락해장국은 국물이 진했다~~한마디로 맛있었음!!!!
태안에 여행오면 다시 방문하고 싶다~^^",2026-25-03,2026-25-03,25.3.3.월,25.3.3.월,1,jas****,영수증,음식이 맛있어요 | 재료가 신선해요 | 매장이 넓어요 | 친절해요 | 매장이 청결해요,,
1382,67c3ef57abc43dd35f3c5835,텍스트·콘텐츠형,,"태안 여행와서 맛집으로 유명하다고 소문난 태안바지락해장국!!! 드뎌 방문했어용ㅎㅎ 바지락 양 많고
바지락장에 시래기밥 비벼먹으니 진짜 맛있더라구용
국물은 말해뭐해 얼큰하고 바지락이 들어가서 시원해서 밥 한공기 뚝딱했네용 태안 맛집 찾으신다면 태안바지락해장국 완전 추천드립니당🫶😍",2026-25-03,2026-25-03,25.3.2.일,25.3.2.일,1,강채윤1229,영수증,음식이 맛있어요 | 특별한 메뉴가 있어요 | 매장이 넓어요 | 친절해요,,
1383,67c3e206d048641bb7425a54,텍스트·콘텐츠형,,"내장탕, 해장국, 고기완자 반접시 먹었어요.
내장탕은 내장도 많고, 바지락 우거지도 많아서 너무 맛있었구요. 해장국은 더 얼큰한 편이라 매운거 좋아하는 남자친구가 너무 맛있게 먹었어요. 바지락장 낙지장 등 반찬도 너무 맛있어서 맛있는 한상을 대접받은 느낌이었어요. 다음에 태안 오면 또 방문할게요. 맛있게 잘 먹었습니다!^^",2026-25-03,2026-25-03,25.3.2.일,25.3.2.일,1,반딧불53,영수증,음식이 맛있어요 | 재료가 신선해요 | 양이 많아요 | 특별한 메뉴가 있어요 | 메뉴 구성이 알차요,,
1384,67c3d41c95efbc2510a502ca,텍스트·콘텐츠형,,"너무 깔끔하고 국물이 시원해요 해장에 딱!!!
한번만 오고싶지 않은곳~~
태안에 오면 또 오고싶은  그런 맛집",2026-25-03,2026-25-03,25.3.2.일,25.3.2.일,1,산호섬41,영수증,음식이 맛있어요 | 재료가 신선해요 | 양이 많아요 | 친절해요 | 매장이 청결해요,,
1385,67c3bfdf5b241f6ad5a9cea5,텍스트·콘텐츠형,,매우 맛있어요. 재방문 꼭 합니다.,2026-25-03,2026-25-03,25.3.2.일,25.3.2.일,1,조광희2060,영수증,음식이 맛있어요 | 양이 많아요 | 재료가 신선해요 | 특별한 메뉴가 있어요 | 건강한 맛이에요,,
1386,67c3adb3cac15adf335b5ada,텍스트·콘텐츠형,,"맛있어요
해장국 담백
내장탕~ 내장 많고 신선해요^^
번창하세요",2026-25-03,2026-25-03,25.3.2.일,25.3.2.일,1,dlawldms07,영수증,재료가 신선해요 | 양이 많아요 | 특별한 메뉴가 있어요,,
1387,67c3a7d6d60b00c57fa326b4,텍스트·콘텐츠형,,,2026-25-03,2026-25-03,25.3.2.일,25.3.2.일,1,순수열정72,영수증,음식이 맛있어요 | 재료가 신선해요 | 매장이 넓어요 | 친절해요 | 매장이 청결해요,,
1388,67c3a63334e6888253e17f3e,텍스트·콘텐츠형,,"지인추천으로 왔는데 너무 맛있어요!!!
어제 술을 마신 탓도있겠지만 국물이 왼잔 진하고
시원합니다~~ 바지락도 싱싱하고 해감도 잘되어있어요
내장탕도 맛나고 해장국도 맛있고
고기완자도 별미네요 
추천합니다",2026-25-03,2026-25-03,25.3.2.일,25.3.2.일,1,김유진5543,영수증,음식이 맛있어요 | 재료가 신선해요 | 특별한 메뉴가 있어요 | 매장이 넓어요 | 친절해요,,
1389,67c29251e91bd619dec7123a,텍스트·콘텐츠형,,"친절하고 맛있어요, 다음에 또 올게요~~~",2026-25-03,2026-25-03,25.3.1.토,25.3.1.토,1,들러붙기,영수증,음식이 맛있어요 | 재료가 신선해요 | 양이 많아요 | 가성비가 좋아요,,
1390,67c2433dc1400b8660f2d005,텍스트·콘텐츠형,,"내장탕에  바지락이 들어가서 처음먹어보는  내장탕 맛인데  맛있어요~~
태안여행왔다가  아침먹으러 왔는데 든든하고
너무 맛있네요~~
직원분도 친절하시고~~
여행와서 기분좋게  먹고갑니다!!
재방문의사1000프로입니다~~",2026-25-03,2026-25-03,25.3.1.토,25.3.1.토,1,놀아봅세,영수증,음식이 맛있어요 | 재료가 신선해요 | 특별한 메뉴가 있어요 | 양이 많아요 | 친절해요,,
1391,67c100b0ca45573e00f6015c,텍스트·콘텐츠형,,"태안살고 의료원 지나치면서 한번도 못본 맛집이예요ㅎ
진작찾아올껄 그랬어요ㅎ
해장국에 바지락이 들어가서 특이하고 시원하네요
곤드레밥도 건강식이라 넘 좋았답니다
다음에 또 올께요🤗",2026-25-02,2026-25-02,25.2.28.금,25.2.28.금,1,ljk****,영수증,음식이 맛있어요 | 재료가 신선해요 | 특별한 메뉴가 있어요 | 인테리어가 멋져요 | 친절해요,,
1392,67c7ca7976eb42079c147755,텍스트·콘텐츠형,,"해장국의 성지 ㅎㅎ
태안놀러갈때 방문 필수 ✔️ 
해장국 양이 넘사벽인데 한그릇 뚝딱 했습니다.
해장하러갔다가 또 술을마시는 마법 ~",2026-25-03,2026-25-02,25.3.5.수,25.2.25.화,2,네플상,영수증,음식이 맛있어요 | 재료가 신선해요 | 양이 많아요 | 특별한 메뉴가 있어요 | 매장이 넓어요,안녕하세요. 태안 해장의 성지를 제대로 찾아오셨네요! 바지락이 듬뿍 들어가서 국물 맛이 깊고 시원하죠? 전날 과음하셨다면 오늘 이 한 그릇으로 확 풀고 가세요! 언제든 해장이 필요할 때 찾아주시면 맛있는 한 그릇 준비해놓겠습니다.,25.3.17.월
1393,67bbe5e47db046f248421458,텍스트·콘텐츠형,,"음식이 깔끔하고 맛도 시원함, 시설깔끔해서 좋음",2026-25-02,2026-25-02,25.2.24.월,25.2.24.월,1,슈퍼기린,영수증,음식이 맛있어요 | 친절해요 | 매장이 청결해요,,
1394,67b96311d4ac1a77adb450d9,텍스트·콘텐츠형,,"해장하러 왔다가 다시 술을 찾게 되는 맛입니다~ 
특별한 스타일의 처음 먹어보는 메뉴 였는데
맛있게 잘먹었습니다~!!♡",2026-25-02,2026-25-02,25.2.22.토,25.2.22.토,1,피씨방대장,영수증,음식이 맛있어요 | 특별한 메뉴가 있어요 | 건강한 맛이에요 | 반찬이 잘 나와요 | 친절해요,,
1395,67b93b3c9b913eed76831086,텍스트·콘텐츠형,,음식 너무 맛있어요!,2026-25-02,2026-25-02,25.2.22.토,25.2.22.토,1,pla****,영수증,재료가 신선해요 | 음식이 맛있어요 | 양이 많아요 | 인테리어가 멋져요 | 매장이 넓어요,,
1396,67b80d8d1c10721f7adc5f9e,텍스트·콘텐츠형,,우연히 들렸는데 너무 맛있네요~집에 가면 또 생각날 것 같인요~ 매장도 청결하고 친절하세요 😀,2026-25-02,2026-25-02,25.2.21.금,25.2.21.금,1,Lets go again,영수증,음식이 맛있어요 | 재료가 신선해요 | 양이 많아요 | 인테리어가 멋져요 | 친절해요,,
1397,67b7d767f006b0a336674c31,텍스트·콘텐츠형,,"맛있게 잘 먹었습니다.
사장님 친절하고 맛도 좋아요^^",2026-25-02,2026-25-02,25.2.21.금,25.2.21.금,1,ick****,영수증,음식이 맛있어요 | 재료가 신선해요 | 인테리어가 멋져요 | 매장이 넓어요 | 친절해요,,
1398,67b18054ff719a44115b2dbd,텍스트·콘텐츠형,,깔끔시원하고 맛있어용,2026-25-02,2026-25-02,25.2.16.일,25.2.16.일,1,SY17,영수증,음식이 맛있어요,,
1399,67bc4b09e53c14bcff0b376e,텍스트·콘텐츠형,,메뉴가 특이해서 들렸는데 완전 맛집!!!,2026-25-02,2026-25-02,25.2.24.월,25.2.16.일,1,래인이73,영수증,혼밥하기 좋아요 | 음식이 맛있어요 | 특별한 메뉴가 있어요,,
1400,67b15a297e92b101debc442f,텍스트·콘텐츠형,,태안에 새로 생긴 음식점이라고 해서 가봤는데 저는 정말 맛있게 먹었습니다 건물 자체가 새건물이라 깔끔하고 밑반찬과 곤드레밥도 맛있어요! 개인적으로는 바지락해장국이 깔끔하고 시원해서 술마신 다음날 먹기 딱 좋았습니다 ㅋㅋ 태안 또 오게되면 또 먹으러 오고싶어요!,2026-25-02,2026-25-02,25.2.16.일,25.2.16.일,1,뾰오83,영수증,음식이 맛있어요 | 특별한 메뉴가 있어요 | 매장이 넓어요 | 매장이 청결해요 | 주차하기 편해요,,
1401,67b84621010eabd32cd9c41b,텍스트·콘텐츠형,,"빨간 바지락탕은 처음인데 별미입니다!
양이 꽤 많아서 배부르게 맛있게 잘먹고 갑니다:)
요청하면 밥이랑 반찬 더 주신다고 하시니
대식가분들도 든든히 드실 수 있을 것 같아요",2026-25-02,2026-25-02,25.2.21.금,25.2.15.토,1,미닝80,영수증,음식이 맛있어요 | 재료가 신선해요 | 양이 많아요 | 친절해요 | 주차하기 편해요,,
1402,67b120f10d356ad76fa84d7e,텍스트·콘텐츠형,,굿,2026-25-02,2026-25-02,25.2.16.일,25.2.15.토,1,팅팅커,영수증,음식이 맛있어요,,
1403,67afe0d7ab2d6b240d5a90e1,텍스트·콘텐츠형,,"내장탕도 냄새 안나고 맛있었고 해장국은 시래기 완전 부드러워요~ 그리고 밥이 너무 맛있어요~ 
바지락완자도 맛있어요~",2026-25-02,2026-25-02,25.2.15.토,25.2.15.토,1,여우비8644,영수증,음식이 맛있어요 | 재료가 신선해요 | 양이 많아요 | 특별한 메뉴가 있어요 | 매장이 넓어요,,
1404,67afd4d20912bd63c9d7a13f,텍스트·콘텐츠형,,,2026-25-02,2026-25-02,25.2.15.토,25.2.15.토,1,호랑나비8687,영수증,인테리어가 멋져요 | 매장이 넓어요 | 음식이 맛있어요 | 재료가 신선해요,,
1405,67b07c2fd4c65228ae5e1cec,텍스트·콘텐츠형,,"해장의 성지 바지락 해장국

바지락 칼국수는 많아도 바지락 해장국은 여지껏 없었기에 너무 신선했고 맛있었다

이걸 먹으로 서울에서 두시간 차타고 간 보람이 있었네

더욱 번창하시길 바라며 다음에 또 들르겠습니다

정말 맜있게 잘먹었습니다 후식 커피도 예술이었습니다 ^^",2026-25-02,2026-25-02,25.2.15.토,25.2.15.토,1,쌍둥이 아빠27,영수증,음식이 맛있어요 | 특별한 메뉴가 있어요 | 매장이 넓어요 | 친절해요 | 매장이 청결해요,,
1406,67aeb81190400b11babca7c9,텍스트·콘텐츠형,,맛있어욥,2026-25-02,2026-25-02,25.2.14.금,25.2.14.금,1,혀언0,영수증,음식이 맛있어요 | 매장이 넓어요,,
1407,67ac1d651e963c0598a8e7fb,텍스트·콘텐츠형,,,2026-25-02,2026-25-02,25.2.12.수,25.2.12.수,1,yo5,영수증,음식이 맛있어요 | 재료가 신선해요 | 양이 많아요 | 매장이 넓어요 | 매장이 청결해요,,
1408,67a9738aeccc7349cc63c04b,텍스트·콘텐츠형,,맛있어요,2026-25-02,2026-25-02,25.2.10.월,25.2.10.월,1,lin****,영수증,음식이 맛있어요 | 매장이 넓어요 | 친절해요,,
1409,67a83ed22f34b254464c4d38,텍스트·콘텐츠형,,"일반적인 시원한 해장국보다는 시래기 해장국과 감자탕의 중간 정도 되는 독특한 느낌이었다. 국물은 맑고 시원한 스타일이 아니라, 칼칼하면서도 약간 녹진한 맛이 강조된 것이 특징. 바지락 해장국(12,000원)과 내장국(15,000원) 중 바지락 해장국을 먹었는데, 국물의 깊은 맛이 인상적이었다.

고기 완자도 크기가 넉넉하고, 맛도 괜찮은 편. 전반적으로 깔끔한 조리 방식이 돋보였고, 직원들도 친절해서 기분 좋게 식사할 수 있었다. 다만, 맑고 가벼운 해장국을 기대하는 사람이라면 예상과 다를 수도 있으니 참고할 것!

✔️ 총평: 칼칼하고 진한 국물 맛을 좋아하는 사람에게 추천!
✔️ 가격대: 바지락 해장국 12,000원 / 내장국 15,000원",2026-25-02,2026-25-02,25.2.9.일,25.2.9.일,1,세오57,영수증,음식이 맛있어요 | 인테리어가 멋져요 | 단체모임 하기 좋아요 | 친절해요 | 주차하기 편해요,,
1410,67a83b89f11e78acc7ac29e2,텍스트·콘텐츠형,,너무 깔끔하고 맛있어요😄,2026-25-02,2026-25-02,25.2.9.일,25.2.9.일,1,auo****,영수증,음식이 맛있어요,,
1411,67a832e7190deaf390c94e17,텍스트·콘텐츠형,,"내장탕이랑 해장국 둘다 먹었는데...
내장탕 냄새 안나고 국물이 깔끔하네요~
바지락장도 맛있어요~재방문 의사 있어요~^^",2026-25-02,2026-25-02,25.2.9.일,25.2.9.일,1,kj843019,영수증,음식이 맛있어요 | 재료가 신선해요 | 양이 많아요 | 특별한 메뉴가 있어요 | 매장이 넓어요,,
1412,67a815e93047afa0b2c3d7ee,텍스트·콘텐츠형,,너무 맛있게 잘 먹었어요 ㅎ,2026-25-02,2026-25-02,25.2.9.일,25.2.9.일,1,북남서89,영수증,음식이 맛있어요 | 양이 많아요 | 특별한 메뉴가 있어요 | 메뉴 구성이 알차요,,
1413,67a8158415bbcd084dc94889,텍스트·콘텐츠형,,"바지락 내장탕,파지락해장국 다 맛있어요ㅎ
내장탕은 좀 더 진한정도?
고기완자도 맛있었어요~",2026-25-02,2026-25-02,25.2.9.일,25.2.9.일,1,dnf****,결제내역,음식이 맛있어요 | 양이 많아요,,
1414,67a6d66b7e6d931c64a51a2b,텍스트·콘텐츠형,,소문듣고 와봤는데 해장국 맛있고 매장도 깔끔하고 넘 만족해요😆,2026-25-02,2026-25-02,25.2.8.토,25.2.8.토,1,bol****,결제내역,음식이 맛있어요 | 매장이 넓어요 | 친절해요 | 매장이 청결해요,,
1415,67a761ef13299e50f9458216,텍스트·콘텐츠형,,"바지락내장탕 먹었는데 최고에요. 양평해장국에 바지락이 들어간 느낌인데, 훨씬 깊고 맛있어요. 시래기밥, 반찬으로 나온 깍두기, 바지락장, 젓갈까지 모든 음식 맛있었고, 기성품에서 느낄 수 없는 세심함이 느껴져서 좋았어요. 같이간 일행 모두 만족한 맛집이에요. 이거 먹으러 태안여행 또 가고 싶어요.",2026-25-02,2026-25-02,25.2.8.토,25.2.8.토,1,ssaewon,결제내역,음식이 맛있어요 | 특별한 메뉴가 있어요 | 반찬이 잘 나와요 | 메뉴 구성이 알차요 | 매장이 넓어요,,
1416,67a6a63ef9693e68deae4daf,텍스트·콘텐츠형,,,2026-25-02,2026-25-02,25.2.8.토,25.2.8.토,1,e3****,영수증,음식이 맛있어요 | 재료가 신선해요 | 특별한 메뉴가 있어요 | 매장이 넓어요 | 친절해요,,
1417,67a5691f4ec81d399a6b5a02,텍스트·콘텐츠형,,엄청 맛나요 양도 많고 직원분도 친절하셔서 좋았어요 감사합니다,2026-25-02,2026-25-02,25.2.7.금,25.2.7.금,1,참둥맘,영수증,음식이 맛있어요 | 양이 많아요 | 매장이 넓어요,,
1418,67ba8342ac12030b098575dc,텍스트·콘텐츠형,,"사장님이 친절하시고 음식도 맛있어요
바지락해장국 처음먹어보는데 신선했어요
강추강추!!!!",2026-25-02,2026-25-02,25.2.23.일,25.2.4.화,1,몽9032,영수증,매장이 넓어요 | 음식이 맛있어요 | 재료가 신선해요 | 양이 많아요 | 건강한 맛이에요,,
1419,67a15f3f23fe659e0a869fda,텍스트·콘텐츠형,,사장님도 너무너무 친절하시고 최근에 먹은 해장국 중에 제일 맛있었던거 같아요! 정말 잘 먹었고 다음에 또 가겠습니다ㅎㅎ,2026-25-02,2026-25-02,25.2.4.화,25.2.4.화,1,chl****,영수증,매장이 넓어요 | 음식이 맛있어요 | 재료가 신선해요 | 양이 많아요 | 특별한 메뉴가 있어요,,
1420,67a00bfe4940179dc6504775,텍스트·콘텐츠형,,"진심 바지락해장국 대존맛
솔직히 태안에 맛집이 없었는데 여기 찐맛집임
갬동이에요 해장잘하고갑니다",2026-25-02,2026-25-02,25.2.3.월,25.2.3.월,1,체리7679,영수증,재료가 신선해요 | 양이 많아요 | 매장이 넓어요 | 친절해요 | 매장이 청결해요,,
1421,679edab101dd1e70511c4627,텍스트·콘텐츠형,,"신랑하고 해장하려고  해장국집을  찾다가 새로 오픈한 태안바지락해장국집으로 왔어요!
고기로 만든 해장국보다 훨씬 좋았어요!^^
상차림도 대접받는 기분이 들었구요!
맛있게 잘 ~~~먹었습니다^^!!!",2026-25-02,2026-25-02,25.2.2.일,25.2.2.일,1,jjonga1223,영수증,음식이 맛있어요 | 재료가 신선해요 | 건강한 맛이에요 | 매장이 넓어요 | 주차하기 편해요,,
1422,679dad9e64fa0f8d6c082fb8,텍스트·콘텐츠형,,"여기 진짜 완전 반했어요

지난번에 한번 먹고 조만간 꼭 포장해서 먹어봐야지 했거든요
내장 못 먹을 것 같다는 어린이를 위해
하나씩 포장했는데
결국 다 섞어서 먹었어요ㅎㅎㅎ

반찬도 깔끔하고 맛있어요!!!


그리고 후기 쓰면 받는 빠삭이도 꾸르맛인 ㅎㅎㅎ
다음에 또또 이용할게요 :)",2026-25-02,2026-25-02,25.2.1.토,25.2.1.토,2,솜사탕9672,영수증,음식이 맛있어요 | 재료가 신선해요 | 특별한 메뉴가 있어요 | 건강한 맛이에요,,
1423,679d8b2c8f9b8412f2264ac0,텍스트·콘텐츠형,,태안놀러와서 우연히 찾은 엄청난 맛집.. 해장하러간건데 술 마려운곳 ㅜ,2026-25-02,2026-25-02,25.2.1.토,25.2.1.토,1,설레임1491,영수증,음식이 맛있어요 | 재료가 신선해요 | 양이 많아요 | 특별한 메뉴가 있어요 | 매장이 넓어요,,
1424,679d871b75bbe288030a0148,텍스트·콘텐츠형,,"흔한 조개구이, 바지락칼국수가 아닌 바지락해장국😊
먹길 진짜 잘했어요!!
너무 맛있고 완자도 짱맛!!!
이거 안먹고 태안가믄 진짜 후회하실거에요!!!!!",2026-25-02,2026-25-02,25.2.1.토,25.2.1.토,1,일개미이,영수증,음식이 맛있어요 | 재료가 신선해요 | 특별한 메뉴가 있어요 | 건강한 맛이에요 | 반찬이 잘 나와요,,
1425,679c60fe6538eaab21fc6e82,텍스트·콘텐츠형,,가족여행중 방문했습니다  추운날씨에 얼큰하고 따뜻하게 한끼 잘 먹었네요~ 만족합니다^^,2026-25-01,2026-25-01,25.1.31.금,25.1.31.금,1,sky****,영수증,음식이 맛있어요 | 양이 많아요 | 건강한 맛이에요,,
1426,679706509f81a7306e7595a2,텍스트·콘텐츠형,,"캠핑 다녀 오다 우연히 방문 한곳인데 바지락해장국 궁금했는데
와우!!!
방문 해 보시면  그 가치를 경험 하실거에요.",2026-25-01,2026-25-01,25.1.27.월,25.1.27.월,1,담수지교97,영수증,음식이 맛있어요 | 재료가 신선해요 | 특별한 메뉴가 있어요 | 음악이 좋아요 | 주차하기 편해요,,
1427,6795cd3b0190dc424aea656b,텍스트·콘텐츠형,,"먹다가 읍!!맛있어서 먹다가 중간에  사진찍었어요,익숙한 맛인듯~~새로운 맛인듯~~
오~~
맛있게 먹고가요~",2026-25-01,2026-25-01,25.1.26.일,25.1.26.일,1,ksscbsn,영수증,음식이 맛있어요 | 재료가 신선해요 | 양이 많아요 | 특별한 메뉴가 있어요 | 건강한 맛이에요,,
1428,6795b97611c01104b6c33bf8,텍스트·콘텐츠형,,너무 맛있어요!!다음에 또 방문할게요~,2026-25-01,2026-25-01,25.1.26.일,25.1.26.일,1,러브유63,영수증,음식이 맛있어요 | 인테리어가 멋져요 | 친절해요 | 매장이 청결해요 | 주차하기 편해요,,
1429,6795a8f73a823eb8659c7b1d,텍스트·콘텐츠형,,너무너무맛잇어요 해장대박입니다 다음에태안들리면 또올게요,2026-25-01,2026-25-01,25.1.26.일,25.1.26.일,1,tjddnjs3349,영수증,음식이 맛있어요 | 재료가 신선해요 | 양이 많아요,,
1430,6795a3e3fd59de72159efbbd,텍스트·콘텐츠형,,,2026-25-01,2026-25-01,25.1.26.일,25.1.26.일,1,별이빛나는밤에75,영수증,인테리어가 멋져요 | 매장이 넓어요 | 음식이 맛있어요 | 재료가 신선해요 | 양이 많아요,,
1431,67930d2fd9b14d37f1a54b76,텍스트·콘텐츠형,,"사진 보이시죠?? 말이 필요 없습니다.
기존에 먹던 뼈다귀나 각종 해장국들과는 진짜 완전 틀립니다. 뒷맛이 너무 깨끗해요!!!! 제가 사는곳 근처에 있다면 2틀에1번꼴로 갔을듯 합니다.
참고로 전 화물기사입니다.
기사님들의 말은 믿으셔야 합니다 ㅋㅋㅋ",2026-25-01,2026-25-01,25.1.24.금,25.1.24.금,1,the****,영수증,음식이 맛있어요 | 재료가 신선해요 | 건강한 맛이에요 | 친절해요 | 주차하기 편해요,,
1432,678db72966843f0257d62a80,텍스트·콘텐츠형,,"우연히 들렸는데 너무 맛있네요
매장도 깨끗하고 사장님도 친절하세요

낙지 젓갈도 맛있어서 사갑니다
다음에 또 올게요. 올게.",2026-25-01,2026-25-01,25.1.20.월,25.1.20.월,1,형준맘17,영수증,인테리어가 멋져요 | 매장이 넓어요 | 음식이 맛있어요 | 재료가 신선해요 | 양이 많아요,,
1433,678ca3c7a3fed95f1e0351ec,텍스트·콘텐츠형,,,2026-25-01,2026-25-01,25.1.19.일,25.1.19.일,1,hakssu,영수증,음식이 맛있어요 | 양이 많아요 | 특별한 메뉴가 있어요 | 친절해요 | 매장이 청결해요,,
1434,678c85aba61c3cf19c6adf2e,텍스트·콘텐츠형,,바지락해장국이 처음인데 매콤하게 맛있어요~,2026-25-01,2026-25-01,25.1.19.일,25.1.19.일,1,dud****,영수증,음식이 맛있어요 | 재료가 신선해요 | 양이 많아요 | 특별한 메뉴가 있어요 | 매장이 넓어요,,
1435,678c71b3e00140c03efa0152,텍스트·콘텐츠형,,담에 친구랑 또 와야겠어요~해장으로 좋아요,2026-25-01,2026-25-01,25.1.19.일,25.1.19.일,1,hj7****,영수증,매장이 넓어요 | 차분한 분위기예요 | 친절해요 | 매장이 청결해요,,
1436,67873ce08acc42e141dcff16,텍스트·콘텐츠형,,"양이 진짜 많아요.
밥도 부족하면 리필 해주셔서 완전 든든해요!
다음에는 부모님과 재방문할게요~~~!!",2026-25-01,2026-25-01,25.1.15.수,25.1.15.수,1,Hy0943,영수증,매장이 넓어요 | 음식이 맛있어요 | 양이 많아요 | 특별한 메뉴가 있어요,,
1437,67833a4d8c4bbb973c0da805,텍스트·콘텐츠형,,너~~~~무 맛있어서 다 먹고 포장까지 해가요! 현지인 찐맛집 느낌이고 특색있는 메뉴라 더 좋았어요! 정갈하고 해장국은 얼큰하고 너무 맛있어요! 또 먹으러 올거에요!,2026-25-01,2026-25-01,25.1.12.일,25.1.12.일,1,alalqndl,영수증,음식이 맛있어요 | 재료가 신선해요 | 양이 많아요 | 특별한 메뉴가 있어요 | 현지 맛에 가까워요,,
1438,6783328a0c23080249e98626,텍스트·콘텐츠형,,"음식도 맛잇고 양도많고 밥도 더주시네요
직원분들도 친절하네요",2026-25-01,2026-25-01,25.1.12.일,25.1.12.일,1,whd****,영수증,음식이 맛있어요 | 재료가 신선해요 | 양이 많아요 | 인테리어가 멋져요 | 매장이 넓어요,,
1439,6783312f76a0237e012953de,텍스트·콘텐츠형,,"국물이 얼큰하고 정말 맛있어요~
바지락도 많이 들어있어서 배부르게 먹었습니다
다음에 또 올게요!",2026-25-01,2026-25-01,25.1.12.일,25.1.12.일,1,안뇽뽀로롱,영수증,단체모임 하기 좋아요 | 음식이 맛있어요 | 재료가 신선해요 | 양이 많아요 | 건강한 맛이에요,,
1440,6781f36a93f9fea3c9d8041e,텍스트·콘텐츠형,,"바로 먹는다고 사진은 못찍었지만 
해장국과 바지락의 조화로움이 해장으로딱이였어요!
서산에서도 매우 가까운곳에 위치해서 자주갈거같아요
아이랑 갓는데 친절하게 ㅇ대응해주셔 더 감사했습니당",2026-25-01,2026-25-01,25.1.11.토,25.1.11.토,1,jun****,영수증,음식이 맛있어요 | 특별한 메뉴가 있어요 | 매장이 넓어요 | 친절해요 | 매장이 청결해요,,
1441,678097a6b7d795f8bacb9c28,텍스트·콘텐츠형,,"깔끔하고 맛있어요
신랑이 좋아하는 스타일이라 조만간 같이 와야겠어요 ㅎ
전체적으로 맛있습니당",2026-25-01,2026-25-01,25.1.10.금,25.1.10.금,1,솜사탕9672,영수증,음식이 맛있어요 | 재료가 신선해요 | 건강한 맛이에요,,
1442,677b5c49fd7dd4481daaa94f,텍스트·콘텐츠형,,"너무 맛있어요 강력 추천드립니다
하루 30개 한정판 !!",2026-25-01,2026-25-01,25.1.6.월,25.1.6.월,1,wjd****,영수증,음식이 맛있어요 | 매장이 넓어요 | 친절해요 | 매장이 청결해요 | 주차하기 편해요,,
1443,677b5c322639fa74ccb891e2,텍스트·콘텐츠형,,,2026-25-01,2026-25-01,25.1.6.월,25.1.6.월,1,다니부,영수증,음식이 맛있어요 | 인테리어가 멋져요,,
1444,677a1711344b2159164a8101,텍스트·콘텐츠형,,5분거리 로얄링스 솔라고cc 단골인데요 골프장 캐디가 맛집이라 추천해서 와봤네요. 음..골프장 근처 식당에서 바닥 보이긴 처음 같아요. 국물 감칠맛 좋고 밥도 비벼먹으니 꿀맛이네요. 이집 땜에 태안에서 운동 많이 할듯요 ㅎㅎ 솔라고 로얄링스 맛집!,2026-25-01,2026-25-01,25.1.5.일,25.1.5.일,1,ondal692,영수증,음식이 맛있어요 | 재료가 신선해요 | 양이 많아요 | 특별한 메뉴가 있어요 | 단체모임 하기 좋아요,,
1445,677a050dd2dfccf1a26abec9,텍스트·콘텐츠형,,바지락해장국 국물이 끝내줘요!! 고기완자도 맛있었어요!! 바지락 해감이 덜 된건 아쉬워요!! 풀해감 부탁드려요!!,2026-25-01,2026-25-01,25.1.5.일,25.1.5.일,1,훈이5489,영수증,음식이 맛있어요 | 매장이 넓어요 | 혼밥하기 좋아요 | 친절해요 | 매장이 청결해요,,
1446,677a08f3c41e556987654c48,텍스트·콘텐츠형,,"태안 읍내 주민 입니다.
해장국 맛있습니다.  중간에 밥도 리필해주셨고요.
나쁘지 않습니다. 반찬 간도 적당합니다.
사이드 메뉴가 완자 뿐이 네요.

태안 특산품으로 적당한 메뉴 더있었으면 좋을거 같고요.  

만족하고 갑니다.",2026-25-01,2026-25-01,25.1.5.일,25.1.5.일,1,스스미바바,영수증,음식이 맛있어요 | 재료가 신선해요 | 양이 많아요 | 매장이 넓어요 | 혼밥하기 좋아요,,
1447,6778ad9e3123bc9e1b913508,텍스트·콘텐츠형,,맛있어요 굳굳,2026-25-01,2026-25-01,25.1.4.토,25.1.4.토,1,태환태환,영수증,인테리어가 멋져요 | 매장이 넓어요 | 음식이 맛있어요 | 양이 많아요,,
1448,677889e3881c0e704c7c9782,텍스트·콘텐츠형,,넓고 깨끗해요!,2026-25-01,2026-25-01,25.1.4.토,25.1.4.토,1,ytk****,영수증,음식이 맛있어요 | 가성비가 좋아요 | 매장이 넓어요,,
1449,6774d79e60c697f44d3b450b,텍스트·콘텐츠형,,비지락 해장국이어서 그런지 다른 기본해장국에 비해 더 시원하고 칼칼해서 맛있어요! 그리고 반찬과 밥도 맛있어서 또 오고싶어요!,2026-25-01,2026-25-01,25.1.1.수,25.1.1.수,1,ivy623,영수증,음식이 맛있어요 | 인테리어가 멋져요 | 매장이 넓어요 | 친절해요 | 매장이 청결해요,,
1450,6774cbe7c69c901e579ccc05,텍스트·콘텐츠형,,"대한민국 최초 바지락해장국 태안바지락해장국
담에 또 오고싶어요.",2026-25-01,2026-25-01,25.1.1.수,25.1.1.수,1,heo****,영수증,음식이 맛있어요 | 인테리어가 멋져요 | 매장이 넓어요 | 친절해요 | 매장이 청결해요,,
1451,6774b2e889938f8948c0fa0f,텍스트·콘텐츠형,,"바지락해장국 첨으로 먹었어요
얼큰하면서 살짝 칼칼한데 맵다는 생각이 안들었어요 시래기가 부드러우면서 감칠맛나고 구수하다는 느낌ㅋ 바닥이 보일때까지 먹어버림^^ 밥은 바지락간장소스(가운데그릇)를 넣어서 비벼먹으니 더더욱 맛났어요 바지락해장국과 찰떡궁합 우앙~~ 앞으로 태안가면 필수로 먹을거에용~^^ 강추!",2026-25-01,2026-25-01,25.1.1.수,25.1.1.수,1,태양같은젊음,영수증,음식이 맛있어요 | 재료가 신선해요 | 매장이 청결해요 | 주차하기 편해요,,
1452,677481869190f43b62e6c409,텍스트·콘텐츠형,,태안에서 몇 안되는 맛집인거 같습니다. 아침일찍도 여니 해장음식으로도 괜찮네요 재방문 의사 있습니다~,2026-25-01,2026-25-01,25.1.1.수,25.1.1.수,1,김기태62,영수증,음식이 맛있어요 | 재료가 신선해요 | 양이 많아요 | 인테리어가 멋져요 | 친절해요,,
1453,676df7b479f3755e965a1f85,텍스트·콘텐츠형,,처음방문!!! 너무맛있어요 반찬도깔끔하니 좋습니다,2026-24-12,2026-24-12,24.12.27.금,24.12.27.금,1,kws****,영수증,음식이 맛있어요 | 재료가 신선해요 | 양이 많아요 | 특별한 메뉴가 있어요 | 매장이 넓어요,,
1454,676cd7deb7703329efdd89ca,텍스트·콘텐츠형,,맛있어요,2026-24-12,2026-24-12,24.12.26.목,24.12.26.목,2,큭큭99,영수증,특별한 메뉴가 있어요 | 매장이 넓어요 | 혼밥하기 좋아요 | 매장이 청결해요 | 화장실이 깨끗해요,,
1455,676cd3151ab0a2c3104d7a13,텍스트·콘텐츠형,,바지락도 많이 들었고 푸짐하고 맛있습니다. 맵기 정도는 첫끼로 먹기에도 딱 적당한 수준이었습니다. 사이드로 시킨 고기 완자도 맛있었어요~!,2026-24-12,2026-24-12,24.12.26.목,24.12.26.목,1,sun****,영수증,음식이 맛있어요 | 재료가 신선해요 | 양이 많아요 | 친절해요 | 매장이 청결해요,,
1456,676cd0fda78cee8698a66130,텍스트·콘텐츠형,,건강한맛! 넘 맛있어요👍🏻👍🏻👍🏻,2026-24-12,2026-24-12,24.12.26.목,24.12.26.목,1,진실만을8282,영수증,음식이 맛있어요 | 특별한 메뉴가 있어요,,
1457,676d04a1579c3d87aba42bce,텍스트·콘텐츠형,,태안에서 독특한 메뉴를 먹어보고 싶어서 방문하게 되었습니다! 게 요리 또는 게국지 음식점은 많은데 추운날씨에 땡기지 않았어요. 바지락 해장국은 첨 보는데 처음 먹어보는 맛이어서 맛있었어요. 생각보다 맵지않고 감칠맛있습니다! 시래기밥과 해장국에 들어있는 시래기가 고소하고 맛있었어요 ㅎㅎ 기본찬에 통통한 낙지젓이랑 바지락장도 맛있었네요! 맵고 짜지 않고 간이 딱 좋아서 술술 들어가요! 그리고 정말 친절하시고 깨끗해서 만족스러웠습니다.,2026-24-12,2026-24-12,24.12.26.목,24.12.26.목,1,문곰핑,영수증,매장이 넓어요 | 음식이 맛있어요 | 특별한 메뉴가 있어요 | 친절해요 | 매장이 청결해요,,
1458,676ca20a32cf90ee720e471f,텍스트·콘텐츠형,,태안 여행왔다 들렀는데 사장님 너무 친절하시고 처음먹는 바지락 해장국도 시원하니 맛있었어요~다음에 또 태안오면 방문하고 싶네요^^,2026-24-12,2026-24-12,24.12.26.목,24.12.26.목,1,콩메주73,영수증,음식이 맛있어요 | 재료가 신선해요 | 매장이 넓어요 | 친절해요,,
1459,676b8c8901f4a0164c35cd31,텍스트·콘텐츠형,,태안에 오랜만에 맛집 찾았습니다 굳!,2026-24-12,2026-24-12,24.12.25.수,24.12.25.수,1,rla****,영수증,음식이 맛있어요,,
1460,6797be93e310111b159dc1f7,텍스트·콘텐츠형,,"원조바지락해장국 얼큰하니 맛있어요
내부도 깔끔하니 편안한 식사했습니다",2026-25-01,2026-24-12,25.1.28.화,24.12.25.수,1,ZOOM,영수증,음식이 맛있어요 | 재료가 신선해요 | 아늑해요 | 친절해요 | 주차하기 편해요,,
1461,676b6104bbbaacbac8b37b63,텍스트·콘텐츠형,,"태안 바지락해장국 바지락내장탕 바지락고기완자 세가지 모두 넘넘 맛있어요 국물이 진짜 대박~!! 바지락내장탕은 하루에30그릇만 판매해요 오전에 일찍오니 먹을수있었어요.
남편은 바지락해장국 저는 바지락내장탕 넘넘 맛있게 잘 먹었습니다~~태안오시면 꼭 드셔보세요 ~♡",2026-24-12,2026-24-12,24.12.25.수,24.12.25.수,1,노차12,영수증,음식이 맛있어요 | 재료가 신선해요 | 양이 많아요 | 특별한 메뉴가 있어요 | 가성비가 좋아요,,
1462,6767b48aa7d4e8c828bf9c07,텍스트·콘텐츠형,,#태안바지락해장국앗집   얼큰 시원 처음 먹어보는 해장국인데 맛있네요. 반찬으로 나오는 바지락장도 진짜 맛있어요.  너무 친절하고 깨끗해요,2026-24-12,2026-24-12,24.12.22.일,24.12.22.일,1,min****,영수증,음식이 맛있어요 | 양이 많아요 | 인테리어가 멋져요 | 매장이 넓어요 | 친절해요,,
1463,67677907945c616f2a4389bd,텍스트·콘텐츠형,,,2026-24-12,2026-24-12,24.12.22.일,24.12.22.일,1,rrl****,영수증,음식이 맛있어요 | 재료가 신선해요 | 인테리어가 멋져요 | 혼밥하기 좋아요 | 친절해요,,
1464,67663ef9040a4ed4bad6ae97,텍스트·콘텐츠형,,원조 바지락 해장국은 시원 담백하고 바지락 내장탕은 고소했어요ㅎㅎ 새로 오픈한 곳이라 가벼운 마음으로 왔는데 의외의 맛집을 발견해서 기분이 너무 좋네요! 번창하세요!,2026-24-12,2026-24-12,24.12.21.토,24.12.21.토,1,cyj****,영수증,음식이 맛있어요 | 재료가 신선해요 | 건강한 맛이에요 | 매장이 넓어요 | 매장이 청결해요,,
1465,67662a0113bf5d9398886237,텍스트·콘텐츠형,,"태안 놀러왔다가 방문했는데 너무 맛있어서 충격 받고 갑니다...!!!ㅎㅎㅎㅎ 바지락해장국 생소하긴한데.. 진짜 태안 오시면 꼭 와서 드셔보세용 너무 맛있어용 ㅎㅎㅎ 태안
오면 또 방문할 것 같아용!!😇😇🤍",2026-24-12,2026-24-12,24.12.21.토,24.12.21.토,1,pyl1022,영수증,음식이 맛있어요 | 양이 많아요 | 특별한 메뉴가 있어요,,
1466,6764e39b23d7ce8e80a6978a,텍스트·콘텐츠형,,매콤하고 맛있어요! 양도 많아서 든든하고 전반적으로 가게가 청결해서 더 좋았습니다👍👍👍,2026-24-12,2026-24-12,24.12.20.금,24.12.20.금,1,솜뭉치40,영수증,매장이 청결해요 | 매장이 넓어요 | 음식이 맛있어요,,
1467,6764dd487d51b78ca19e5683,텍스트·콘텐츠형,,데이트 하러와서 맛있게 잘먹고갑니다~ 얼큰하니 해장으로도 최고네요!! 조개장도 맛있습니다!!,2026-24-12,2026-24-12,24.12.20.금,24.12.20.금,1,sjd****,영수증,음식이 맛있어요 | 재료가 신선해요 | 양이 많아요 | 인테리어가 멋져요 | 친절해요,,
1468,6764bf923f7bca4398d4ab73,텍스트·콘텐츠형,,"주변 사람들이 꼭 먹어보라고 추천했던곳!!
드디어 맛보았는데 반찬, 해장국 모두 너무너무 밥도둑이였어요~~ 원래 밥을 많이 안먹는데 다먹었답니당😅ㅎㅎ
강추입니다!",2026-24-12,2026-24-12,24.12.20.금,24.12.20.금,1,하잉빠잉하잉,영수증,음식이 맛있어요 | 재료가 신선해요 | 양이 많아요 | 특별한 메뉴가 있어요 | 반찬이 잘 나와요,,
1469,6762458e90cd5eda842ed941,텍스트·콘텐츠형,,첨가본 곳인데 직원분들도 넘 친절하시구 무엇보다 음식맛이 좋았습니다 😁 즐거운 점심 이였어요~ 나중에 재방문 할께요🫶,2026-24-12,2026-24-12,24.12.18.수,24.12.18.수,1,떼쟁이6525,영수증,음식이 맛있어요 | 재료가 신선해요 | 특별한 메뉴가 있어요 | 비싼 만큼 가치있어요 | 인테리어가 멋져요,,
1470,6762304688624202354eaef9,텍스트·콘텐츠형,,"태안 바지락으로 만든 특별한 해장국이네요~
넘 맛있게 먹었습니다~",2026-24-12,2026-24-12,24.12.18.수,24.12.18.수,1,블레스50,영수증,음식이 맛있어요 | 재료가 신선해요 | 양이 많아요 | 특별한 메뉴가 있어요 | 매장이 넓어요,,
1471,67622f88b980a66679000913,텍스트·콘텐츠형,,"얼큰하고 맛있습니다.
밥은 탕에 말아먹는게 더 맛있구요.
또 방문 예정!!",2026-24-12,2026-24-12,24.12.18.수,24.12.18.수,1,레노스,영수증,음식이 맛있어요 | 친절해요 | 주차하기 편해요,,
1472,67622cef357a069973e20d27,텍스트·콘텐츠형,,"검색해보고 왔는데 입구부터 맛있는 냄새가 나네요
리뷰가 좋아서 기대하면서 왔는데
역시 맛있네요~
담에 또 올게요",2026-24-12,2026-24-12,24.12.18.수,24.12.18.수,1,나야나8833,영수증,음식이 맛있어요 | 재료가 신선해요 | 매장이 넓어요 | 매장이 청결해요,,
1473,67622504d1ca0e585ecb49f5,텍스트·콘텐츠형,,바지락을 이렇게 먹어보기는 처음인데 맛있게 잘 먹고 갑니다!,2026-24-12,2026-24-12,24.12.18.수,24.12.18.수,1,상봉동 고구마,영수증,음식이 맛있어요 | 메뉴 구성이 알차요 | 친절해요 | 매장이 청결해요 | 매장이 넓어요,,
1474,675fa85c9121723392dfd2e9,텍스트·콘텐츠형,,맛있어요,2026-24-12,2026-24-12,24.12.16.월,24.12.16.월,1,ㅎㅎ6013,영수증,음식이 맛있어요 | 재료가 신선해요 | 매장이 넓어요,,
1475,675fa90622e9f91668baa173,텍스트·콘텐츠형,,바지락 해장국 처음 먹어보는데 진짜 맛있었어요!! 반찬으로 나온 무가 완전 특이하고 해장국이랑 잘 어울렸어요. 다음에 또 오고 싶어요!!,2026-24-12,2026-24-12,24.12.16.월,24.12.16.월,1,호로1045,영수증,음식이 맛있어요 | 특별한 메뉴가 있어요 | 반찬이 잘 나와요 | 메뉴 구성이 알차요 | 매장이 넓어요,,
1476,675fa6cdb5987b6a7a5cd07b,텍스트·콘텐츠형,,"바지락해장국 살면서 처음 먹어봤는데 바지락장 너므 맛있고 해장국도 뒤짐. 태안여행 마지막 식사
대성겅입니다",2026-24-12,2026-24-12,24.12.16.월,24.12.16.월,1,미밍21,영수증,음식이 맛있어요,,
1477,675e66eea9298a4196a5b1d9,텍스트·콘텐츠형,,얼큰하니 맛있어요,2026-24-12,2026-24-12,24.12.15.일,24.12.15.일,1,all****,영수증,음식이 맛있어요 | 양이 많아요 | 혼밥하기 좋아요,,
1478,675e5186001418979aac2e43,텍스트·콘텐츠형,,한숟갈 먹었는데 벌써 맛있습니다!,2026-24-12,2026-24-12,24.12.15.일,24.12.15.일,1,후니훈18,영수증,음식이 맛있어요 | 재료가 신선해요 | 양이 많아요,,
1479,675e4e41d9f469066118cfb4,텍스트·콘텐츠형,,"바지락 해장국과 내장탕 국물이 속풀기에 최고네요
바지락 완자도 식감이 좋아요",2026-24-12,2026-24-12,24.12.15.일,24.12.15.일,1,khj0720,영수증,음식이 맛있어요 | 재료가 신선해요 | 특별한 메뉴가 있어요 | 반찬이 잘 나와요 | 비싼 만큼 가치있어요,,
1480,675e466923ade5f7d9c713d8,텍스트·콘텐츠형,,"얼큰하니 완전 해장으로 딱이에요!!
고기완자도 간이 세지 않아서 맛있게 먹었습니다~",2026-24-12,2026-24-12,24.12.15.일,24.12.15.일,1,wltn3880,영수증,친절해요 | 매장이 청결해요 | 음식이 맛있어요 | 특별한 메뉴가 있어요 | 매장이 넓어요,,
1481,675e40de00ac11e3441e6f83,텍스트·콘텐츠형,,,2026-24-12,2026-24-12,24.12.15.일,24.12.15.일,1,jskfox,영수증,현지 맛에 가까워요 | 잡내가 적어요 | 매장이 넓어요 | 혼밥하기 좋아요 | 음식이 빨리 나와요,,
1482,675e3ef6596e18447a5cdf6a,텍스트·콘텐츠형,,"해장하기 좋네요 맛있어요!! 
양도 많고 밥도 넘 맛있숩니다 
밥리필도 되고 바지락장에 밥 비벼서도 한공기 뚝딱할거같아요!! 굿",2026-24-12,2026-24-12,24.12.15.일,24.12.15.일,1,수야쯔,영수증,음식이 맛있어요 | 재료가 신선해요 | 양이 많아요 | 특별한 메뉴가 있어요 | 반찬이 잘 나와요,,
1483,675e427c5d88ff5db0004c49,텍스트·콘텐츠형,,"진짜 맛있어용.. 존맛탱
해장에 직빵쓰",2026-24-12,2026-24-12,24.12.15.일,24.12.15.일,1,ㅎㅎㅎㅎㅎㅎ32,영수증,음식이 맛있어요 | 재료가 신선해요 | 양이 많아요 | 반찬이 잘 나와요 | 메뉴 구성이 알차요,,
1484,675d0f0cc211024d2ce6ef1d,텍스트·콘텐츠형,,신선한 재료라는게 느껴지는 맛이고 그릇도 정갈하고 깔끔해서 잘 먹었습니다. 재방문 의사 200프로 맛집입니다!,2026-24-12,2026-24-12,24.12.14.토,24.12.14.토,1,ljs****,영수증,음식이 맛있어요 | 재료가 신선해요 | 특별한 메뉴가 있어요 | 매장이 넓어요 | 친절해요,,
1485,675a8a01add5ff7f04638149,텍스트·콘텐츠형,,어디서도 먹을 수 없는 특별한 맛집!!! 👍,2026-24-12,2026-24-12,24.12.12.목,24.12.12.목,1,I취중진상l,영수증,음식이 맛있어요 | 양이 많아요 | 특별한 메뉴가 있어요 | 매장이 청결해요 | 주차하기 편해요,,
1486,675911a8b88fcbca4c77ca53,텍스트·콘텐츠형,,"밥도너무맛있고 국도너무맛있고
아진짜너무맛있어요
어제 한잔하길정말잘했어욯ㅎㅎㅎㅎ",2026-24-12,2026-24-12,24.12.11.수,24.12.11.수,1,큭큭99,영수증,음식이 맛있어요 | 특별한 메뉴가 있어요 | 비싼 만큼 가치있어요 | 매장이 넓어요 | 매장이 청결해요,,
1487,67590c09cbe36de70b4b20dd,텍스트·콘텐츠형,,,2026-24-12,2026-24-12,24.12.11.수,24.12.11.수,1,myl****,영수증,음식이 맛있어요 | 인테리어가 멋져요 | 친절해요 | 매장이 청결해요,,
1488,67590a16bcb670ec83299b61,텍스트·콘텐츠형,,인생 국밥입니다. 너무 맛있어요!!!!,2026-24-12,2026-24-12,24.12.11.수,24.12.11.수,1,happhana1,영수증,음식이 맛있어요 | 재료가 신선해요 | 특별한 메뉴가 있어요 | 주차하기 편해요 | 매장이 청결해요,,
1489,675667e71930f5eaa20560a1,텍스트·콘텐츠형,,"왼쪽 해장국/ 오른쪽 내장탕 
둘다 다 맛나유~^^",2026-24-12,2026-24-12,24.12.9.월,24.12.9.월,2,내당깨,영수증,음식이 맛있어요 | 양이 많아요 | 가성비가 좋아요 | 반찬이 잘 나와요 | 메뉴 구성이 알차요,,
1490,6755613eb6b0cbb8ebb16322,텍스트·콘텐츠형,,"지인분 추천으로 처음 방문하게 되었어요~^^
원조바지락해장국1와 바지락 내장탕1 각각 하나씩 
시켜보았는데 둘다 맛있었어요~~
반찬으로 나오는 바지락장도 맛있어서 판매하시길래 하나 사왔답니다^^
다음에 또 오고 싶은 집이에요~~
맛있게 잘먹었고 친절하셔서 기분이 좋았어요
이 맛이 잘 유지되면 좋겠어요♡",2026-24-12,2026-24-12,24.12.8.일,24.12.8.일,1,미소리셋,영수증,음식이 맛있어요 | 재료가 신선해요 | 특별한 메뉴가 있어요 | 친절해요 | 매장이 청결해요,,
1491,67552eaa1ca7cf25fd1a9542,텍스트·콘텐츠형,,"맛나게 먹느라 음식사진 찍는걸 깜빡했네ㅠ 여행갔다가 맛집검색해서 찾은 바지락해장국집~ 칼국수가 아니라 해장국?! 기대반 궁금증반ㅋㅋ 친절하게 아이들 먹는것도 잘 챙겨주시고 음식도 생각보다 빨리나왔는데 맛있기까지~ 
고기완자는 아이들이 넘 잘먹었음.. 태안 가시는 분들에게 추천하고 싶네용 ^^",2026-24-12,2026-24-12,24.12.8.일,24.12.8.일,1,스윗맘73,영수증,음식이 맛있어요 | 특별한 메뉴가 있어요 | 친절해요 | 매장이 청결해요 | 주차하기 편해요,,
1492,675513de6dd6f4075c7d06c0,텍스트·콘텐츠형,,"너무 맛있어요
매일 오고싶음 ㅠㅠㅠ
사장님도 넘 친절하시고
밥도 일반 백미가 아니고 시래기밥이라 더 좋아요
바지락내장탕은 걍 그릇채 원샷",2026-24-12,2026-24-12,24.12.8.일,24.12.8.일,1,초코면,영수증,음식이 맛있어요 | 특별한 메뉴가 있어요 | 반찬이 잘 나와요 | 잡내가 적어요 | 주차하기 편해요,,
1493,675515baaaa8a5488e5a122f,텍스트·콘텐츠형,,"얼큰하고 맛있어요👍🏻
맛은 바지락매운탕과 육개장의 중간 느낌?!이고 시래기와 바지락이 많이 들어있어요.
아기의자도 구비되어 있고 아기 밥까지 따로 챙겨주셔서 편하게 너무 잘 먹었습니다~",2026-24-12,2026-24-12,24.12.8.일,24.12.8.일,1,MJ9520,영수증,음식이 맛있어요 | 재료가 신선해요 | 양이 많아요 | 특별한 메뉴가 있어요 | 반찬이 잘 나와요,,
1494,67569cd7f088167d6ddac8b5,텍스트·콘텐츠형,,태안놀러갔다가 먹은곳인데 해장국 맛있게먹고갑니다 !!!,2026-24-12,2026-24-12,24.12.9.월,24.12.8.일,1,ing****,영수증,음식이 맛있어요 | 재료가 신선해요 | 양이 많아요,,
1495,6753b970a2ee6398ba988a0b,텍스트·콘텐츠형,,"우연히 오게 된 곳
예상치 못한 맛
죽기전에 다시 오고 싶은 곳",2026-24-12,2026-24-12,24.12.7.토,24.12.7.토,1,양기맞히,영수증,음식이 맛있어요 | 단체모임 하기 좋아요 | 친절해요 | 매장이 청결해요 | 주차하기 편해요,,
1496,6753afadae2156860b80da22,텍스트·콘텐츠형,,"회사 바로앞
처음 와보지만 건강하고 특별한 맛을 경험했네요.
곱창,바지락,시래기의 조합이 잘 어우러져 있네요.
맛 또한 좋아요.
자주 찿게 될 장소인듯..
잘 먹고 갑니다.",2026-24-12,2026-24-12,24.12.7.토,24.12.7.토,1,깐순이네집,영수증,음식이 맛있어요 | 재료가 신선해요 | 양이 많아요 | 특별한 메뉴가 있어요 | 건강한 맛이에요,,
1497,675277dbe5992b37286cc500,텍스트·콘텐츠형,,든든하게 잘먹고 갑니다! 양도 넉넉하고 맛있어요!!,2026-24-12,2026-24-12,24.12.6.금,24.12.6.금,1,AuraReun,영수증,음식이 맛있어요 | 재료가 신선해요 | 양이 많아요,,
1498,674fdac1b0700017f14ac7a8,텍스트·콘텐츠형,,"👍 해장국은 시원하고 내장탕은 묵직하니 얼큰
👍 바지락 엄청 많이 들어있고 조개장 완전 맛있음
👍 고기완자 고소담백하니 크고 좋음

전체적으로 해장국이 이렇게 정갈하고 맛있게 먹을 수 있나
싶을 만큼 대만족입니다. 태안올때 꼭 다시와야할 맛집입니다
주차장 넓고 친절하십니다",2026-24-12,2026-24-12,24.12.4.수,24.12.4.수,1,GRU,영수증,음식이 맛있어요 | 특별한 메뉴가 있어요 | 가성비가 좋아요 | 인테리어가 멋져요 | 매장이 넓어요,,
1499,674d492c999e2d76d97bfee2,텍스트·콘텐츠형,,,2026-24-12,2026-24-12,24.12.2.월,24.12.2.월,1,정찬용315,영수증,음식이 맛있어요 | 양이 많아요,"고소하고 진한 국물의 내장탕을 드셨군요
김사합니다~",24.12.2.월
1500,674d39f04bee8b1fae458f6c,텍스트·콘텐츠형,,해장국 얼큰하고 시래기랑 바지락 많아요 밥도 곤드레 밥이고 부족하면 더 주셔서 짱 배부르게 먹었어요🤤,2026-24-12,2026-24-12,24.12.2.월,24.12.2.월,1,뱡울토마토,영수증,재료가 신선해요 | 양이 많아요 | 음식이 맛있어요 | 매장이 넓어요 | 매장이 청결해요,"맛있게 드셔주셔서 감사합니다. 
시래기밥은 요청하시몀 더 드리니 부담없이 말씀하세요",24.12.2.월
1501,674d105691859d302166616b,텍스트·콘텐츠형,,해장국이 매우 얼큰합니다. 반찬도 정갈하게 잘 나와요.,2026-24-12,2026-24-12,24.12.2.월,24.12.2.월,1,짱아2090,영수증,음식이 맛있어요 | 매장이 넓어요 | 주차하기 편해요 | 음식이 빨리 나와요,"감사합니다. 
해장엔 시원칼칼함이죠~ 
너무 매우시면 좀 덜맵게 요청하셔도 됩니다.",24.12.2.월
1502,674bca46c56cd16b66031ca7,텍스트·콘텐츠형,,바지락해장국 시원 칼칼하고 바지락 때문에 개운한게 너무 맛있게 먹었고 바지락해장국 먹으러 다음에 친구와 또 태안에 놀러오기로 했습니다. 바지락장이 짜지않고 맛있어서 바지락장도 구매해 가요. 잘먹고 갑니다!,2026-24-12,2026-24-12,24.12.1.일,24.12.1.일,1,vesnaa,영수증,음식이 맛있어요 | 재료가 신선해요 | 양이 많아요 | 반찬이 잘 나와요,"감사합니다. 
해장국드시러 또 태안에 와주신다니 감동~
바지릭장에 빕 한그릇 뚝딱이쥬~",24.12.2.월
1503,674bb0d8fd40661e13b4eb78,텍스트·콘텐츠형,,"처음 먹어보는 바지락해장국 굿^^
사장님도 친철하시구
바지락장에 참기름넣은 시래기밥을 비벼먹으니 환상이내요
해장 잘햇습니다",2026-24-12,2026-24-12,24.12.1.일,24.12.1.일,1,jes****,영수증,음식이 맛있어요 | 재료가 신선해요 | 특별한 메뉴가 있어요 | 가성비가 좋아요 | 매장이 넓어요,"감사합니다. 
해장의성지로 우뚝 올라서도록 하겠습니다.~",24.12.2.월
1504,674bab1e9be18e8dd201b6a9,텍스트·콘텐츠형,,전날 술 많이 먹고 해장 할 곳 찾았는데 넘 맛있었어요 ㅎㅎ 담에 또 올게요! 추천합니다,2026-24-12,2026-24-12,24.12.1.일,24.12.1.일,1,ste****,영수증,매장이 넓어요 | 음식이 맛있어요 | 재료가 신선해요 | 양이 많아요 | 특별한 메뉴가 있어요,"해장의성지에 오신걸 환영합니다. 
역시 바지락이 해장엔 최고인거 같아유~",24.12.2.월
1505,674aa21354a9a563eb71c156,텍스트·콘텐츠형,,"바지락과 내장탕의 만남 너무 맛있어요
바지락 때문에 시원하면서 한우 내장이 들어있어서 든든해요 같이 나오는 시래기밥에 바지락장 비벼먹으면 한그릇 뚝딱이에요 구성이 이렇게 좋은데 15000원이어서 가격도 좋고 앞으로도 계속 찾을 거 같아요! 
해당직빵이에여 ㅋㅋ",2026-24-11,2026-24-11,24.11.30.토,24.11.30.토,1,idak,영수증,음식이 맛있어요 | 재료가 신선해요 | 양이 많아요 | 특별한 메뉴가 있어요 | 비싼 만큼 가치있어요,,
1506,674a7b7aa7cd6a40a8c3791a,텍스트·콘텐츠형,,"바지락이 진짜 아낌없이 왕창 들어가있고 맛도 너무 조아요 ㅠㅠ 태안에 살았다면 종종 왔을 것 가타여 !!! 🤤
사장님도 너무 친절하시고 무엇보다 반찬들이 간이 딱 맞고 아주 맛있었습니다 !!!!",2026-24-11,2026-24-11,24.11.30.토,24.11.30.토,1,100단단,영수증,음식이 맛있어요 | 양이 많아요 | 재료가 신선해요 | 반찬이 잘 나와요 | 메뉴 구성이 알차요,,
1507,674d07f621ffd1d6a85f1dd0,텍스트·콘텐츠형,,시래기해장국에 조개 들어간 맛이에요,2026-24-12,2026-24-11,24.12.2.월,24.11.29.금,1,웡쀼,영수증,특별한 메뉴가 있어요 | 인테리어가 멋져요 | 친절해요 | 매장이 청결해요,"감사합니다. 
바지락의 시원함이 매력있죠? 
또 방문해주세요~",24.12.2.월
1508,674945f2eb0bd4311048794b,텍스트·콘텐츠형,,"다른 맛집 찾아가려다 오늘 휴무라해서
강연차 들리누곳 앞에 방문했는데.. 

너무 맛집입니다 ㄷㄷ 
맛과 친절 모두 200%만족하고 돌아갑니다!! 

다음에 또 근처 오면 들릴 맛집리스트로 
등록 ㅎㅎ 

잘 먹고 갑니다 :)",2026-24-11,2026-24-11,24.11.29.금,24.11.29.금,1,Gori,영수증,음식이 맛있어요 | 재료가 신선해요 | 양이 많아요 | 특별한 메뉴가 있어요 | 건강한 맛이에요,,
1509,674940067250579eb3157863,텍스트·콘텐츠형,,"바지락 해장국은 처음이라 걱정했는데 너무 맛있어요…
사람들 데리고 더 오고싶어요…
그리고 사장님 친절하셔서 기분이 좋아요 🥺👍🏻",2026-24-11,2026-24-11,24.11.29.금,24.11.29.금,1,쩡이정이댕이종이,영수증,음식이 맛있어요 | 매장이 넓어요 | 친절해요 | 매장이 청결해요 | 화장실이 깨끗해요,감사합니다. 자주 뵈면 좋겠네요~,24.12.2.월
1510,674935a7f8364645772e2c9f,텍스트·콘텐츠형,,"너무 정갈하고 맛있어요👍🏻
칼칼한 해장국에 속이 든든해집니다!
단골예약입니다♥️ 체고체고",2026-24-11,2026-24-11,24.11.29.금,24.11.29.금,1,D디D디,영수증,음식이 맛있어요 | 재료가 신선해요 | 특별한 메뉴가 있어요 | 매장이 넓어요 | 단체모임 하기 좋아요,"단골이 되어주셔서 감사합니다. 
해장국에 고기완자 조합! 딱이죠~",24.12.2.월
1511,6743f806d2d691f4d0c13920,텍스트·콘텐츠형,,점심시간에 찾아가서 먹었는데 해장 제대로 되고 바지락이랑 시래기 너무 맛있어요,2026-24-11,2026-24-11,24.11.25.월,24.11.25.월,1,aki****,영수증,음식이 맛있어요 | 양이 많아요 | 반찬이 잘 나와요 | 메뉴 구성이 알차요,,
1512,6746b72f7c8b2d7f23a00ce9,텍스트·콘텐츠형,,"오랜만에 찐맛집을 찾았네요
바지락해장국에 내장은 잡내도 안나고 칼칼한국물에 부드러운 시래기에 푸짐한 바지락까지 뚝배기 한가득나와서 배부르게 먹었습니다
사이드 바지락고기완자도 부드러우면서 육즙이 흘러넘치네요
태안근처에 오면 꼭 재방문해야겠어요",2026-24-11,2026-24-11,24.11.27.수,24.11.25.월,1,양태17,영수증,음식이 맛있어요 | 메뉴 구성이 알차요 | 매장이 넓어요 | 혼밥하기 좋아요 | 매장이 청결해요,,
1513,6742a8f6bac9bd2b9447671f,텍스트·콘텐츠형,,양도 많고 맛있습니다! 바지락 엄청 많이 들어있어요 !,2026-24-11,2026-24-11,24.11.24.일,24.11.24.일,1,ㅇㅇ89,영수증,음식이 맛있어요 | 양이 많아요 | 특별한 메뉴가 있어요,,
1514,67428babab68a89c7fa76d45,텍스트·콘텐츠형,,와 원래 절대 완뚝 안하는데 완뚝하고 밥도 한그릇 다 안먹는데 두그릇 먹었어요 인천에서 왔는데 또 생각나서 조만간 다시 올 것 같아요🩷🥹,2026-24-11,2026-24-11,24.11.24.일,24.11.24.일,1,lgh****,영수증,음식이 맛있어요 | 재료가 신선해요 | 특별한 메뉴가 있어요 | 친절해요 | 매장이 청결해요,,
1515,6742a4e29d28c64c57cdb56c,텍스트·콘텐츠형,,"동네 친구가 추천해서 다녀왔는데, 해장은 무조건 이집이에요.ㅠㅠㅠ 해장국에 시래기랑 바지락 푸진 양부터 대박인데, 맛은 더 미쳤어요..ㅠ 어제 엄청 달렸는데 속 확 풀렸어요.. 
같이 온 친구는 내장탕 먹었는데 내장탕도 강추에요!! 저는 담에는 내장탕 먹으려고요.
태안에 맛집 발견해서 넘 행복해요.. 사장님 오래오래 장사 해주세요ㅠㅠㅠㅠ",2026-24-11,2026-24-11,24.11.24.일,24.11.23.토,1,won****,영수증,매장이 청결해요 | 음식이 맛있어요 | 재료가 신선해요 | 특별한 메뉴가 있어요 | 메뉴 구성이 알차요,,
1516,6742a3202c64c7530cc6c1c1,텍스트·콘텐츠형,,국물이 엄청 시원합니다,2026-24-11,2026-24-11,24.11.24.일,24.11.23.토,1,비정산조40,영수증,음식이 맛있어요 | 재료가 신선해요 | 양이 많아요 | 특별한 메뉴가 있어요 | 반찬이 잘 나와요,,
1517,674134619fcf91516fafa59f,텍스트·콘텐츠형,,해장국에 바지락 들어간거는 첨 먹어봐요 맛있음!!!,2026-24-11,2026-24-11,24.11.23.토,24.11.23.토,1,xiu****,영수증,음식이 맛있어요,"감사합니다. 
국내최초로 만들어진 원조 바지락해장국입니다.",24.11.23.토
1518,6742a3b0ff55cbaa2d179ff4,텍스트·콘텐츠형,,쓰레드에서 보고 왔는데 서울에서 두시간 정도 걸리니까 한 번 와보고 싶었어요. 근데 진짜 저 원래 피자 해장하던 사람인데…ㅋㅋㅋㅋ큐ㅠㅠ 한국 사람인 거 깨달았습니다… 사장님 번창하셔서 제발 밀키트 내주세요… 어떻게 이 깊은 맛 뒤에 아무 것도 안 먹은 거 같은 깔끔함이 뒤따라오는지… 내공 깊다 깊어…,2026-24-11,2026-24-11,24.11.24.일,24.11.23.토,1,yuy****,영수증,혼밥하기 좋아요 | 단체모임 하기 좋아요 | 음식이 맛있어요 | 특별한 메뉴가 있어요 | 건강한 맛이에요,,
1519,6742a387f6ba882cd69836f2,텍스트·콘텐츠형,,"일산에서 먹으러왔어요^__^ 세상에 너무 맛있어요.바지락의 시원함이 국물에 완전스며들어있어요.
시원하고 깔끔해서  해산물 좋아하지 않는 친구도 
순삭 식사완료!! 너무 친절하신 사장님도  좋아요.
다음에 또 올게용!!!",2026-24-11,2026-24-11,24.11.24.일,24.11.23.토,1,EYERACHEL,영수증,음식이 맛있어요 | 재료가 신선해요 | 양이 많아요 | 인테리어가 멋져요 | 친절해요,,
1520,674029436e6f9deb797a21c9,텍스트·콘텐츠형,,"두번째 방문인데..
찬바람이 부니 더욱 생각이나네요.
칼칼한 맛인데, 전날 과음을 했어도
또 술을 부르는 맛이에요..ㅎㅎ
양도 많고, 맛도 좋습니다!!",2026-24-11,2026-24-11,24.11.22.금,24.11.22.금,2,나야나지롱,영수증,음식이 맛있어요 | 양이 많아요 | 가성비가 좋아요 | 커피가 맛있어요 | 매장이 넓어요,"먹으면서 해장되니 또 술이 들어가쥬?
맛있게 드셔주셔서 감사합니다.",24.11.23.토
1521,673ffd03602efbda486bf36d,텍스트·콘텐츠형,,"얼큰하니 맛나유

충남 태안군 태안읍 서해로 1952-5",2026-24-11,2026-24-11,24.11.22.금,24.11.22.금,1,내당깨,영수증,음식이 맛있어요 | 재료가 신선해요 | 양이 많아요,"감사합니다. 
얼큰한 바지락해장국입니다. 
술 먹은 다음날 생각나실거예요~",24.11.23.토
1522,673ebdeb39f90c1ee6331f33,텍스트·콘텐츠형,,"태안 번개 여행중 잭팟을 맞았습니다.
바지락을 맛보려 들어간 집
일단 깨끗한 건물
거기다 주차장이 너무 컸습니다.
그런데 맛은 더 좋았어요
처음 먹어본 맛
끝내주는맛

강.력.추.천",2026-24-11,2026-24-11,24.11.21.목,24.11.21.목,2,olosapa,영수증,음식이 맛있어요 | 재료가 신선해요 | 양이 많아요 | 단체모임 하기 좋아요 | 주차하기 편해요,"감사합니다. 
내장탕은 사랑이쥬~ 
고소하고 진한 국물이 땡길때 또 오세유~",24.11.23.토
1523,673aa9d1eb1cc719c0590b54,텍스트·콘텐츠형,,"태안 바지락이 가득 들어 시원하고 맛있습니다
잘먹고갑니다",2026-24-11,2026-24-11,24.11.18.월,24.11.18.월,1,d8cy,영수증,매장이 넓어요 | 음식이 맛있어요 | 재료가 신선해요 | 특별한 메뉴가 있어요 | 가성비가 좋아요,"감사합니다. 
저희 해장국은 태안에서 나는 바지락만 사용하고 있습니디~",24.11.19.화
1524,673ac5710192e4456e63f96c,텍스트·콘텐츠형,,"이건 해장국이 아닌 해장국 한 상 입니다❤️
해장국안에 들어간 바지락, 시래기 모두 완벽했어요!
일반 밥이 아니라 바지락장에 시래기 밥이 나오는데
밥 자체가 찰진 밥이라 너무 맛있습니다!

아이랑 가면 아이밥을 주시는데
아이 역시 너무 잘 먹었네요!!!
이 해장국 먹으러 태안을 또 가고싶을 정도 입니다.
이 글을 쓰니 또 먹고싶네요!
매장도 크고 깔끔해서 더욱 좋았습니다👍🏻",2026-24-11,2026-24-11,24.11.18.월,24.11.18.월,2,godgod561083,영수증,음식이 맛있어요 | 특별한 메뉴가 있어요 | 매장이 청결해요 | 매장이 넓어요 | 단체모임 하기 좋아요,"감사합니다. 
뭔가 잘 대접해드린것 같아 기분이 좋네요. 
아이들 먹을수 있게 고기완자도 반접시씩 준비했습니다.",24.11.19.화
1525,673aa9b0fde2d311741a9f4f,텍스트·콘텐츠형,,"국물이 끝내줘요 ㅎㅎ
잘 먹고 갑니다",2026-24-11,2026-24-11,24.11.18.월,24.11.18.월,1,nac****,영수증,인테리어가 멋져요 | 음식이 맛있어요 | 재료가 신선해요 | 양이 많아요 | 특별한 메뉴가 있어요,"감사합니다. 
해장엔 태안바지락해장국 기억해주세요",24.11.19.화
1526,673ac34bd6a2d56d86121fd9,텍스트·콘텐츠형,,"최근에 먹은 해장국 중 최고!!
전날 먹은 술이 모두 해장됩니다 
또 가서 먹고싶어요",2026-24-11,2026-24-11,24.11.18.월,24.11.17.일,1,김강진33,영수증,음식이 맛있어요 | 재료가 신선해요 | 양이 많아요 | 친절해요 | 매장이 청결해요,"감사합니다. 
술마신 다음에 종종 찾아주세요",24.11.19.화
1527,67394982c447b28b3831c532,텍스트·콘텐츠형,,"태안억서 먹는 틀별한 메뉴라 먹으러왔어요!
엄청 맛있네요!",2026-24-11,2026-24-11,24.11.17.일,24.11.17.일,1,나무그늘고냥이,영수증,음식이 맛있어요 | 재료가 신선해요 | 양이 많아요 | 인테리어가 멋져요 | 매장이 넓어요,"감사합니다. 
해장국과 바지락고기완자는 찰떡궁합이죠~",24.11.19.화
1528,67393b52d5733ca575ae49af,텍스트·콘텐츠형,,"태안 여행왔다 들렀는데,,매콤하고 칼칼~~하니 음식맛이 상당합니다!! 밥도 시래기밥이에용😲 술도안먹엇는데 해장되어버렷읍니다.... 곧 개국지를 잇는 태안의 명물 음식이 될듯하네요~~ 태안별주나 태안 특산품같은 주전부리들도 같이 구매할 수 있어 좋았어요! 👍",2026-24-11,2026-24-11,24.11.17.일,24.11.17.일,1,413590176,영수증,음식이 맛있어요 | 특별한 메뉴가 있어요 | 매장이 넓어요 | 단체모임 하기 좋아요 | 매장이 청결해요,"감사합니다. 
태안의 명물이 될수 있도록 많이 도와주세요~ 
저희도 열심히 만들어 가겠습니다.",24.11.19.화
1529,67393b31331a9f902d94928b,텍스트·콘텐츠형,,"태안하면 바지락이 유명하기도 해서 바지락 음식 검색하다가 찾게된곳인데요, 마침 집에 가는길에있어 들렀는데 숨어있는맛집이었어요😄 해장국은 얼큰해서 넘맛있고 심지어 시래기밥을주니 밥이랑 바지락장만 먹어도 한그릇 뚝딱이더라고요. 태안올때마다 생각날맛이에요 잘먹었습니다🤭",2026-24-11,2026-24-11,24.11.17.일,24.11.17.일,1,ssp****,영수증,음식이 맛있어요 | 특별한 메뉴가 있어요 | 인테리어가 멋져요 | 매장이 넓어요 | 주차하기 편해요,"감사합니다. 
시래기밥과 바지락장 넣고 조금 비벼드시다가
국물에 시래기밥을 말아드시면 좋습니다.",24.11.19.화
1530,673842dbae2e4ad3052f4445,텍스트·콘텐츠형,,,2026-24-11,2026-24-11,24.11.16.토,24.11.16.토,1,이리라인,영수증,음식이 맛있어요 | 재료가 신선해요 | 양이 많아요 | 특별한 메뉴가 있어요 | 가성비가 좋아요,"감사합니다. 
태안오실때 종종 들려주세요~",24.11.19.화
1531,673823f2deb1a59d60bf96d2,텍스트·콘텐츠형,,"국물 진하고 쥭여주는 맛 입니다.
바지락과 시레기서 우러나는 깊은맛의 조화가
장난 없습니다. 고기완자도 다른집 보다 깊은 여운이 납니다. ....굿굿",2026-24-11,2026-24-11,24.11.16.토,24.11.16.토,1,앤다슨,영수증,음식이 맛있어요 | 재료가 신선해요 | 특별한 메뉴가 있어요 | 매장이 넓어요 | 매장이 청결해요,"감사합니다. 
시래기밥과 해장국 고기완자 조합이 괜찬죠?
다음에 또 방문해주세요~",24.11.19.화
1532,67356bcd6e992562abf7fcf0,텍스트·콘텐츠형,,태안 사람인데 해장국 찐 맛집 찾았아요 .. 내돈내산 … 사장님 모르는분임… 앞으로 술 먹은 다음날은 여기만 갈 거 같아요 !! 맛있게 잘 먹었습니다 ❤️‍🔥,2026-24-11,2026-24-11,24.11.14.목,24.11.14.목,1,레이코옹,영수증,인테리어가 멋져요 | 매장이 넓어요 | 음식이 맛있어요 | 재료가 신선해요 | 양이 많아요,"감사합니다
앞으로 종종 많이 들려주세요~",24.11.19.화
1533,672ff7a01cf3d99f7b507618,텍스트·콘텐츠형,,"바지락 해장국인데 빨개? 
지인들의 이야기를 듣고 궁금증이 발동 일요일 아침 지인들과 매장오픈런 ㅎㅎ😸
모두들 좋아하시는 시레기를 그리 좋아하는 특이한 애들 입맛 스타일인 저에게는 살짝 맞을까? 라는
생각이 있었는데 기우에 지나지 않았습니다
깔끔하게 비웠습니다..
거기에 바지락고기완자는 아이입맛 에도 딱이었습니다..
저의 긴글 보다 적접 와 보시는것이 최고인듯 합니다..
시원하고 칼칼하고 .아 맛의 표현을 못하는게 아쉽습니다..
또 옵니다..
저의 맛집 저장!!!!!",2026-24-11,2026-24-11,24.11.10.일,24.11.9.토,1,더지원글로벌,영수증,음식이 맛있어요 | 재료가 신선해요 | 단체모임 하기 좋아요 | 주차하기 편해요 | 특별한 날 가기 좋아요,"감사합니다. 
다음에도 맛있게 드실수 있도록 준비하겠습니다.",24.11.19.화
1534,672ef785d7a601b52c3d6ab8,텍스트·콘텐츠형,,바지락이 들어간 해장국이란 게 어떤 맛인지 감이 잘 안 왔는데 국물이 개운합니다. 시레기밥이랑 잘 어울리고 넘 맛있어요. 바지락고기완자는 바지락 맛은 좀 덜 났지만 그래도 맛있습니다. 만족스러운 식사였습니다. ㅎ,2026-24-11,2026-24-11,24.11.9.토,24.11.9.토,1,걷고걷고지치면타고,영수증,친절해요 | 매장이 청결해요 | 음식이 맛있어요 | 특별한 메뉴가 있어요 | 반찬이 잘 나와요,"감사합니다. 
만족하셨다니 너무 뿌듯하네요",24.11.19.화
1535,67300dd52b3db997e76c0769,텍스트·콘텐츠형,,"태안, 해장의 성지
바지락 해장국 12,000원
바지락 내장탕 15,000원
바지락 고기완자 

빨강국물 해장국!!
인생 해장국을 만나다 ❤️ 
서울,경기권에도 런칭되면 좋겠네유~",2026-24-11,2026-24-11,24.11.10.일,24.11.9.토,1,네플상,영수증,음식이 맛있어요 | 양이 많아요 | 매장이 넓어요 | 뷰가 좋아요 | 주차하기 편해요,"감사합니다
꼭 서울. 경기에서 뵐수있기를 바랍니다~",24.11.19.화
1536,672de3323da60c5c4a91d063,텍스트·콘텐츠형,,"서산에 일 보러 왔다가 서산사는 지인이 최근 태안에 오픈한 곳이라고 추천해줘서 가봤어요. 태안 도입부쪽이라 서산에서도 가깝네요. 안왔으면 정말 아쉬었을 듯..시레기해장국 정말 좋아하는데 바지락까지 들어가 있으니 시원함이 배가 되네요! 내장탕은 고기, 내장들이 진짜 많이 들어있어요. 일한정인데 먹을 수 있어서 다행… 가족들이랑 태안 여행 오면 또 방문할게요 !!",2026-24-11,2026-24-11,24.11.8.금,24.11.8.금,1,네에띠,영수증,음식이 맛있어요 | 재료가 신선해요 | 특별한 메뉴가 있어요 | 메뉴 구성이 알차요 | 커피가 맛있어요,"감사합니다. 
일일한정 30그릇으로 내장탕을 준비해드리고 있습니다. 맛있게 드셔주셔서 감사합니다~",24.11.19.화
1537,6726ca583d40ec1dc93fd6b4,텍스트·콘텐츠형,,"드디어 정식오픈♡
3주째 태안오고 있다.
아니 왜 이렇게 맛있는거야.
나 다음주에 또 오니?",2026-24-11,2026-24-11,24.11.3.일,24.11.3.일,3,멜랑콜리커,영수증,음식이 맛있어요 | 재료가 신선해요 | 양이 많아요 | 특별한 메뉴가 있어요 | 가성비가 좋아요,"매주 찾아주셔서 너무 너무 감사합니다. 
항상 맛있게 끓여 드리겠습니다~~",24.11.5.화
1538,672595a5e9944be7d36f6a43,텍스트·콘텐츠형,,새로 오픈했다길래 찾아옴. 매장깔끔하고 신경많이쓴듯. 상차림도 깔끔. 일행은 원조 나는 바지락내장탕으로. 바지락완자도 반 사이즈 주문. 배터짐. 시래기밥에 바지락장 비비니 이걸로 뚝딱할듯. 시래기내장탕 양 무지많음. 해장하려다 다시 마실뻔함. 일행의 윈조 해장국은 좀더 칼칼했음. 다먹고나니 다시마식초가 보임. 다시와서 식초넣어서  먹어봐야겠음. 완자도 굿. 재방문 의사 있음. 서울에도 있으면 좋겠음.,2026-24-11,2026-24-11,24.11.2.토,24.11.2.토,1,hon****,영수증,음식이 맛있어요 | 재료가 신선해요 | 양이 많아요 | 특별한 메뉴가 있어요 | 가성비가 좋아요,"감사합니다. 
다음에는 다시미식초 꼭 넣아드세요
막다가 중간쯤 넣어드시면 새로운 맛을 느끼실수 있어요~",24.11.2.토
1539,67244ac989fca7603b000f9b,텍스트·콘텐츠형,,와 이틀 연속 왔어요 ㅎㅎ 너무 맛있어서 서울에도 생겼으면 좋겠어요 진하고 깊은 국물에 쫄깃한 바지락 밑반찬도 맛있고 해장 대박이에요!!!! 내장 든것도 맛있고 안 들어간것도 깔끔해요 *.* 꼭 드셔보셔야해요,2026-24-11,2026-24-11,24.11.1.금,24.11.1.금,2,뷰티송송,영수증,음식이 맛있어요 | 재료가 신선해요 | 양이 많아요 | 가성비가 좋아요 | 매장이 넓어요,"감사합니다. 
바지락내장탕도 맛있게 드셨나요?
단골이 되어주세요~",24.11.2.토
1540,67244b97e16957d9fb3fb44e,텍스트·콘텐츠형,,"태안여행 3일차..
어제도 또 밤새 달렸다....
오늘도 숙취에 미칠것 같아서 어제왔던 해장국집 다시 옴..
어제 너무 맛있었는데 또 오게될 줄은  몰랐다..
어제없던 트리도있고 벌써 크리스마스🌲🎄🎄
태안에 은근 맛집이 없는데 깨알맛집 발견 저장!!

국물에 다시마식초 살짝넣어 먹으니 별미!!

태안여행오면 또 올게요♡
잘 먹고갑니다!!",2026-24-11,2026-24-11,24.11.1.금,24.11.1.금,2,라이프민02,영수증,음식이 맛있어요 | 재료가 신선해요 | 양이 많아요 | 특별한 메뉴가 있어요 | 가성비가 좋아요,"재방문 감사합니다. 
해장엔 바지락이 최고죠
해장국을 드시다가 다시마식초를 넣으면 다른느낌의 국물맛을 느끼실 수 있습니다.",24.11.2.토
1541,672480c980f389b0dfbdfa49,텍스트·콘텐츠형,,"넘모 맛있어서 또 왔습니다..
해장킹 태안바지락해장국 찐리👍🏻",2026-24-11,2026-24-11,24.11.1.금,24.11.1.금,2,킹킹워누,영수증,음식이 맛있어요 | 재료가 신선해요 | 양이 많아요 | 특별한 메뉴가 있어요 | 가성비가 좋아요,"감사합니다. 
잎으로도 계속 오실수 있게 더욱 노력하겠습니다.",24.11.2.토
1542,6724302524f1bfe92a59e7d8,텍스트·콘텐츠형,,"어제 과음 후 해장이 생각나서 검색하다가 새로 생겼길래 와봤는데 해장 제대로 했습니다. 
앞으로 해장은 여기로 와야할듯합니다.
국물이 아주 시원~~허니 얼큰~~허니 끝내줘유~~~",2026-24-11,2026-24-11,24.11.1.금,24.11.1.금,1,ijoonho,영수증,음식이 맛있어요 | 특별한 메뉴가 있어요 | 반찬이 잘 나와요 | 메뉴 구성이 알차요 | 매장이 넓어요,"감사합니다
자주 찾아와주세요~",24.11.2.토
1543,6723249cc394018ded40bf78,텍스트·콘텐츠형,,세상에 먹어본적 없는 신박한 해장국 등장! 매콤한 국물에 바지락 가득 들었는데 십년전 먹은 술이 깰 정도로 국물이 끝내줘요. 가오픈때 갔는데 곧 태안 명물 되는거 시간문제일듯요? 고기완자전은 바지락이 들어있어서 쫄깃한 식감이 일품이에요. 바지락장이랑 낙지젓갈도 함께 주시는데다 곤드래밥은 리필도 가능해서 배터지게 잘 먹고 갑니다,2026-24-10,2026-24-10,24.10.31.목,24.10.31.목,1,뷰티송송,영수증,음식이 맛있어요 | 재료가 신선해요 | 양이 많아요 | 특별한 메뉴가 있어요 | 친절해요,"감사합니다.
십년전 술이 깰정도라니 넘 감동적이네요~ 
자주 자주 들려주세요",24.11.2.토
1544,67232450b237d5532d8fe461,텍스트·콘텐츠형,,"전날 과음으로 속을 좀 달래기위해 해장국집 검색해서 보다가 왔는데, 여기서 바지락해장국먹고 한잔 더했어요... 두번오세여 아니 열번오세여...🤔
진짜 최고👍🏻👍🏻",2026-24-10,2026-24-10,24.10.31.목,24.10.31.목,2,hdh****,영수증,음식이 맛있어요 | 재료가 신선해요 | 특별한 메뉴가 있어요 | 인테리어가 멋져요 | 매장이 넓어요,"감사합니다. 
해장엔 바지락. 
바지락해징국은 태안바지릭해장국이죠?",24.11.2.토
1545,6723240b676c980b45b8cc68,텍스트·콘텐츠형,,진짜 너무 맛있어서 술 마시고 싶어졌어요❣️ 시원한 국물이 너무 일품이라 집에 포장해가고 싶어요😍 해장에 진심인 곳👍,2026-24-10,2026-24-10,24.10.31.목,24.10.31.목,1,이슈631,영수증,음식이 맛있어요 | 재료가 신선해요 | 양이 많아요 | 특별한 메뉴가 있어요 | 건강한 맛이에요,"감사합니다. 
해장 하실일 있으면 꼭 방문해주세요~",24.11.2.토
1546,672325c8b8d4caf8b4e47eb0,텍스트·콘텐츠형,,"어제 술을 먹은 저를 칭찬했습니다..
태안바지락해장국을 맛보고 나서요. 

앞으로 태안 올 이유가 하나 더 생겼네요
새로 오픈한 것 같은데 내 장소 저장 바로 완료🧡",2026-24-10,2026-24-10,24.10.31.목,24.10.31.목,1,킹킹워누,영수증,음식이 맛있어요 | 특별한 메뉴가 있어요 | 매장이 넓어요 | 혼밥하기 좋아요 | 단체모임 하기 좋아요,"감사합니다 
태안은 골프나 낚시 해수욕장 사구등 볼게 많아서 자주 뵐수 있겠네요
또 들려주세요",24.11.2.토
1547,67233b53e54cf2f16bd848bb,텍스트·콘텐츠형,,"태안에 여행중 우연히 발견한 신상맛집 이에요.바지락이 태안에서 유명한건 다들 아시죠?
여기는 얼큰한 국물 베이스에 바지락 해장국입니다.일단 칼칼하니 해장으로 딱 입니다.
맛도 최고고 바지락의 시원함에 더불어 왜 이집이 해장의 성지라고 하는지 알겠더라고요.
밑반찬으로 나온 바지락장도 신선했어요.매장 주차도 편하고 태안오실일 있으면 꼭 드셔보세요.
추천의사 만프로 재방문 의사 백만프로 입니다~^^",2026-24-10,2026-24-10,24.10.31.목,24.10.31.목,1,목포 다점포왕의 맛집 탐험기,영수증,음식이 맛있어요 | 특별한 메뉴가 있어요 | 가성비가 좋아요 | 매장이 넓어요 | 친절해요,"저희 해장국의 시원 칼칼함을 알아주셔서 감사합니다. 
해장국 외에도 기본찬도 신경을 많이 쓰고 있습니다.",24.11.2.토
1548,6723d03ae90cee2d6279c324,텍스트·콘텐츠형,,"주자창이 넖습니다
가게앞 뿐만 아니라 바로옆까지 넉넉했습니다
원조바지락이라는 말이 의아했는데
바지락해장국을 보고
바로 이해했습니다.
깔끔하게 반찬까지  1인분씩 각각 나오는게
익숙하고 좋아해서 그런지 바지락 해장국 첫인상부터 좋았습니다 
얼큰한해장국들은 단순해서
 맛을 예상하기 쉬울줄 알았는데
.
듬뿍넣은바지락과 시래기 조합의 해장국
비싼참기름이 코팅된 시래기밥
바지락장
낙지젓갈
석박지 
주문한 바지락완자까지
첫인상이 좋은 해장국이었습니다
.
든든한 뭔가 없을까 하는분들을 위해
.바지락완자는 충분했고 맛이 좋았습니다
고급평양냉면 집에 있는 다시마 식초도 반가웠습니다 
취향에따라 얼큰한맛이 중화도 될 수 있고...
단맛이 별로 없는 다시마 식초라 아주 좋았습니다 
화끈하게 해장되는 해장국성지 태안맛집.",2026-24-11,2026-24-10,24.11.1.금,24.10.31.목,1,당산오돌 영등포본점 이승철,결제내역,음식이 맛있어요 | 재료가 신선해요 | 특별한 메뉴가 있어요 | 친절해요 | 주차하기 편해요,"감사합니다. 
앞으로도 신선한 재료와 맛으로 든든한 해장국이
될 수 있게 노력하겠습니다.",24.11.2.토
1549,672325072ffce55cfd9c16f6,텍스트·콘텐츠형,,오늘 개업식이네요.얼큰한 국물맛과 바지락맛이 기막히게 맛있네요.대박나세요,2026-24-10,2026-24-10,24.10.31.목,24.10.31.목,1,재즈리,영수증,음식이 맛있어요 | 재료가 신선해요 | 특별한 메뉴가 있어요 | 매장이 넓어요 | 친절해요,"감사합니다. 
가오픈후 첫 개업날 오셨군요. 
맛있게 드셔주셔서 감사합니다",24.11.2.토
1550,6723380b73eead8275c79981,텍스트·콘텐츠형,,"사골로 끓인 태안 바지락으로 만든 해장국이라 와봤는데, 인생 해장국을 만났습니다💗💗💗 매콤한맛도 딱이라서 태안 여행와서 한끼는 여기로 올것같아용><!!",2026-24-10,2026-24-10,24.10.31.목,24.10.31.목,1,페아라플라워S2조경,영수증,음식이 맛있어요 | 재료가 신선해요 | 양이 많아요 | 매장이 넓어요 | 매장이 청결해요,"감사합니다. 
태안에 골프장도 많고 놀거리가 많아요
자주 들려주세요",24.11.2.토
1551,672324a139470cfcaab31edf,텍스트·콘텐츠형,,"친구들이랑 태안 여행와서 전날 과음하고 우연히 들른곳~
새로 오픈한데라서 별로겠다 했더니만 숙취풀려서 술 또마실 뻔!!
바지락이 가득 들어가서 국물이 얼큰시원 장난없네요~
특히 밥이 특별해요 참기름향이나는 고소한 곤드레밥은 찐입니다.
심지어 곤드레밥은 #무한리필  !!!  이란 개이득 템!!
고기완자도 같이 시켜서 먹었는데 이조합 찐입니다!!

같이 주는 젓갈도  비싼 낙지젓이에요
사장님 이리팔아서  뭐 남으시는지?
태안 오면 저장했다가 또 와야겠어요!!",2026-24-10,2026-24-10,24.10.31.목,24.10.30.수,1,라이프민02,영수증,음식이 맛있어요 | 재료가 신선해요 | 양이 많아요 | 가성비가 좋아요 | 단체모임 하기 좋아요,"감사합니다. 
해장 잘 하셨다니 뿌듯하네요. 
저희 시래기밥은 무한리필입니다. 
속도 풀고 속도 채우고 가셔요~",24.11.2.토
1552,6722fbb7ded4d4724732f78f,텍스트·콘텐츠형,,"새로운 메뉴라 반신반의했는데,
적당히 칼칼, 진한 바지락국물, 푸짐한 바지락인심, 부드러운 시레기까지, 심지어 밥도 시레기밥이네요.
정신없이 들이키고, 바지락 까먹다보니.
어느새 빈그릇.
.
부모님 모시고, 또 올래요!!!",2026-24-10,2026-24-10,24.10.31.목,24.10.30.수,1,은준파더,영수증,음식이 맛있어요 | 재료가 신선해요 | 양이 많아요 | 특별한 메뉴가 있어요 | 가성비가 좋아요,감사합니다. 시래기 밥은 추가로 더 드리니 다음에도 찾아주세요~,24.11.1.금
1553,6722fc534fc506d2f792a1f2,텍스트·콘텐츠형,,"생전 처음 먹어본 바지락해장국~~
깊은 국물에 시래기와 바지락이 한가득!!!
해장은 물론이고 다시 술을 부르는 깊은 맛.

무조건 바지락고기완자 추가해서 드세요~
조합이 기가 막힙니다!!

태안에 가신다면 무조건 들러야할,
일부러라도 가서 맛보셔야할 해장국 성지입니다~~",2026-24-10,2026-24-10,24.10.31.목,24.10.30.수,1,천창성,영수증,음식이 맛있어요 | 재료가 신선해요 | 양이 많아요 | 가성비가 좋아요 | 매장이 넓어요,"감사합니다. 
바지락해장국에 바지락고기완자는 정말 궁합이 잘 맞죠
다음에 또 해장히러 오세요",24.11.1.금
1554,672315b373eead8275b110de,텍스트·콘텐츠형,,"비즈미팅으로 내려가던길 눈길을 끄는 현수막 보고들어간집

간단히 먹는 점심인데

신기한 메뉴에, 푸짐한 양, 그리고 결정적 맛까지

태안,서산 리얼 맛집으로 찜",2026-24-10,2026-24-10,24.10.31.목,24.10.30.수,1,olosapa,영수증,음식이 맛있어요 | 양이 많아요 | 특별한 메뉴가 있어요 | 매장이 넓어요 | 주차하기 편해요,"오픈한지 얼마안되서 현수막으로 홍보하고 있는데 
다행이네요

맛있게 드셨다니 감사합니다.",24.11.1.금
1555,67245f7ff0545b4f5de35d26,텍스트·콘텐츠형,,"얼큰바지락해장국에 시레기가 들어가 있어서 좋았습니다
맛있고 양도 많아서 좋았어요
고기완자는 거의 돈가스 사이즈 엉청크고 푸짐해요 맛도 좋고요~~👍👍
다음에 다시 방문할께요",2026-24-11,2026-24-10,24.11.1.금,24.10.30.수,1,지우뚱이,영수증,음식이 맛있어요 | 재료가 신선해요 | 양이 많아요 | 친절해요 | 매장이 청결해요,"감사합니다. 
든든하고 맛있는 한끼로 보답하겠습니다.",24.11.2.토
1556,67415806f4f81427b7b35c99,텍스트·콘텐츠형,,"해장국이라고 해서 큰 기대 안하고 갔는데 바지락도 많이 들어있고 좋아하는 시래기까지 많이 들어있어서 넘 맛있게 먹고 왔어요.^^
일행들과 곧 또 가기로했어요.",2026-24-11,2026-24-10,24.11.23.토,24.10.30.수,1,바다가되고싶은비,영수증,음식이 맛있어요 | 매장이 넓어요 | 친절해요 | 매장이 청결해요 | 주차하기 편해요,"감사합니다. 
자주 방문 부탁드려요~",24.11.23.토
1557,671d958684f1959360023a36,텍스트·콘텐츠형,,바지락해장국 진짜 따봉이예요! 너무너무 맛있고 솔직히 술도 안먹었는데 해장되는 느낌이구 무엇보다 제가 먹은 해장국중에 제일 맛있었어요👍👍 제 인생 해장국🫶🫶,2026-24-10,2026-24-10,24.10.27.일,24.10.27.일,1,Ann1599,영수증,음식이 맛있어요 | 양이 많아요 | 특별한 메뉴가 있어요 | 친절해요 | 매장이 청결해요,"감사합니다. 
앞으로도 해장하러 외주세요",24.11.1.금
1558,67244b6174443d02ad822614,텍스트·콘텐츠형,,"여행 마치고 서울 가기 전 한그릇 먹고 갑니다 ~~
진짜 대박났으면 좋겠다 ㅜㅜ ❤️❤️",2026-24-11,2026-24-10,24.11.1.금,24.10.25.금,1,hdh****,영수증,인테리어가 멋져요 | 혼밥하기 좋아요 | 단체모임 하기 좋아요 | 음식이 맛있어요 | 양이 많아요,"감사합니다. 
태안 오실일 있으면 또 방문해주세요",24.11.2.토
1559,671881e817c707d52b509721,텍스트·콘텐츠형,,"해장 하러갔다가 소주 더먹었어요^^
역시 해장의성지네요",2026-24-10,2026-24-10,24.10.23.수,24.10.23.수,1,gaz1226,영수증,음식이 맛있어요 | 특별한 메뉴가 있어요 | 매장이 넓어요 | 혼밥하기 좋아요 | 컨셉이 독특해요,"감사합니다. 
해장엔 역시~ 바지릭이죠~ 
디음에도 해장하러 와주세요 
감사합니다.",24.11.1.금
1560,6715aac94d7e05b80a81cea2,텍스트·콘텐츠형,,"하루에 30그릇 한정이라는 바지락내장탕
곱창이랑 양 어쩔거야~~
빨리 포장 택배 되면 좋겠다!!
다 먹이고 싶은맛~♡♡
배고파🥹",2026-24-10,2026-24-10,24.10.21.월,24.10.20.일,2,멜랑콜리커,영수증,음식이 맛있어요 | 양이 많아요 | 특별한 메뉴가 있어요 | 가성비가 좋아요 | 인테리어가 멋져요,"이틀 연속 방문해주시고 정말 감사합니다.
오늘은 바지락내장탕을 드셨네요. 
맛있게 드신것 같아 행복합니다",24.10.23.수
1561,67171beac7043291d01386dc,텍스트·콘텐츠형,,"12000원에. 바지락 가득. 
그리고 시래기밥 무한 리필. 

밥 도둑 바지락 장. 

이건뭐 최고!!

태안 서산 골프장 갈때나 낚시 갈때 들르기 좋아요. 
주차장도 넓고 편해요. 

태안 서산 안면도 여행 갈 때 강추에요!!!

해장의 성지라는 단어가 딱입니다!",2026-24-10,2026-24-10,24.10.22.화,24.10.20.일,1,즐거운디자이너,영수증,단체모임 하기 좋아요 | 음식이 맛있어요 | 재료가 신선해요 | 가성비가 좋아요 | 커피가 맛있어요,"감사합니다. 
열심히 준비한 보람이 있네요
자주 찾아주시면 더 맛있게 끓여드리겠습니다.",24.10.23.수
1562,6714639b73b42847bdbb1dc6,텍스트·콘텐츠형,,"진짜 맛있어~~♡♡♡♡♡
이거 먹으러 태안 자주올 듯!!!",2026-24-10,2026-24-10,24.10.20.일,24.10.19.토,1,멜랑콜리커,영수증,음식이 맛있어요 | 재료가 신선해요 | 양이 많아요 | 특별한 메뉴가 있어요 | 가성비가 좋아요,"정말 맛있게 드신거 같아 너무 너무 감사합니다.
너무 깨끗하게 완뚝해주셔서 감동이네요~
자주 오세요~감사합니다",24.10.23.수
1563,69475325a34068f6468c954b,텍스트·콘텐츠형,,밥도마싯고 양도많고 아기 의자도 있고 매장도 엄청 넓고 좋아요 ~ 사장님도 친절하시고요 최고에요 ❤️,2026-25-12,2026-21-12,25.12.21.일,21.12.21.화,1,푸딩쩰,영수증,음식이 맛있어요 | 재료가 신선해요 | 양이 많아요 | 인테리어가 멋져요 | 매장이 넓어요,,
1564,67fb2a978b2fe94dfbdbe94a,텍스트·콘텐츠형,,"진정한 해장국 맛집입니다
꼭 추천합니다^^",2026-25-04,2026-20-06,25.4.13.일,20.6.13.토,1,발랄깜찍이,영수증,매장이 넓어요 | 음식이 맛있어요 | 재료가 신선해요 | 특별한 메뉴가 있어요 | 메뉴 구성이 알차요,,
1565,6a825ed6cd94c2e7262439f1,키워드·별점형,4.5,,,2026-08-17,,8.17.ì,1,,ììì¦,ììì´ ë§ìì´ì | ì¬ë£ê° ì ì í´ì | ë§¤ì¥ì´ ëì´ì | ì£¼ì°¨íê¸° í¸í´ì,,
1566,6a8126278736d67fe4aa62e2,키워드·별점형,5,,,2026-08-16,,8.16.ì¼,1,,ììì¦,ììì´ ë§ìì´ì | ì¬ë£ê° ì ì í´ì | ë§¤ì¥ì´ ëì´ì | ì¹ì í´ì,,
1567,6a7a87892e7648b478ef1e3e,키워드·별점형,5,,,2026-08-11,,8.11.í,1,,ììì¦,ì¬ë£ê° ì ì í´ì | ë§¤ì¥ì´ ëì´ì | ì¹ì í´ì,,
1568,6a76b58f04d6a8f9e523aabc,키워드·별점형,5,,,2026-08-08,,8.8.í ,1,,ììì¦,ììì´ ë§ìì´ì | ì¬ë£ê° ì ì í´ì | ì¹ì í´ì,,
1569,6a6969db64b9138d9a246eef,키워드·별점형,5,,,2026-07-29,,7.29.ì,1,,ììì¦,ììì´ ë§ìì´ì,,
1570,6a657326cdf690bcf6d60efd,키워드·별점형,4.5,,,2026-07-26,,7.26.ì¼,1,,ììì¦,ììì´ ë§ìì´ì | ì¬ë£ê° ì ì í´ì | ìì´ ë§ìì | ê°ì±ë¹ê° ì¢ìì | í¹ë³í ë©ë´ê° ìì´ì,,
1571,6a65692c5e4e046cfda3dab2,키워드·별점형,5,,,2026-07-26,,7.26.ì¼,1,,ììì¦,ììì´ ë§ìì´ì | ì¬ë£ê° ì ì í´ì | ìì´ ë§ìì,,
1572,6a54548dd9e08772790b24b1,키워드·별점형,4.5,,,2026-07-13,,7.13.ì,1,,ììì¦,ììì´ ë§ìì´ì | ì¬ë£ê° ì ì í´ì | ìì´ ë§ìì | ë§¤ì¥ì´ ëì´ì | ë§¤ì¥ì´ ì²­ê²°í´ì,,
1573,6a4dd1f7d6ab58fc9f95a343,키워드·별점형,4,,,2026-07-08,,7.8.ì,2,,ììì¦,ììì´ ë§ìì´ì | ìì´ ë§ìì | ì¬ë£ê° ì ì í´ì | ë§¤ì¥ì´ ëì´ì | ì¹ì í´ì,,
1574,6a4db364d197c0dcad23a759,키워드·별점형,5,,,2026-07-08,,7.8.ì,2,,ììì¦,ììì´ ë§ìì´ì | ì¬ë£ê° ì ì í´ì | ê°ì±ë¹ê° ì¢ìì | ë§¤ì¥ì´ ëì´ì | ì¹ì í´ì,,
1575,6a30d0d2512fdbf7930fdf77,키워드·별점형,4.5,,2026-06-16,2026-06-16,6.16.화,6.16.화,1,TiAMo,영수증,음식이 맛있어요 | 매장이 넓어요 | 혼밥하기 좋아요,,
1576,6a13d3d64bbb62a0cf26516f,키워드·별점형,4.5,,2026-05-25,2026-05-25,5.25.월,5.25.월,1,kar****,영수증,음식이 맛있어요 | 재료가 신선해요 | 양이 많아요,,
1577,6a127c629557c3c1b32d1272,키워드·별점형,5,,2026-05-24,2026-05-24,5.24.일,5.24.일,1,승민75,영수증,음식이 맛있어요 | 매장이 청결해요,"안녕하세요, 태안바지락해장국입니다.
저희 매장에 소중한 발걸음 해주시고 좋은 리뷰를 남겨주셔서 정말 감사합니다!
언제 방문하셔도 한결같이 시원하고 개운한 국물과 따뜻한 정성으로 보답하겠습니다. 
즐거운 태안 여행길에 기분 좋은 한 끼가 되었기를 바라며, 다음에도 꼭 다시 들러주세요. 감사합니다!",6.25.목
1578,6a12648f91b63c95ae267514,키워드·별점형,5,,2026-05-24,2026-05-24,5.24.일,5.24.일,1,김석연12,영수증,음식이 맛있어요 | 재료가 신선해요 | 특별한 메뉴가 있어요 | 메뉴 구성이 알차요,,
1579,6a1141243332040211521875,키워드·별점형,4.5,,2026-05-23,2026-05-23,5.23.토,5.23.토,1,ful****,영수증,음식이 맛있어요 | 재료가 신선해요 | 양이 많아요,,
1580,6a0d31623769ebcb4fd54267,키워드·별점형,5,,2026-05-20,2026-05-20,5.20.수,5.20.수,1,맛있하루,영수증,음식이 맛있어요 | 친절해요 | 주차하기 편해요,"안녕하세요, 태안바지락해장국입니다!
저희 매장을 방문해 주시고 기분 좋은 후기 남겨주셔서 진심으로 감사드립니다! 언제 방문해 주셔도 늘 한결같이 깔끔하고 시원한 국물 맛을 느끼실 수 있도록 신선한 바지락과 좋은 재료로 정성을 다해 끓여내겠습니다. 든든하게 속 풀고 싶으실 때나 시원한 국물이 생각나실 때 언제든 편하게 또 들러주세요. 항상 친절하고 맛있는 한 그릇으로 보답하겠습니다. 즐거운 하루 보내세요! 감사합니다!",5.29.금
1581,6a07eda978a953c6125a1a96,키워드·별점형,5,,2026-05-16,2026-05-16,5.16.토,5.16.토,1,petit202,영수증,음식이 맛있어요 | 재료가 신선해요,"안녕하세요, 태안바지락해장국입니다!
저희 가게를 찾아주시고 좋은 평가 남겨주셔서 감사합니다! 
매일 아침 엄선한 싱싱한 바지락으로 국물을 내고 있는데 그 진심을 알아봐 주셨길바랍니다..
언제 오셔도 한결같은 맛으로 보답하겠습니다. 늘 건강하시고 행복하세요!",5.19.화
1582,6a000aafccbb81455fa8a014,키워드·별점형,5,,2026-05-10,2026-05-10,5.10.일,5.10.일,2,이소연9672,영수증,음식이 맛있어요 | 재료가 신선해요,,
1583,6a00002538d6be6297ec9698,키워드·별점형,5,,2026-05-10,2026-05-10,5.10.일,5.10.일,1,냐옹냥이냥,영수증,음식이 맛있어요 | 인테리어가 멋져요 | 친절해요,,
1584,69f6ae0e2c69c295c2536129,키워드·별점형,4.5,,2026-05-03,2026-05-03,5.3.일,5.3.일,1,이지영2017,영수증,음식이 맛있어요 | 재료가 신선해요 | 양이 많아요 | 특별한 메뉴가 있어요 | 현지 맛에 가까워요,,
1585,69ed847ef86ec1401f52ddf2,키워드·별점형,5,,2026-04-26,2026-04-26,4.26.일,4.26.일,1,jaehoon8551,영수증,음식이 맛있어요 | 재료가 신선해요 | 양이 많아요 | 매장이 넓어요 | 혼밥하기 좋아요,,
1586,69d0867d665e7dd714877a92,키워드·별점형,,,2026-04-04,2026-04-04,4.4.토,4.4.토,1,진짜브로코리,영수증,양이 많아요 | 반찬이 잘 나와요 | 특별한 메뉴가 있어요 | 단체모임 하기 좋아요 | 주차하기 편해요,,
1587,69c89debaa7c30f42130eab7,키워드·별점형,,,2026-03-29,2026-03-29,3.29.일,3.29.일,1,꽃피는 봄,영수증,음식이 맛있어요 | 재료가 신선해요,,
1588,69c0a515345a241da629df94,키워드·별점형,,,2026-03-23,2026-03-23,3.23.월,3.23.월,1,kyj****,영수증,음식이 맛있어요,,
1589,69b4b68edf038533206f8e1b,키워드·별점형,,,2026-03-14,2026-03-14,3.14.토,3.14.토,1,올립36,영수증,매장이 넓어요 | 양이 많아요 | 음식이 맛있어요 | 주차하기 편해요,,
1590,69b4b66e9f8ccf06f2acb849,키워드·별점형,,,2026-03-14,2026-03-14,3.14.토,3.14.토,1,미싱도로싱,영수증,음식이 맛있어요 | 재료가 신선해요 | 양이 많아요 | 가성비가 좋아요,,
1591,69a2651cc2b7120a72e2dff2,키워드·별점형,,,2026-02-28,2026-02-28,2.28.토,2.28.토,1,상식이통하는세상,영수증,음식이 맛있어요,,
1592,69a24418a7135b4ee46561ac,키워드·별점형,,,2026-02-28,2026-02-28,2.28.토,2.28.토,1,호주뚜비르,영수증,음식이 맛있어요 | 양이 많아요 | 매장이 넓어요 | 인테리어가 멋져요,,
1593,69969e8359087d6f8bd9d085,키워드·별점형,,,2026-02-19,2026-02-19,2.19.목,2.19.목,1,푸른오월71,영수증,음식이 맛있어요,,
1594,695af84a8bddedbb3d3b2660,키워드·별점형,,,2026-01-05,2026-01-05,1.5.월,1.5.월,2,you****,영수증,음식이 맛있어요 | 재료가 신선해요 | 매장이 넓어요 | 친절해요,,
1595,6958579764aa578e4610af06,키워드·별점형,,,2026-01-03,2026-01-03,1.3.토,1.3.토,3,김기태62,영수증,재료가 신선해요 | 음식이 맛있어요 | 양이 많아요 | 인테리어가 멋져요 | 혼밥하기 좋아요,,
1596,6955e5382b8417b4500b0377,키워드·별점형,,,2026-01-01,2026-01-01,1.1.목,1.1.목,1,cjswldus1138,영수증,음식이 맛있어요 | 재료가 신선해요 | 양이 많아요 | 친절해요,,
1597,6950a05bd71f6b52a572f900,키워드·별점형,,,2026-25-12,2026-25-12,25.12.28.일,25.12.28.일,1,gogumapcs,영수증,음식이 맛있어요 | 재료가 신선해요 | 인테리어가 멋져요 | 매장이 청결해요 | 음식이 빨리 나와요,,
1598,6964fdf04f4f28739cfdb4ef,키워드·별점형,,,2026-01-12,2026-25-12,1.12.월,25.12.24.수,1,Hoa9,영수증,음식이 맛있어요 | 재료가 신선해요 | 친절해요 | 매장이 청결해요,,
1599,694770266cd944ece92bebf4,키워드·별점형,,,2026-25-12,2026-25-12,25.12.21.일,25.12.21.일,1,yoon6,영수증,음식이 맛있어요 | 인테리어가 멋져요 | 매장이 넓어요,,
1600,6947527a478a4890e104ba1e,키워드·별점형,,,2026-25-12,2026-25-12,25.12.21.일,25.12.21.일,2,ccw****,영수증,음식이 맛있어요 | 재료가 신선해요 | 친절해요 | 주차하기 편해요 | 매장이 청결해요,,
1601,69473e01e391e9190c2b4e28,키워드·별점형,,,2026-25-12,2026-25-12,25.12.21.일,25.12.21.일,1,la****,영수증,음식이 맛있어요 | 재료가 신선해요 | 매장이 넓어요 | 주차하기 편해요 | 매장이 청결해요,,
1602,69496c72baabf3109f4dd5cd,키워드·별점형,,,2026-25-12,2026-25-12,25.12.23.화,25.12.20.토,1,시크마뇨,영수증,음식이 맛있어요,,
1603,691aa1d4bf493cc29ef655ba,키워드·별점형,,,2026-25-11,2026-25-11,25.11.17.월,25.11.17.월,1,박민수6,영수증,음식이 맛있어요,,
1604,6919553d6a9eaae880bbc099,키워드·별점형,,,2026-25-11,2026-25-11,25.11.16.일,25.11.16.일,1,피아노의숲30,영수증,음식이 맛있어요 | 양이 많아요 | 주차하기 편해요 | 매장이 청결해요 | 친절해요,,
1605,6919458c8905fca17e0694a1,키워드·별점형,,,2026-25-11,2026-25-11,25.11.16.일,25.11.16.일,1,코끼리빤스,영수증,음식이 맛있어요 | 재료가 신선해요 | 인테리어가 멋져요 | 매장이 넓어요 | 혼밥하기 좋아요,,
1606,690c3fadc42107d722930faf,키워드·별점형,,,2026-25-11,2026-25-10,25.11.6.목,25.10.25.토,1,200****,영수증,음식이 맛있어요 | 특별한 메뉴가 있어요 | 친절해요 | 매장이 청결해요,,
1607,68fc0ba854e0940c83add117,키워드·별점형,,,2026-25-10,2026-25-10,25.10.25.토,25.10.25.토,1,세미믜프리다이빙,영수증,음식이 맛있어요 | 재료가 신선해요 | 특별한 메뉴가 있어요,,
1608,68f431fd9130aab5e0ad1aba,키워드·별점형,,,2026-25-10,2026-25-10,25.10.19.일,25.10.19.일,1,황소개구리23,영수증,음식이 맛있어요 | 재료가 신선해요 | 매장이 넓어요 | 친절해요,,
1609,68ede20504ebf69ee5b09831,키워드·별점형,,,2026-25-10,2026-25-10,25.10.14.화,25.10.14.화,1,120****,영수증,음식이 맛있어요 | 재료가 신선해요 | 매장이 넓어요 | 혼밥하기 좋아요 | 주차하기 편해요,,
1610,68f41ef6be8a0cc151c99929,키워드·별점형,,,2026-25-10,2026-25-10,25.10.19.일,25.10.11.토,1,밍5649,영수증,가성비가 좋아요,,
1611,68e9c4698c18885bb55c5ef8,키워드·별점형,,,2026-25-10,2026-25-10,25.10.11.토,25.10.11.토,1,솜다리58,영수증,음식이 맛있어요,,
1612,68e72c2a0bbdb0a2f5a9aa50,키워드·별점형,,,2026-25-10,2026-25-10,25.10.9.목,25.10.9.목,1,tntjr5015,영수증,음식이 맛있어요 | 재료가 신선해요 | 양이 많아요 | 특별한 메뉴가 있어요,,
1613,68e5e2f1f2b1b14a6c30a174,키워드·별점형,,,2026-25-10,2026-25-10,25.10.8.수,25.10.8.수,1,hohuhu,영수증,재료가 신선해요 | 음식이 맛있어요,,
1614,68df3ff8b8730220277a0ef7,키워드·별점형,,,2026-25-10,2026-25-10,25.10.3.금,25.10.3.금,1,ghghqkdl,영수증,음식이 맛있어요 | 재료가 신선해요 | 양이 많아요 | 친절해요,,
1615,68c76c06aff4611368d6b1e1,키워드·별점형,,,2026-25-09,2026-25-09,25.9.15.월,25.9.15.월,1,야구광473,영수증,음식이 맛있어요 | 재료가 신선해요 | 단체모임 하기 좋아요,,
1616,68c647d913dee677ed19d6ae,키워드·별점형,,,2026-25-09,2026-25-09,25.9.14.일,25.9.14.일,1,shi****,영수증,음식이 맛있어요 | 양이 많아요 | 가성비가 좋아요 | 재료가 신선해요 | 매장이 넓어요,,
1617,68c39434544d2cd8a2260788,키워드·별점형,,,2026-25-09,2026-25-09,25.9.12.금,25.9.12.금,1,sam****,영수증,음식이 맛있어요 | 재료가 신선해요 | 인테리어가 멋져요 | 매장이 넓어요,,
1618,688ebea6bb3b079aa7fd8e35,키워드·별점형,,,2026-25-08,2026-25-08,25.8.3.일,25.8.3.일,1,m0****,영수증,음식이 맛있어요 | 재료가 신선해요 | 가성비가 좋아요,,
1619,688564808420069d03ed5e76,키워드·별점형,,,2026-25-07,2026-25-07,25.7.27.일,25.7.27.일,2,김기태62,영수증,음식이 맛있어요,,
1620,68748494738a2628ed82f917,키워드·별점형,,,2026-25-07,2026-25-07,25.7.14.월,25.7.14.월,1,rmeo339,영수증,음식이 맛있어요 | 재료가 신선해요 | 특별한 메뉴가 있어요 | 매장이 넓어요 | 매장이 청결해요,,
1621,6869bb12a49383e56f10620a,키워드·별점형,,,2026-25-07,2026-25-07,25.7.6.일,25.7.6.일,1,이쁜이2921,영수증,음식이 맛있어요 | 재료가 신선해요,,
1622,685f68803a29426faddcac65,키워드·별점형,,,2026-25-06,2026-25-06,25.6.28.토,25.6.28.토,1,wog****,영수증,음식이 맛있어요 | 재료가 신선해요,,
1623,685e17b4f38a6f83ab9254b0,키워드·별점형,,,2026-25-06,2026-25-06,25.6.27.금,25.6.27.금,1,sj76sj,영수증,음식이 맛있어요 | 재료가 신선해요 | 특별한 메뉴가 있어요 | 인테리어가 멋져요,,
1624,685a2d122559bdbd92fafa35,키워드·별점형,,,2026-25-06,2026-25-06,25.6.24.화,25.6.24.화,1,몽상가7028,영수증,음식이 맛있어요 | 재료가 신선해요 | 특별한 메뉴가 있어요 | 컨셉이 독특해요,,
1625,6854cbd2079170ab49d2a79d,키워드·별점형,,,2026-25-06,2026-25-06,25.6.20.금,25.6.20.금,1,wjd****,결제내역,음식이 맛있어요 | 재료가 신선해요 | 특별한 메뉴가 있어요,,
1626,68426faab5582e475bee8c96,키워드·별점형,,,2026-25-06,2026-25-06,25.6.6.금,25.6.6.금,1,곰돌엄마39,영수증,음식이 맛있어요 | 재료가 신선해요 | 양이 많아요 | 특별한 메뉴가 있어요 | 인테리어가 멋져요,,
1627,683fc1c2d52ceeb2f0cd776d,키워드·별점형,,,2026-25-06,2026-25-06,25.6.4.수,25.6.4.수,1,yac****,영수증,친절해요 | 음식이 맛있어요 | 재료가 신선해요,,
1628,683904646dfd04d3c5dec089,키워드·별점형,,,2026-25-05,2026-25-05,25.5.30.금,25.5.30.금,1,Even so72,영수증,음식이 맛있어요 | 양이 많아요,,
1629,6832558f55251c89ac9361b8,키워드·별점형,,,2026-25-05,2026-25-05,25.5.25.일,25.5.25.일,1,사랑모아84,영수증,음식이 맛있어요 | 인테리어가 멋져요 | 매장이 넓어요 | 친절해요 | 매장이 청결해요,,
1630,682bed640a1b06481d734090,키워드·별점형,,,2026-25-05,2026-25-05,25.5.20.화,25.5.20.화,1,pis****,영수증,음식이 맛있어요 | 재료가 신선해요,,
1631,6827e0b9b3934db851db86e4,키워드·별점형,,,2026-25-05,2026-25-05,25.5.17.토,25.5.17.토,1,seo****,영수증,특별한 메뉴가 있어요,,
1632,681805cd617f09caebd8916c,키워드·별점형,,,2026-25-05,2026-25-05,25.5.5.월,25.5.5.월,1,sno****,영수증,음식이 맛있어요,,
1633,6815575ccfd0a905defa96de,키워드·별점형,,,2026-25-05,2026-25-05,25.5.3.토,25.5.3.토,1,뿌잉6866,영수증,음식이 맛있어요,,
1634,681448a1b33d58e2bf6b91bf,키워드·별점형,,,2026-25-05,2026-25-05,25.5.2.금,25.5.2.금,1,냥냥이2437,영수증,음식이 맛있어요 | 재료가 신선해요 | 양이 많아요 | 특별한 메뉴가 있어요 | 인테리어가 멋져요,,
1635,68156d36528b1f7665d86da1,키워드·별점형,,,2026-25-05,2026-25-05,25.5.3.토,25.5.2.금,1,huf****,영수증,음식이 맛있어요 | 재료가 신선해요 | 특별한 메뉴가 있어요 | 건강한 맛이에요 | 매장이 넓어요,,
1636,68119c32fdb8112c7d265b9f,키워드·별점형,,,2026-25-04,2026-25-04,25.4.30.수,25.4.30.수,2,니크네이므78,영수증,매장이 넓어요 | 혼밥하기 좋아요 | 음식이 맛있어요 | 양이 많아요 | 특별한 메뉴가 있어요,,
1637,68116c290282fd1966633284,키워드·별점형,,,2026-25-04,2026-25-04,25.4.30.수,25.4.30.수,1,dlc****,영수증,음식이 맛있어요 | 재료가 신선해요 | 양이 많아요 | 특별한 메뉴가 있어요,,
1638,68046b564843ec7d159c760b,키워드·별점형,,,2026-25-04,2026-25-04,25.4.20.일,25.4.20.일,1,니크네이므78,영수증,음식이 맛있어요 | 재료가 신선해요 | 양이 많아요 | 특별한 메뉴가 있어요,,
1639,67fb36c03b5be4e2be41dcf8,키워드·별점형,,,2026-25-04,2026-25-04,25.4.13.일,25.4.13.일,1,momolove2,영수증,음식이 맛있어요 | 특별한 메뉴가 있어요 | 인테리어가 멋져요 | 매장이 넓어요 | 주차하기 편해요,,
1640,67bbe9fcee8133fd5594ba82,키워드·별점형,,,2026-25-02,2026-25-02,25.2.24.월,25.2.24.월,1,aba****,영수증,음식이 맛있어요 | 양이 많아요 | 화장실이 깨끗해요,,
1641,67b94ee66d6e853b7d362154,키워드·별점형,,,2026-25-02,2026-25-02,25.2.22.토,25.2.22.토,1,콘소메팝콘16623,영수증,친절해요 | 주차하기 편해요 | 매장이 넓어요 | 음식이 맛있어요 | 양이 많아요,,
1642,679da2563e014806e6471331,키워드·별점형,,,2026-25-02,2026-25-02,25.2.1.토,25.2.1.토,1,준석맘15,영수증,음식이 맛있어요 | 재료가 신선해요 | 특별한 메뉴가 있어요 | 인테리어가 멋져요 | 매장이 넓어요,,
1643,6795e54e50e3fc7b37a36c21,키워드·별점형,,,2026-25-01,2026-25-01,25.1.26.일,25.1.26.일,1,oop****,영수증,음식이 맛있어요 | 인테리어가 멋져요 | 매장이 넓어요 | 친절해요 | 매장이 청결해요,,
1644,678d917cfedb20ae08d15afc,키워드·별점형,,,2026-25-01,2026-25-01,25.1.20.월,25.1.20.월,1,asd****,영수증,음식이 맛있어요,,
1645,6789c7b8cd4678697a62c4a9,키워드·별점형,,,2026-25-01,2026-25-01,25.1.17.금,25.1.17.금,1,lar****,영수증,음식이 맛있어요 | 양이 많아요 | 재료가 신선해요 | 친절해요 | 매장이 청결해요,,
1646,6784a2db92cbe2a33291e9e9,키워드·별점형,,,2026-25-01,2026-25-01,25.1.13.월,25.1.13.월,1,자스민4222,영수증,음식이 맛있어요 | 재료가 신선해요,,
1647,677b5ce6cbcf9d08925ef87a,키워드·별점형,,,2026-25-01,2026-25-01,25.1.6.월,25.1.6.월,1,이스라펠614,영수증,음식이 맛있어요 | 양이 많아요 | 인테리어가 멋져요 | 매장이 넓어요 | 친절해요,,
1648,67732c754567fa60aead6824,키워드·별점형,,,2026-24-12,2026-24-12,24.12.31.화,24.12.31.화,1,JM interiordesign,영수증,음식이 맛있어요 | 인테리어가 멋져요 | 매장이 넓어요 | 뷰가 좋아요,,
1649,677217ea8543290437e16a3b,키워드·별점형,,,2026-24-12,2026-24-12,24.12.30.월,24.12.30.월,1,new****,영수증,음식이 맛있어요 | 인테리어가 멋져요 | 매장이 넓어요 | 친절해요 | 매장이 청결해요,,
1650,6749448267431c8305774891,키워드·별점형,,,2026-24-11,2026-24-11,24.11.29.금,24.11.29.금,1,꽃피는겨울23,영수증,음식이 맛있어요 | 재료가 신선해요 | 인테리어가 멋져요 | 매장이 넓어요 | 혼밥하기 좋아요,맛있게 드셨죠? 감사합니다.,24.12.2.월
1651,673eb90facf7b20c758f17b9,키워드·별점형,,,2026-24-11,2026-24-11,24.11.21.목,24.11.21.목,1,그린파파야99,영수증,음식이 맛있어요 | 재료가 신선해요 | 양이 많아요 | 친절해요 | 매장이 넓어요,"감사합니다. 
신산한 재료로 준비해드립니다.",24.11.23.토
